gene,logFC_CON_vs_CON,logFC_CSRES_vs_CON,logFC_CSSUS_vs_CON,logFC_CURES_vs_CON,logFC_CUSUS_vs_CON
Xkr4,0.0,0.4480001,0.1848925,0.43110728,-0.088884115
Gm1992,0.0,0.3000401,-0.26360235,-0.17619084,-0.1085708
Gm19938,0.0,-0.16150491,-0.11515094,0.14347982,-0.2456367
Rp1,0.0,-0.03449293,-0.059980143,-0.031186122,-0.022026036
Mrpl15,0.0,-0.32703218,-0.11708106,-0.088660695,-0.25632098
Lypla1,0.0,-0.3921593,-0.1829582,-0.04057954,-0.15271461
Tcea1,0.0,-0.035706244,0.06583454,0.017013267,-0.038324445
Rgs20,0.0,-0.032194674,0.260663,0.098986894,-0.04708308
Atp6v1h,0.0,-0.20190673,-0.046001088,-0.10015798,-0.07208893
Oprk1,0.0,-0.10481348,0.057852786,0.04135435,0.15199782
Rb1cc1,0.0,0.10395002,0.2020247,0.0963022,0.15919155
4732440D04Rik,0.0,-0.42749044,-0.27234298,-0.05074791,-0.324544
St18,0.0,0.4585197,0.17597312,0.2813717,0.12453461
Pcmtd1,0.0,-0.05790592,-0.03503924,-0.042599104,0.107397035
Gm26901,0.0,0.05929718,0.073769264,-0.019283943,0.101539396
Sntg1,0.0,0.10302819,-0.03779556,0.26715666,-0.15608427
Rrs1,0.0,0.31069726,0.19594026,0.4955003,0.1692346
Adhfe1,0.0,-0.2291127,-0.050082278,-0.03654998,0.0026260912
2610203C22Rik,0.0,-0.13554563,-0.09475113,-0.1558972,-0.093492255
Vxn,0.0,0.05086771,0.06865456,0.16084549,0.08169917
Mybl1,0.0,0.23661807,-0.020865977,0.2167364,0.2550217
Vcpip1,0.0,-0.005467266,0.08559911,0.13510048,0.22604856
1700034P13Rik,0.0,0.012640506,-0.4193999,-0.0837797,-0.36909473
Sgk3,0.0,-0.083501436,0.06870421,0.119666725,-0.006327361
Mcmdc2,0.0,-0.09286247,-0.0037815068,0.04104502,0.050777186
Snhg6,0.0,0.20756082,-0.17982528,0.09326145,0.13257304
Ppp1r42,0.0,-0.16480054,-0.06854922,-0.06308481,-0.10542387
Cops5,0.0,0.033342194,-0.06183187,0.0053436086,0.015527155
Cspp1,0.0,0.08742702,0.17144677,0.073162705,0.030474126
Arfgef1,0.0,0.06254387,0.07492949,0.050658666,-0.034802943
Cpa6,0.0,-0.10316754,0.06773042,0.008610405,-0.023199603
Prex2,0.0,-0.25857842,0.015012655,-0.09061428,-0.050205473
A830018L16Rik,0.0,-0.026782658,-0.10298925,0.05086122,-0.1342752
Sulf1,0.0,-0.26095966,-0.20957342,-0.096546836,-0.18429649
Slco5a1,0.0,0.09638266,0.061667033,0.06821069,0.13013615
Ncoa2,0.0,0.0022542477,0.05878027,0.14890005,-0.05012632
Gm29570,0.0,0.100372866,0.0006398745,-0.0011877269,-0.019580573
Tram1,0.0,-0.09924594,-0.0015429817,0.033504546,0.048557684
Lactb2,0.0,0.097314484,0.12787408,0.2811456,0.034946144
Eya1,0.0,0.00891576,-0.053362276,-0.0348874,-0.049640257
Gm9947,0.0,0.033041418,-0.10868732,-0.03949347,0.01532208
Kcnb2,0.0,0.32360232,0.13331068,0.39674774,-0.23428491
Terf1,0.0,-0.117598206,-0.051409196,0.06054518,-0.17545183
Sbspon,0.0,0.11492273,-0.0891753,0.03132221,-0.15535492
4930444P10Rik,0.0,-0.110171914,-0.17164107,-0.16053376,-0.26373407
Rpl7,0.0,0.31749132,0.16948894,0.0029004067,0.15729976
Rdh10,0.0,0.103710115,0.15838796,0.10947151,0.038632922
Stau2,0.0,0.18959726,0.06262461,0.15671495,-0.009754151
Gm7568,0.0,0.018845003,-0.011354726,0.07089462,0.026810594
Ube2w,0.0,-0.13419542,-0.19069333,-0.070544936,-0.010738538
Eloc,0.0,0.28618976,0.24472064,0.044448018,0.17729846
Tmem70,0.0,0.20759165,0.036855213,0.20005074,0.024641767
Ly96,0.0,-0.085337356,-0.25328237,0.011167921,-0.22855312
Gm28376,0.0,-0.0006075214,-0.0483595,-0.18340828,0.036498543
Jph1,0.0,0.019473508,-0.100247554,-0.14339383,-0.20436066
Gdap1,0.0,0.42384744,0.2315927,0.16574636,0.0494792
Gm28154,0.0,0.02930405,-0.0261994,0.0002622269,0.084789425
Gm16070,0.0,-0.17317088,-0.042731497,-0.088756554,-0.096894726
Crispld1,0.0,0.046519015,0.032159645,0.03314706,0.17401949
Gm28153,0.0,-0.073335886,-0.062469102,-0.009453008,-0.033231832
Gm28756,0.0,0.059394665,-0.02946259,0.18334556,0.06134989
Pkhd1,0.0,-0.063189216,-0.08038106,-0.1105273,0.029506875
6720483E21Rik,0.0,0.12481305,0.13688673,0.16934554,0.1583605
Paqr8,0.0,-0.28038278,-0.08182868,-0.30951712,-0.28772032
Efhc1,0.0,0.13443686,-0.3967954,0.4487943,0.065058246
Tram2,0.0,-0.039944466,0.0914678,0.049414314,-0.0116463415
Tmem14a,0.0,0.047732465,0.009947106,-0.110457055,-0.17436036
Gsta3,0.0,0.06532634,-0.030462593,0.05923434,-0.03596367
Gm28836,0.0,0.0959132,0.026512787,0.05796152,-0.019435778
Kcnq5,0.0,0.07465334,-0.054135032,0.36025724,-0.13546237
Rims1,0.0,0.4540577,0.24765907,0.43830177,-0.10855526
Gm29107,0.0,0.1430412,0.30243924,0.02490504,0.1836898
Ogfrl1,0.0,0.23927891,0.26405996,0.048132226,-0.04715337
B3gat2,0.0,0.25052416,0.1322683,0.10146238,0.13397947
Smap1,0.0,-0.1584929,-0.072223715,-0.20908368,-0.18501946
Sdhaf4,0.0,0.12461811,0.058887225,0.01608362,0.121918924
Fam135a,0.0,0.056703098,0.07134183,0.17814635,0.07266397
Col9a1,0.0,0.089742735,-0.0018637031,0.01982107,0.084531575
Col19a1,0.0,-0.0083409855,-0.0719353,-0.020841867,0.016961042
Lmbrd1,0.0,-0.030473799,0.00801488,-0.004818417,0.120716125
Adgrb3,0.0,-0.0112941265,0.052540056,-0.016833067,0.08730781
Phf3,0.0,-0.11243488,-0.10149969,-0.09440458,-0.044730257
Ptp4a1,0.0,0.04081594,-0.06800589,0.111744426,0.015730675
Khdrbs2,0.0,0.15899739,-0.1356041,0.19548498,-0.34108883
Prim2,0.0,0.0512572,-0.105521634,0.08459243,-0.21413589
Rab23,0.0,-0.1030598,-0.09853509,-0.032057643,0.026143111
Bag2,0.0,-0.27871653,-0.31792992,-0.21597189,-0.35937095
Zfp451,0.0,0.15884814,-0.0716345,0.05863569,-0.07751377
Bend6,0.0,0.3569407,0.06109675,-0.19972198,-0.007071145
Dst,0.0,0.09314619,0.13465968,0.14169915,-0.0590719
Gm26788,0.0,0.18371771,-0.14268613,-0.024859617,-0.12051745
Ccdc115,0.0,-0.012953358,-0.005163137,-0.16892558,-0.054571442
Imp4,0.0,0.10591458,0.06856024,0.17994094,-0.019543089
Ptpn18,0.0,0.021529142,0.005775813,0.0263734,0.05402808
Amer3,0.0,-0.108485594,-0.074598715,-0.18301667,-0.052145377
Arhgef4,0.0,-0.16681716,0.08285327,0.016477853,0.037119273
Fam168b,0.0,0.12485955,0.095151454,0.04664909,0.114969574
Plekhb2,0.0,0.0020141825,0.10586259,-0.022023387,-0.003203757
Hs6st1,0.0,-0.22679344,0.1522494,0.18992268,-0.07702717
Uggt1,0.0,0.11997421,0.2639456,0.104201764,-0.046435148
Arid5a,0.0,-0.10493399,-0.08805063,0.06747741,-0.13305719
4930403P22Rik,0.0,-0.32623148,-0.1946947,-0.14557947,-0.11801166
Kansl3,0.0,0.06382431,0.25286072,0.2530433,-0.11712107
Lman2l,0.0,-0.42191464,-0.15017787,-0.2892515,-0.17338428
Cnnm4,0.0,-0.18842795,-0.030021787,0.28522855,0.029868882
Cnnm3,0.0,0.12881924,-0.0056125224,0.11810428,-0.04158941
Ankrd23,0.0,0.16636366,0.07656668,0.0070898533,0.05501452
Ankrd39,0.0,0.13865358,0.18095654,0.17252286,-0.14283314
Sema4c,0.0,0.14550164,0.12617534,0.31608257,-0.067590654
D430040D24Rik,0.0,-0.015839562,0.10876452,0.08346546,-0.08496074
Fam178b,0.0,-0.030984232,0.11224026,-0.038226545,-0.030993225
Cox5b,0.0,0.08632452,0.096676886,-0.19655189,0.2584477
Actr1b,0.0,0.3334576,0.17479783,0.36454982,-0.2539639
4933424G06Rik,0.0,0.022482108,0.062118005,0.06648627,-0.015673775
Gm33533,0.0,0.067040294,-0.04245786,-0.061559808,-0.07154053
Tmem131,0.0,0.12212087,0.1545422,0.20557322,-0.09376991
Gm38115,0.0,-0.08340734,0.318734,0.14439698,0.10693233
Vwa3b,0.0,0.048946276,-0.04071651,-0.08758753,0.039746903
Inpp4a,0.0,0.19339734,0.16426286,0.10852389,0.02977869
Coa5,0.0,0.0052295784,-0.16023128,-0.028933896,0.022479307
Unc50,0.0,-0.009893073,-0.16441123,-0.037958845,-0.18964621
Mgat4a,0.0,0.1895722,0.33160543,0.21379143,0.047440767
2010300C02Rik,0.0,0.22911963,-0.1102728,0.1382119,0.05859668
Tsga10,0.0,-0.040494706,0.011424817,-0.07583867,-0.142269
Gm26805,0.0,-0.07646392,-0.018260363,-0.047355834,0.06088414
Lipt1,0.0,0.026951961,-0.291126,-0.08302027,0.037942365
Mitd1,0.0,0.39670992,0.1313799,0.17881773,-0.16133529
Mrpl30,0.0,0.07077138,0.0920206,-0.3150022,0.12027819
Txndc9,0.0,-0.094790354,-0.049067058,-0.08203498,-0.17098658
Eif5b,0.0,-0.014660334,0.0026771976,-0.2785082,-0.1268659
Rev1,0.0,0.05746021,0.12647988,-0.036898196,-0.015468776
Aff3,0.0,-0.09872022,-0.15257236,-0.12582758,-0.23393115
Gm16150,0.0,0.026031295,0.07503398,0.053329084,-0.07543144
Gm16152,0.0,-0.17653227,-0.0032628253,0.04016912,-0.06808553
Lonrf2,0.0,0.14632727,0.211071,0.18563677,0.01647389
Chst10,0.0,0.23200727,0.27597204,0.14399575,0.0008340925
Pdcl3,0.0,0.05987083,-0.24568692,-0.23169717,-0.21183121
Npas2,0.0,-0.2477836,-0.042668447,-0.07575405,-0.23398355
Rpl31,0.0,0.23263669,0.17240247,-0.14117378,0.049224615
Tbc1d8,0.0,-0.67279017,-0.6555704,-0.4894044,-0.6855618
Cnot11,0.0,0.06890592,-0.1839179,-0.065899245,-0.10380197
Gm15832,0.0,0.019857554,-0.13329592,-0.095376045,0.030654354
Rnf149,0.0,-0.10071288,0.11021784,0.078059316,0.21901865
Creg2,0.0,0.3264944,0.009891316,0.13627958,0.035213754
Map4k4,0.0,-0.052354395,0.103531465,0.17113335,0.042316757
Il1r2,0.0,-0.03374958,-0.003967558,-0.055204354,-0.024121199
Gm16894,0.0,0.11258662,-0.11114925,-0.0029560202,-0.1767152
Il1r1,0.0,-0.21385212,0.012098268,-0.1603347,-0.13903421
Il1rl2,0.0,-0.024888322,-0.01648976,0.048930075,0.01896563
Slc9a2,0.0,0.031579453,-0.029452534,0.070846684,-0.01769826
Mfsd9,0.0,0.014317985,-0.07488325,0.00042069703,0.018740254
Gm28175,0.0,0.117959335,0.23628148,0.057192765,0.15540987
Pantr1,0.0,-0.22893313,0.0841209,-0.12869452,-0.23260544
Gm20646,0.0,0.14035915,0.22032836,0.44181752,0.12615085
Pou3f3,0.0,0.28596652,0.07129504,0.3222532,0.091204986
Pantr2,0.0,0.067751735,-0.05400482,0.05027923,-0.07401471
Mrps9,0.0,-0.01691482,0.063695975,-0.063704625,-0.17546482
Gpr45,0.0,0.11156956,-0.31777048,-0.24269125,-0.094879664
Tgfbrap1,0.0,0.3730679,0.25430194,0.33477023,-0.09387773
8430432A02Rik,0.0,0.24904215,0.18934499,0.26636475,0.15144256
AI597479,0.0,0.21741156,-0.17172575,-0.054422934,0.02616646
Fhl2,0.0,0.08575162,0.08671153,-0.016880978,-0.0049387664
Nck2,0.0,0.044212878,0.053392548,0.023400236,-0.046178497
Ecrg4,0.0,0.16399163,-0.27517775,-0.06018669,-0.0027169157
Uxs1,0.0,0.039298333,-0.03967278,-0.03990693,-0.08977309
Tpp2,0.0,-0.0055725127,0.065365896,-0.09706882,0.04254724
Tex30,0.0,0.14635159,-0.0056035966,0.095019326,0.23963338
Poglut2,0.0,0.029832706,0.08176807,0.21876594,0.17364706
Bivm,0.0,-0.011303238,0.048267405,-0.15650001,-0.07213387
Ercc5,0.0,-0.37529424,-0.19874129,-0.40955386,-0.29139727
Gulp1,0.0,0.008305579,0.11186917,0.06563872,-0.04171606
Col5a2,0.0,0.043591216,0.08643514,0.09741522,0.1787274
Wdr75,0.0,0.26506776,0.13092515,0.03240975,-0.012266144
Slc40a1,0.0,-0.055159084,0.026598144,-0.07598595,-0.046818905
Dnah7b,0.0,-0.0976295,0.009774018,0.06306468,-0.09138183
Dnah7c,0.0,0.27168274,0.2301802,0.38121304,0.23292547
Slc39a10,0.0,0.4725588,0.22492109,0.36841545,0.10126962
Gm28151,0.0,0.19899252,0.18309641,0.35234064,0.2000158
Tmeff2,0.0,0.32427362,0.087950096,0.27922708,0.11465584
Gm28319,0.0,-0.0051118825,-0.022160413,-6.8556285e-05,0.006722198
Gm28320,0.0,-5.1647425e-05,0.114935696,0.10941702,0.12772253
Gm29325,0.0,0.008120686,-0.047707617,0.00010249764,0.091971785
9330175M20Rik,0.0,0.41334105,0.0880204,0.15563908,0.10149558
Cavin2,0.0,0.06467641,-0.018256959,0.008942597,-0.06326026
Nabp1,0.0,0.10616332,0.11972162,0.19137478,0.21531343
Gm28055,0.0,-0.029999198,-0.11811546,-0.10112334,-0.03634642
Myo1b,0.0,0.18723156,-0.1296608,0.058206275,-0.13155037
Stat4,0.0,-0.038316406,-0.035425164,0.008727377,0.017201617
Gm31812,0.0,-0.0848331,-0.13549957,-0.01392876,-0.17464107
Stat1,0.0,0.097750984,-0.21306884,-0.1069707,-0.37771744
Gls,0.0,0.15784973,0.04931573,0.042062618,0.008188352
Nab1,0.0,0.034942124,0.10959914,0.012193147,-0.048836395
Gm553,0.0,-0.01595713,0.06985526,0.013575859,0.010746257
Nemp2,0.0,0.12442066,-0.14156663,0.18040714,-0.03554725
Mfsd6,0.0,0.13311177,0.24678451,0.15396799,0.20549577
Inpp1,0.0,0.1907027,0.19512373,0.18996799,0.057564303
Hibch,0.0,0.08552451,0.1660111,0.15512767,0.1339367
1700019D03Rik,0.0,-0.15436791,-0.040865235,0.11413032,-0.15561116
1700019A02Rik,0.0,0.0191423,-0.10085607,0.07329349,-0.11756593
Pms1,0.0,-0.019042075,0.11927058,0.16410603,0.1472365
Ormdl1,0.0,0.058969,0.00458375,0.038890656,-0.10259628
Osgepl1,0.0,-0.19874935,-0.16867064,0.023555331,-0.11435245
Asnsd1,0.0,-0.06674604,-0.036049016,-0.17607796,0.014917253
Dnah7a,0.0,-0.22815377,-0.099994205,-0.008326799,-0.14828178
Stk17b,0.0,0.15920535,0.15047015,0.28994232,0.15616335
Hecw2,0.0,0.27241844,0.2851605,0.31389537,-0.1509855
Ccdc150,0.0,-0.024392396,-0.26039603,-0.12950422,-0.16337578
Gtf3c3,0.0,0.028265499,-0.08738011,-0.01606194,-0.074297294
Pgap1,0.0,0.16250642,0.29181203,0.10321003,0.08199481
Ankrd44,0.0,0.119801685,0.061324187,0.2522625,-0.008320421
4930444A19Rik,0.0,-0.28157705,-0.30820692,-0.013900876,-0.33156955
Sf3b1,0.0,0.11058959,0.14045988,0.09354092,0.18025342
Coq10b,0.0,-0.2584768,-0.10791586,-0.0414915,-0.119598165
Hspd1,0.0,0.23378357,0.09010709,-0.10072237,0.21525708
Hspe1,0.0,0.016794045,0.058619,-0.34849814,0.12536733
Mob4,0.0,0.03032573,0.016518123,-0.08818175,0.066789724
Rftn2,0.0,0.10100258,0.24356423,0.2491278,0.14582872
Gm10561,0.0,0.01430922,0.17755139,0.20886144,0.012805365
Mars2,0.0,0.40462464,-0.0017565489,-0.019005775,0.2872026
Boll,0.0,-0.02843381,-0.12382741,-0.041783452,-0.013950273
Plcl1,0.0,-0.02801849,-0.050483085,-0.22249296,-0.022384942
Satb2,0.0,-0.20040019,-0.22879434,-0.30918676,-0.39136532
1700066M21Rik,0.0,0.39348686,0.006338179,0.24628201,-0.09293872
Tyw5,0.0,0.14963245,0.07950196,0.11161332,0.10255317
Maip1,0.0,-0.05211574,-0.046390653,-0.007487082,-0.021957729
Spats2l,0.0,0.09709269,0.21696162,0.16800979,0.04002072
Kctd18,0.0,0.09289558,-0.08917975,0.098227516,-0.11845485
Sgo2a,0.0,0.12941448,0.03085661,0.011621915,0.19025335
Aox1,0.0,0.14192325,0.13834743,0.2743545,0.061800048
Aox3,0.0,-0.05028037,-0.052854,-0.034480654,0.02529568
Aox2,0.0,0.038935002,-0.05291999,-0.11304803,-0.056248166
Bzw1,0.0,0.37439048,0.18689667,-0.19740967,-0.022900432
Clk1,0.0,-0.074734606,-0.16819271,-0.1048892,-0.26404127
Ppil3,0.0,0.25856856,0.15776746,0.30126187,0.0779347
Nif3l1,0.0,0.10620704,0.049214937,-0.3447649,-0.22389913
Orc2,0.0,-0.036318865,0.046849705,0.0031359233,-0.09823397
Gm15834,0.0,-0.22514796,-0.4613484,-0.18848278,-0.3481592
Fam126b,0.0,0.14745629,0.1572932,-0.04310319,0.046264388
Ndufb3,0.0,0.24578285,-0.015735611,0.023132324,0.054307044
Cflar,0.0,0.008663699,0.18145743,0.38751638,-0.020958439
Casp8,0.0,-0.0021450035,0.027375773,0.023297103,0.07920405
Trak2,0.0,0.20298237,0.21446146,0.10379424,0.09728855
Stradb,0.0,0.10079354,-0.055215776,0.17869714,-0.03213171
Tmem237,0.0,-0.3232718,-0.29909602,-0.18189374,-0.19749662
G730003C15Rik,0.0,0.010724403,-0.30088505,-0.07925029,-0.05683707
Mpp4,0.0,0.010862596,0.17603551,0.097629525,0.09306023
Als2,0.0,-0.08530803,0.2903216,0.15779802,-0.022814244
Cdk15,0.0,-0.022008372,0.007102254,-0.033865184,-0.0016353603
Fzd7,0.0,-0.045099918,-0.14174227,-0.16329704,-0.08526129
Gm973,0.0,-0.28328145,0.005524362,-0.013589518,-0.08628097
Sumo1,0.0,-0.108252704,-0.11927517,-0.10668992,-0.13387367
Nop58,0.0,0.27512884,-0.02282852,-0.05389005,0.08998155
Bmpr2,0.0,-0.029779166,0.11484494,-0.10308533,-0.06347
Fam117b,0.0,-0.07672773,-0.08588516,-0.09035657,-0.05900998
Ica1l,0.0,0.3754931,0.20902456,0.13059661,0.16000149
Wdr12,0.0,0.054404207,0.092804566,0.11345432,0.15397488
Carf,0.0,0.13317513,-0.078055575,0.10978107,-0.01201655
Nbeal1,0.0,0.022381969,0.047092937,0.077140555,-0.033246234
Cyp20a1,0.0,-0.21699122,-0.0128490655,-0.13910802,0.04292935
Abi2,0.0,0.0418157,0.08824808,0.10447819,0.05966612
Raph1,0.0,0.1451745,0.12568983,0.15292005,0.09882289
Pard3b,0.0,-0.17966628,-0.031556528,-0.11478377,0.031573966
Nrp2,0.0,0.36331582,0.1497348,0.14087982,-0.049598977
Ino80d,0.0,-0.012205422,0.033896282,0.096536115,0.12456618
Ino80dos,0.0,-0.12676717,-0.09611492,0.06836716,-0.026401736
Gm20342,0.0,0.11522461,0.14978744,0.21552834,-0.10319899
Ndufs1,0.0,-0.094950676,0.005927302,-0.0032871068,0.025547922
Eef1b2,0.0,0.07727798,-0.019628406,-0.15937744,0.0503289
Gpr1,0.0,-0.12296033,-0.01887246,0.021701334,0.0023272866
Zdbf2,0.0,0.19561914,0.094241515,-0.13385108,0.033941098
Adam23,0.0,0.3776715,0.24129269,0.467991,0.11723368
Dytn,0.0,-0.0021502716,-0.07714384,0.0046581603,0.054391794
Mdh1b,0.0,-0.046472948,0.06794945,0.03723194,0.0048826262
Fastkd2,0.0,0.18604794,-0.081788205,-0.1015007,0.014398832
4933402D24Rik,0.0,0.1256619,-0.14071284,-0.07133498,0.015421637
Klf7,0.0,0.117166474,0.16327898,0.21074119,0.16560608
Gm13748,0.0,0.10176205,-0.13424425,0.009797994,-0.3106647
Gm28981,0.0,-0.13419496,0.021140385,-0.02696111,-0.07586996
Creb1,0.0,0.0029290318,0.11840241,0.068728395,-0.019704938
Mettl21a,0.0,0.05278647,0.22054775,0.008393146,0.0252017
Gm28982,0.0,0.013888821,0.09423776,0.13953343,-0.018032268
2810408I11Rik,0.0,0.006078679,0.018057529,-0.007905722,0.05770704
Ccnyl1,0.0,0.20651153,0.2788076,0.1418394,-0.011843443
Plekhm3,0.0,0.15204933,0.22446385,0.28967267,-0.021499068
D630023F18Rik,0.0,0.11681323,0.15308987,0.073118255,0.20498882
Idh1,0.0,-0.1781391,-0.19959141,-0.15947926,0.0065247007
Pikfyve,0.0,-0.013184516,-0.08967035,-0.11745332,-0.03371512
Pth2r,0.0,0.041171186,0.030533195,-0.12122499,-0.085220926
Map2,0.0,0.09873583,0.13692239,0.014845416,0.02696935
Gm10558,0.0,0.16087322,0.1924763,0.114424475,-0.08967809
Unc80,0.0,0.2914014,0.20332035,0.33775508,-0.18230136
Rpe,0.0,0.17134358,0.184658,0.22805089,0.001264438
Kansl1l,0.0,0.31782264,0.2920403,0.15170774,0.21071348
Acadl,0.0,0.19701819,0.04918158,0.32968813,0.049525335
Myl1,0.0,0.18569735,-0.04424312,0.12005897,-0.041659303
Lancl1,0.0,-0.2038452,0.123869285,-0.08307156,-0.22976834
Erbb4,0.0,-0.010238282,0.019469589,-0.079466745,0.10524899
Gm29114,0.0,0.06885129,-0.23798102,0.022693392,-0.3054757
Ikzf2,0.0,-0.20100571,-0.07925165,-0.28617838,-0.078518294
Gm28112,0.0,-0.40130162,-0.059655823,-0.3049342,-0.22715235
Spag16,0.0,0.10814507,-0.28757176,0.10425158,-0.0406106
Vwc2l,0.0,0.32516873,-0.09127495,0.42316914,-0.06853314
Bard1,0.0,0.04610204,-0.09038533,0.08706845,0.06816766
Atic,0.0,0.07800111,0.053829532,-0.03471736,-0.061956465
Fn1,0.0,-0.07152051,-0.059475362,0.15128127,0.16853392
Mreg,0.0,-0.0072362614,-0.11445052,0.037851285,-0.030031243
Pecr,0.0,-0.09981386,0.091764845,-0.056368828,-0.2375861
Tmem169,0.0,0.111677244,0.017088037,-0.031112462,0.07999413
Xrcc5,0.0,-0.1099659,-0.16327332,0.04769191,-0.15227106
March4,0.0,0.096114196,0.14828196,0.094749525,0.063632324
Smarcal1,0.0,0.14664766,0.13685018,0.09727667,0.1486611
Rpl37a,0.0,0.39866632,0.04032036,-0.2560302,0.18464588
Igfbp2,0.0,0.07860321,0.029068477,0.023008257,0.15816471
Igfbp5,0.0,0.22392555,0.25990784,0.5972562,0.2637398
6030407O03Rik,0.0,0.034472097,0.058666013,0.14979425,0.03343209
Tns1,0.0,0.16493535,0.22141948,0.23594287,0.17918423
Arpc2,0.0,0.005870659,-0.080047145,-0.042462286,-0.020936552
Aamp,0.0,0.1566236,0.036964245,0.09203998,-0.1121208
Pnkd,0.0,0.09172038,0.14814958,0.20992233,0.07450707
Tmbim1,0.0,-0.074683174,0.08875978,0.18094386,-0.13038732
Gm29358,0.0,0.10393715,0.17073691,0.20119753,-0.048958093
Catip,0.0,0.22897407,0.07107921,0.4752671,0.18411398
Slc11a1,0.0,-0.23536582,0.095591426,-0.107397914,-0.0919874
Ctdsp1,0.0,-0.058185995,0.3127436,0.05033328,0.044465277
Usp37,0.0,-0.13458906,0.07518135,-0.014478274,-0.04367993
Cnot9,0.0,0.0652031,0.25441235,0.1878454,0.057227783
Plcd4,0.0,-0.3917904,-0.2540731,-0.34304738,-0.29754335
Zfp142,0.0,0.14987418,0.08308855,0.29969788,0.21814542
Bcs1l,0.0,-0.036922716,0.16907714,0.033902984,-0.011830136
Rnf25,0.0,-0.33085456,-0.25374714,-0.18306959,-0.21076071
Stk36,0.0,0.20807742,0.16987927,0.1613392,0.045495406
Ttll4,0.0,0.33663136,0.10825798,0.19453119,-0.15579015
Cyp27a1,0.0,-0.1516543,0.104021244,0.034376208,-0.022949956
Wnt10a,0.0,-0.05146534,-0.01405601,-0.002105175,0.011186652
Gm16582,0.0,0.050544962,-0.003525233,-0.02252257,0.036916234
Cdk5r2,0.0,0.10484013,-0.116534755,-0.13368855,-0.3581276
Cfap65,0.0,-0.035064764,-0.05098611,0.114369035,0.07818042
Nhej1,0.0,-0.07480455,0.15628962,0.14841987,-0.18505934
Cnppd1,0.0,0.14161205,0.16205283,0.3499993,0.12585337
Retreg2,0.0,0.11015185,0.17404503,0.053371653,0.07828933
Zfand2b,0.0,0.25184566,0.29037562,0.07112336,-0.3127933
Abcb6,0.0,-0.123527154,-0.13740163,-0.12071452,-0.15465184
Atg9a,0.0,-0.10405594,-0.02561633,0.0069877384,-0.08584268
Ankzf1,0.0,-0.115012415,0.16689536,-0.26462302,0.049256124
Glb1l,0.0,0.07137763,0.15409741,0.2986745,0.13911176
Stk16,0.0,0.024884984,0.38625985,0.21506839,0.07901138
Tuba4a,0.0,0.30866912,0.25049773,0.18232737,0.2677534
Dnajb2,0.0,0.15117124,0.105585635,-0.14439175,-0.12762752
Ptprn,0.0,0.0071130036,-0.060601942,0.012221718,-0.3940859
Gm28294,0.0,-0.013333411,-0.036570188,0.006310858,-0.060842045
Resp18,0.0,-0.13712704,-0.21602382,-0.09092255,0.18036379
Dnpep,0.0,0.113183506,0.14623228,0.06856466,0.05130945
Speg,0.0,0.46057278,0.23861091,0.49520162,0.14569792
Gmppa,0.0,0.08311182,0.140414,0.15855105,-0.076337285
Asic4,0.0,-0.024614176,-0.14248928,0.11832174,-0.11227724
Chpf,0.0,0.21510784,0.23681186,0.24808158,0.17819081
Obsl1,0.0,-0.037326753,0.12465612,-0.07402105,-0.11302583
Tmem198,0.0,-0.23638295,-0.057552695,-0.0020227935,-0.025857855
Inha,0.0,0.07915871,0.22319569,0.041597567,0.051442526
Stk11ip,0.0,-0.025208242,0.005422206,0.06426243,-0.15980545
Slc4a3,0.0,0.089283936,0.030809782,0.122664995,-0.07534034
Gm816,0.0,0.04713544,-0.017722864,-0.000883393,0.046993896
Epha4,0.0,0.22589141,0.26722196,0.24254332,0.04834661
Sgpp2,0.0,0.21885136,0.07216454,0.30469483,-0.14669146
Gm28410,0.0,0.04175758,-0.019010432,-0.0758406,-0.07381402
Farsb,0.0,-0.012190402,0.08395333,-0.05365447,0.08186942
Acsl3,0.0,0.22923085,0.040848494,0.13445857,-0.0031349212
Utp14b,0.0,-0.36338258,-0.19563004,-0.23516378,-0.3217364
Gm29536,0.0,-0.009866163,-0.1593931,-0.009837877,0.12831894
Scg2,0.0,0.13801478,-0.037421003,-0.047055066,0.13092265
Ap1s3,0.0,0.0390691,-0.062867746,0.12252573,-0.00079010427
Wdfy1,0.0,0.023136176,0.006047122,0.09623329,0.074507445
Mrpl44,0.0,0.24556684,-0.08116692,-0.009147681,0.15642822
Serpine2,0.0,-0.041950196,0.08248665,0.07343503,0.016694322
Cul3,0.0,0.09951356,0.23278664,0.06577005,0.03899242
Dock10,0.0,0.038174223,-0.055559263,-0.08431345,-0.09725544
Nyap2,0.0,0.3563146,0.239405,0.26871234,0.017429024
Irs1,0.0,-0.059400536,0.12896387,0.036585703,-0.0638076
Rhbdd1,0.0,0.072358415,0.06520154,0.20911019,0.112823576
Col4a4,0.0,0.041753694,-0.04552442,0.09668413,-0.13413268
Col4a3,0.0,0.10042852,0.07373501,0.095775545,0.17068939
C430014B12Rik,0.0,0.028100312,-0.053919777,-0.12051747,-0.13142169
Mff,0.0,0.3314069,0.27236816,0.12143476,0.10139011
Gm28941,0.0,-0.03835409,-0.08951365,-0.17609172,-0.092288926
Agfg1,0.0,0.15331616,0.056700826,0.11807368,-0.02705194
Slc19a3,0.0,-0.10093243,0.070810094,0.053696364,-0.099243715
Sphkap,0.0,0.46152738,0.105556905,0.12623464,-0.1849238
4933436I20Rik,0.0,-0.098456055,-0.05162792,-0.05386102,0.061719477
Pid1,0.0,-0.21358988,0.040708054,-0.0685793,0.021835329
Dner,0.0,0.17362612,0.17315575,0.19471586,0.12417708
Trip12,0.0,-0.066842474,-0.006323658,-0.02910553,-0.065777265
Fbxo36,0.0,-0.25529578,-0.09918234,-0.050988715,-0.17171508
Slc16a14,0.0,0.1189931,-0.04185582,0.109704494,-0.120609105
C130026I21Rik,0.0,0.047675747,-0.023843955,-0.043950528,0.072228335
Sp140,0.0,0.15081388,-0.016385727,0.057156224,0.13473067
Sp100,0.0,0.04251125,-0.021365996,-0.021596774,0.040162526
A630001G21Rik,0.0,0.005513262,0.056735422,-0.007603608,-0.0069752894
Cab39,0.0,-0.040567458,-0.000889644,-0.11169566,0.11336602
Itm2c,0.0,-0.23602615,-0.032564178,-0.07137462,0.084855415
4933407L21Rik,0.0,0.073472515,0.17201692,0.46854582,0.09464325
2810459M11Rik,0.0,0.07657266,0.22372895,0.32546863,0.1639221
Psmd1,0.0,-0.05631146,0.079166725,-0.016674608,0.10850136
Htr2b,0.0,0.44716996,0.071759135,-0.111439936,-0.12906608
Armc9,0.0,-0.007563442,0.0076767467,-0.028623663,-0.2174922
Gm16341,0.0,-0.10835227,0.036973666,0.031218717,-0.03753919
Ncl,0.0,0.29064506,0.10448848,-0.067751616,-0.005633116
C130036L24Rik,0.0,0.118701965,-0.14314304,-0.091268,-0.14192301
Ptma,0.0,0.53755033,0.11709294,-0.08453354,0.11617786
Pde6d,0.0,-0.09952614,0.030069185,-0.28183296,-0.058904856
Cops7b,0.0,-0.05311296,-0.13524899,0.25597513,-0.04530385
Nppc,0.0,-0.27815026,-0.3842429,-0.072466835,-0.13530646
Dis3l2,0.0,-0.20773599,-0.074095756,-0.14387995,-0.0898533
Gm29055,0.0,0.14732645,-0.09938881,-0.1451916,0.03754639
Gm28375,0.0,-0.13031265,0.03280737,-0.20883465,-0.08051966
Ecel1,0.0,0.15178661,0.0023430064,0.025672853,-0.06217521
Eif4e2,0.0,0.14685759,-0.09743483,-0.028932024,-0.06738891
Efhd1,0.0,0.0076750657,-0.044226293,-0.011387176,-0.20289114
Gigyf2,0.0,-0.06926345,0.0918868,0.042074114,0.06759852
Kcnj13,0.0,0.37921196,0.36601916,0.1428539,0.2870734
Ngef,0.0,0.1350872,0.25673494,0.6304904,0.25754315
Neu2,0.0,0.05331205,-0.15074182,-0.00584249,0.030073468
Inpp5d,0.0,0.012570018,-0.011454448,0.11969269,-0.013896484
Atg16l1,0.0,-0.033441808,0.05736327,-0.054565158,-0.083840355
Sag,0.0,0.08577396,-0.15530542,0.10739149,-0.0003648065
Dgkd,0.0,0.17058478,0.30727792,0.33547768,0.003280148
Usp40,0.0,0.10392723,-0.057691023,0.06700699,-0.054263026
Gm20528,0.0,0.24388596,0.09187134,-0.019009903,0.0464543
Hjurp,0.0,-0.05235032,-0.028099613,-0.0138787795,-0.15567614
Arl4c,0.0,0.20757653,0.025543118,-0.15035172,-0.18950789
Sh3bp4,0.0,0.16996266,0.34287167,0.31927013,0.12526707
Agap1,0.0,0.008073434,0.16477877,0.11445975,-0.12184781
4933400F21Rik,0.0,-0.110589966,0.1171641,0.06255809,0.01907226
Asb18,0.0,0.049870815,-0.101874255,0.052551698,-0.12941082
Ackr3,0.0,0.40708247,0.09420584,0.3530051,0.28186813
Cops8,0.0,0.02677327,-0.08030979,-0.02960371,-0.13625883
Col6a3,0.0,0.040620018,0.029365495,-0.0008696914,0.04974078
Mlph,0.0,-0.06747874,-0.023575498,-0.044870615,0.072899945
Lrrfip1,0.0,0.068964735,0.12358232,0.057821818,-0.14375007
Ramp1,0.0,-0.24070099,0.18417054,0.09000998,-0.049735755
Ube2f,0.0,-0.33403814,-0.025125995,-0.08316346,-0.21750057
Scly,0.0,-0.19147491,0.30817595,0.079293534,0.06162177
Gm17090,0.0,-0.07952,-0.122302815,-0.29643938,-0.2466417
Ilkap,0.0,0.14291161,0.07872149,-0.011527374,0.015962705
Hes6,0.0,0.15080026,0.20432104,0.027179204,-0.10624253
Per2,0.0,-0.32525057,0.14439298,-0.15615156,0.0044094403
Traf3ip1,0.0,-0.047016192,-0.05482263,0.025797464,-0.11770505
Asb1,0.0,0.17805468,0.041926414,0.077624716,0.026055343
Twist2,0.0,-0.004410157,0.06259305,-0.0055002607,0.017528228
Hdac4,0.0,-0.45997232,-0.27050844,-0.36513844,-0.2900918
Ndufa10,0.0,-0.01048176,0.09155033,-0.02954708,0.041787867
Cops9,0.0,0.2121055,0.163109,-0.06170991,0.06512847
Gm29481,0.0,-0.05579102,-0.045003776,0.015822966,-0.014380272
Gpc1,0.0,-0.006530091,0.0009898245,0.34096652,-0.119759314
Gm29480,0.0,-0.16907296,-0.09459296,-0.06653779,-0.18926105
Ankmy1,0.0,-0.015875917,0.1428693,-0.026320871,-0.04677884
Dusp28,0.0,-0.09920502,-0.09739253,-0.14265437,-0.08690948
5033417F24Rik,0.0,0.123536184,0.1905118,0.16566351,-0.07702338
Rnpepl1,0.0,0.0025685728,0.23240018,0.23468308,0.022598147
9430060I03Rik,0.0,0.09819166,-0.016957112,0.17729883,-0.036427267
Capn10,0.0,0.008135708,0.11863568,-0.105976,-0.15417339
Gpr35,0.0,-0.16747746,-0.0656238,-0.012764957,-0.17700592
Kif1a,0.0,0.3173559,0.20045194,0.16264379,0.11469671
Sned1,0.0,0.3819105,0.41656098,0.65582514,0.3496877
Mterf4,0.0,0.070759416,0.12890385,0.07501258,0.18186435
Gm28535,0.0,-0.010849617,-0.06433878,0.10070803,0.04269771
Pask,0.0,-0.19509108,-0.078694455,-0.017613478,-0.102599755
Ppp1r7,0.0,0.09572455,-0.018821487,-0.2681625,-0.16558026
Hdlbp,0.0,0.04041297,0.047825962,-0.026651993,-0.051001415
Sept2,0.0,0.071227364,-0.110669516,-0.019702442,0.13559139
Farp2,0.0,0.015232401,-0.07048488,-0.0809695,0.021974174
Stk25,0.0,0.22077186,0.32506776,0.14951539,0.015983418
Bok,0.0,0.012087427,0.008463126,-0.014804281,0.01209205
Thap4,0.0,0.026565488,0.01848939,0.16232014,-0.0030305162
Gm10550,0.0,0.15432267,-0.12157642,0.07224644,-0.014899358
Atg4b,0.0,0.069103085,0.20910746,0.27053392,0.07967257
Dtymk,0.0,0.18002236,-0.11699683,-0.07423455,-0.07860213
Ing5,0.0,0.026803559,-0.030496314,-0.076012686,-0.0073563233
D2hgdh,0.0,-0.021988954,-0.00039619952,0.16349134,-0.051813584
Neu4,0.0,-0.028229162,0.21556653,-0.013193585,0.06299944
Fam174a,0.0,-0.17944553,-0.22710052,-0.11672062,0.04753288
St8sia4,0.0,0.1778434,0.1834999,0.018794157,-0.0875859
Slco4c1,0.0,0.05111109,0.2662304,-0.023193069,0.090394706
Panct2,0.0,0.016241265,0.042785466,-0.02907753,0.045502514
D1Ertd622e,0.0,0.2434448,0.16863386,0.240089,0.12380379
Ppip5k2,0.0,0.17774321,0.18841833,-0.026311621,0.075323954
Gin1,0.0,-0.055019148,0.025167977,0.03862665,-0.015667997
Pam,0.0,-0.023056693,0.07616635,0.11405761,-0.031504624
B230216N24Rik,0.0,-0.13283157,-0.20636806,-0.090401605,-0.08604404
Gm7967,0.0,0.25709546,0.21782398,0.30868828,-0.0355369
Cntnap5b,0.0,0.2618078,0.0017929301,0.13059713,-0.36102962
Cdh20,0.0,-0.12793927,-0.01747677,-0.12729283,-0.09530446
Rnf152,0.0,0.24573717,0.11662205,-0.16743228,-0.21752733
Gm28403,0.0,-0.08395472,-0.12060389,-0.1647152,-0.1991762
Pign,0.0,0.07349071,0.11599268,-0.0014047921,0.035125047
Gm28404,0.0,-0.12157773,-0.1290484,-0.10719335,-0.040623493
Relch,0.0,0.048045836,0.22190544,0.074502565,0.011933476
Tnfrsf11a,0.0,-0.1639922,-0.026746824,-0.20155281,-0.14714101
Gm7160,0.0,0.13410464,0.37929177,0.2911574,0.23476107
Zcchc2,0.0,0.115665115,0.17117721,0.3084916,0.007520035
Gm20753,0.0,-0.0058025457,0.06262304,0.083605185,0.046766244
Phlpp1,0.0,-0.0097798705,0.11503794,0.07710479,-0.0038774908
Bcl2,0.0,-0.2410335,-0.0046722256,-0.17128325,-0.074977525
Kdsr,0.0,0.24526137,-0.038889423,0.10493907,0.022477202
Vps4b,0.0,0.4741298,0.12983796,0.19097096,0.1514422
Cdh7,0.0,0.290891,0.10354486,0.21495274,0.09922062
Cdh19,0.0,-0.17503577,-0.11945669,-0.33823624,0.07276726
Gm29088,0.0,-0.025734423,-0.00656866,-0.10636624,0.0337804
Dsel,0.0,0.15745272,0.10113001,0.22499605,0.053206094
Cntnap5a,0.0,0.334934,-0.010283053,0.10981646,0.01609829
Tsn,0.0,-0.028810732,0.13579535,-0.046601176,-0.05907902
Nifk,0.0,0.2570544,0.06497792,0.053201772,0.062402636
Clasp1,0.0,0.013162836,0.10943569,0.16829197,0.0076693
2900060B14Rik,0.0,-0.011480436,-0.26541463,-0.11823475,-0.22390172
Tfcp2l1,0.0,-0.014964536,0.028988691,0.026166387,0.092123695
Gli2,0.0,-0.16524051,-0.09072846,-0.01848639,-0.11991174
Gm29455,0.0,-0.02178666,0.028281655,-0.018878173,0.049894046
Inhbb,0.0,0.10433621,0.11877996,0.11687826,-0.118721254
Ralb,0.0,0.1712336,0.27291957,0.08701129,0.32410055
Gm27184,0.0,0.094531104,-0.10706207,0.03760048,0.105702534
Tmem185b,0.0,-0.00091384724,-0.08362432,-0.04140076,0.090916
Epb41l5,0.0,-0.13508351,0.050100595,-0.12324112,-0.10732961
Ptpn4,0.0,-0.064763054,0.05403415,0.016178034,-0.047671646
Tmem177,0.0,-0.13010019,-0.11178679,-0.11125533,-0.23916972
Dbi,0.0,0.1009469,-0.03720524,-0.24108942,0.03629482
3110009E18Rik,0.0,-0.031000901,0.10364119,-0.054588087,-0.18983716
Steap3,0.0,0.16802248,0.11006107,0.1814512,0.33773172
Celrr,0.0,0.14164352,0.3855264,0.21829075,0.043782234
Insig2,0.0,-0.0622407,-0.11065886,0.009596214,-0.127122
Ccdc93,0.0,-0.0028546115,-0.012800052,-0.08610616,-0.23467869
Ddx18,0.0,0.03526471,-0.1380634,-0.17140266,-0.1932308
Dpp10,0.0,0.19853441,0.05591043,0.37805212,-0.26215488
Actr3,0.0,-0.042323805,-0.055353254,-0.064831465,-0.031904876
Slc35f5,0.0,0.05972808,0.068063445,0.15687668,0.035901435
Lypd1,0.0,0.13613065,0.12542753,-0.23347972,-0.0697057
Nckap5,0.0,0.18813115,0.16780265,0.33230543,0.19273102
Mgat5,0.0,0.14021967,0.14786252,0.2768047,0.17380077
Tmem163,0.0,0.013851497,-0.19104324,-0.047237635,-0.11636646
2900009J06Rik,0.0,-0.03388452,-0.22308168,0.004796434,-0.11040051
Ccnt2,0.0,-0.11121183,-0.0007261932,-0.044782244,0.035067037
Map3k19,0.0,-0.11943304,0.036479205,-0.07639863,-0.008559795
Rab3gap1,0.0,-0.08972172,0.06408398,0.014562413,0.03369419
Zranb3,0.0,-0.19865835,-0.20614585,-0.08053568,-0.11115169
R3hdm1,0.0,-0.033052806,-0.015930247,-0.051417824,-0.07624367
Ubxn4,0.0,-0.18017253,-0.08733758,0.006881425,-0.011068918
Mcm6,0.0,0.011988111,-0.05694562,0.04583387,0.13151309
Dars,0.0,-0.060257565,0.017500412,-0.048852358,0.0020223483
Thsd7b,0.0,0.12799723,0.0823074,0.352061,-0.19470674
Gm15675,0.0,-0.027504697,-0.01829534,0.035799995,0.06618582
Cd55,0.0,0.06080934,-0.21039163,-0.058212593,0.0952738
Gm16083,0.0,-0.2904439,-0.36708468,-0.23213312,-0.31081498
Pfkfb2,0.0,0.06507528,0.20936385,0.25228792,-0.13046911
Yod1,0.0,-0.06361083,-0.19447628,-0.08882544,-0.1651458
AA986860,0.0,0.15285252,0.22322543,0.43463236,0.1081347
Mapkapk2,0.0,0.15629898,0.37512448,0.44069952,0.22805434
Dyrk3,0.0,0.29804033,0.113656,0.03942959,0.08019668
Eif2d,0.0,-0.01808098,0.0320907,0.061350822,-0.3621914
Rassf5,0.0,0.040337652,0.07763313,0.098787904,0.14722624
Ikbke,0.0,0.015308604,0.23488237,0.14361945,-0.0523988
Srgap2,0.0,0.0727519,0.12996398,0.073377214,-0.027018756
Gm29488,0.0,-0.047711466,0.024344739,-0.13163339,0.06849528
Fam72a,0.0,-0.14786634,-0.05905868,-0.047977276,0.032130107
Slc41a1,0.0,-0.044620693,0.0122600775,-0.052929625,-0.19119689
Rab29,0.0,0.4074201,0.15435715,0.27614245,0.31309733
Nucks1,0.0,0.20894018,-0.08323255,-0.007849239,0.010078408
Elk4,0.0,0.13521755,0.19077519,-0.04572481,-0.06643683
Mfsd4a,0.0,0.287252,-0.1152028,0.35215676,-0.03317173
Cdk18,0.0,0.12362813,-0.12754177,-0.14744225,-0.045750245
Lemd1,0.0,0.18066147,0.060244933,0.03986702,0.26025954
Klhdc8a,0.0,0.05939741,-0.034011487,0.016743958,0.03086887
Nuak2,0.0,-0.13108599,-0.16247791,-0.07902777,-0.12253761
Tmcc2,0.0,0.034788664,-0.057687208,0.03780055,0.009230416
Dstyk,0.0,-0.11833382,-0.03785241,-0.02634636,0.06791315
6030442K20Rik,0.0,-0.03481853,0.26691365,0.06304255,0.040913217
Rbbp5,0.0,0.049410462,0.1640451,0.20884141,0.041032948
Tmem81,0.0,0.19149795,0.249365,0.22294901,0.276218
Cntn2,0.0,-0.0013082037,0.0681312,-0.027971443,-0.27231717
Nfasc,0.0,0.04848756,0.12678859,0.14817834,-0.11578232
Lrrn2,0.0,0.10682078,0.17658445,0.24896897,-0.05275324
Mdm4,0.0,0.25890172,0.119800106,0.2716128,0.017269447
Pik3c2b,0.0,0.21485637,0.26731372,0.33681118,0.04534827
Gm28609,0.0,0.026112594,0.07912219,0.03252524,0.030652411
Ppp1r15b,0.0,0.1464141,0.14981897,-0.024075799,-0.010346778
Plekha6,0.0,0.23276299,0.3982502,0.29249826,0.26169613
Gm19461,0.0,0.2567919,0.2205143,0.03703574,-0.01880522
Etnk2,0.0,-0.21335879,0.077461556,0.2709061,0.15311556
Sox13,0.0,-0.00043962896,0.2609893,0.22961017,0.11714142
Snrpe,0.0,0.4228117,0.20536342,-0.0041261315,0.42387483
Zc3h11a,0.0,-0.11641616,-0.2850051,-0.24548979,-0.30404758
Gm38394,0.0,-0.080724835,-0.03164155,-0.27233827,-0.28564963
Atp2b4,0.0,-0.12511343,0.12816158,-0.106373794,0.12996987
Prelp,0.0,-0.08371776,0.05698971,-0.07270893,-0.2181408
Btg2,0.0,-0.037211716,0.11382401,0.29910386,0.20007625
Chil1,0.0,0.12778714,0.22137022,0.11331968,0.4634056
Adora1,0.0,0.0012350678,0.14967293,-0.011292458,-0.041625902
Ppfia4,0.0,0.23259845,0.20670938,0.40203634,0.24084643
Tmem183a,0.0,0.23819883,0.23109214,0.24162635,0.08945422
Cyb5r1,0.0,-0.028439172,-0.10507176,0.015879208,0.12663813
Adipor1,0.0,0.008274708,-0.10728427,-0.07424428,0.018342927
Klhl12,0.0,-0.040832777,-0.0765267,0.12771247,-0.10811345
Rabif,0.0,0.05790246,0.24660115,0.0049144626,-0.03584209
Kdm5b,0.0,-0.058815606,0.02729461,-0.053493485,-0.0043212175
Syt2,0.0,0.3201313,0.15241554,0.14459012,0.12987328
Ppp1r12b,0.0,-0.22731483,-0.15121336,-0.142359,-0.102720484
Ube2t,0.0,-0.022783276,-0.08714446,-0.022344481,0.014566302
Lgr6,0.0,-0.010571007,-0.05262571,-0.02740075,-0.118671216
Arl8a,0.0,0.014517933,0.05676876,0.34686333,0.16300708
Gm15445,0.0,0.007980892,-0.080643296,-0.099456735,0.020901944
Gpr37l1,0.0,-0.2611188,-0.0028469786,-0.085750535,0.3321267
Rnpep,0.0,0.28472328,0.1294591,0.22842348,-0.09322874
Timm17a,0.0,0.0368129,0.14517231,-0.0072635263,0.03742351
Shisa4,0.0,0.006360486,-0.16859159,0.015149333,0.0040367544
Ipo9,0.0,0.25762284,0.24829681,0.3690467,0.18554235
Nav1,0.0,0.33275607,0.1528123,0.15803736,-0.075009465
Gm4793,0.0,0.017909724,-0.020243132,0.00022094883,-0.0210735
Csrp1,0.0,0.05375465,-0.011605419,0.061063264,0.028575055
Phlda3,0.0,0.18319944,-0.056175232,-0.22415975,0.13145539
Tnni1,0.0,0.113796435,0.08522846,0.07138951,0.13718414
Tmem9,0.0,0.23504326,0.25182018,0.2513559,0.18600678
Kif21b,0.0,0.44432005,0.4295257,0.6271587,0.1414849
Mroh3,0.0,-0.02539596,-0.0472811,-0.010390647,0.080209896
Inava,0.0,-0.040037807,0.0006125439,-0.021401744,0.050202113
Gm26781,0.0,0.26231426,0.21060768,0.09881268,-0.017291933
Camsap2,0.0,0.06267611,-0.0027090237,-0.07519776,-0.018089011
9230116N13Rik,0.0,0.156371,0.111869775,0.09935102,0.042886943
Ddx59,0.0,0.081138074,0.14959106,0.13167177,0.028675355
Zfp281,0.0,0.22957934,0.38875315,0.450644,0.5705633
Gm19705,0.0,0.07833892,-0.19386643,0.1564363,0.026713189
Gm4258,0.0,0.05121267,0.23329857,0.03455746,0.19201884
Gm26936,0.0,0.30526212,0.37854877,0.14864028,0.012449518
Gm26930,0.0,-0.14873248,0.099234,-0.0638164,0.16156478
A430106G13Rik,0.0,-0.096704274,-0.0040309764,-0.022858676,0.16054714
Ptprc,0.0,-0.006632451,-0.0012415238,0.040147256,-0.044146877
Nek7,0.0,0.00090803206,0.16816999,0.028262556,0.054940276
Gm28501,0.0,-0.25715888,-0.11318186,-0.39245582,-0.17584752
2310009B15Rik,0.0,0.4309606,0.4171151,0.1973938,0.26741
Dennd1b,0.0,-0.03437957,0.10878472,0.07504982,-0.12909572
Crb1,0.0,0.16317925,0.022453438,0.06054656,-0.14814389
Zbtb41,0.0,0.098209545,0.009563524,-0.04691335,-0.27800816
Aspm,0.0,-0.08789409,-0.10497703,-0.1914169,-0.040017776
Cfh,0.0,-0.030475285,-0.18713559,0.051203575,-0.17806517
Kcnt2,0.0,0.18483888,0.079157226,0.38308543,-0.013186008
4930590L20Rik,0.0,-0.20307365,-0.0945359,-0.1153973,-0.20278132
Cdc73,0.0,-0.08091348,0.13345888,-0.041376643,-0.06581529
B3galt2,0.0,0.15650871,-0.041385658,-0.06822292,0.051543657
Glrx2,0.0,0.10043559,0.034235664,-0.07817756,-0.081904694
Ro60,0.0,0.009756044,0.056050867,0.14596194,0.09953978
Uchl5,0.0,0.039712686,-0.07727209,-0.00039146096,0.005465232
Gm29170,0.0,0.04660469,-0.0010627881,-0.015450187,-0.002602797
Rgs2,0.0,0.3550126,-0.057138517,-0.062748894,-0.056976467
Gm29514,0.0,0.1895906,0.16834867,0.2413216,0.09735477
Brinp3,0.0,-0.12270644,-0.05818473,-0.106784075,0.021705061
A230059L01Rik,0.0,0.24665333,-0.02359873,0.25399747,-0.015850559
Gm15584,0.0,0.1723946,0.04965852,-0.0060404018,0.008376226
Pla2g4a,0.0,-0.06315238,0.02632996,-0.0038340604,0.027230151
Odr4,0.0,0.03316082,0.003487669,0.07519687,-0.074434936
Tpr,0.0,-0.0210367,0.030494176,-0.036278345,-0.0014387742
Hmcn1,0.0,0.1153636,0.07541602,-0.039239608,0.0593324
Gm10138,0.0,0.4347841,0.18168771,0.42409232,0.44988772
Ivns1abp,0.0,0.4516329,0.48873392,0.25120884,-0.06629956
Swt1,0.0,-0.4538592,-0.36296666,-0.2409924,-0.16448136
Trmt1l,0.0,-0.1321909,-0.076497704,0.055725355,0.026253285
Rnf2,0.0,0.02342889,-0.07932246,-0.07661396,-0.09484813
Fam129a,0.0,-0.03181456,-0.012496597,-0.051156785,0.0038481948
2810414N06Rik,0.0,0.08838014,-0.044402637,-0.100130394,-0.039453696
Edem3,0.0,0.07048322,0.15936899,-0.03227286,-0.14765182
1700025G04Rik,0.0,0.5127711,0.50902176,0.46193758,0.21432424
Tsen15,0.0,-0.017720625,-0.059751123,-0.18339616,-0.13031885
Colgalt2,0.0,-0.055730127,0.0006419346,0.17932963,-0.116879694
Rgl1,0.0,-0.2850968,-0.029980917,-0.15604691,-0.25929326
Gm28792,0.0,-0.015982699,0.027683252,0.05193352,0.035859503
Apobec4,0.0,0.04282777,0.33451772,0.036155723,0.07006042
Arpc5,0.0,0.46256232,0.19992204,-0.22899343,0.14197686
Ncf2,0.0,-0.06792559,0.05919777,-0.10439235,-0.0959895
Smg7,0.0,-0.04806353,0.105584845,-0.035789512,-0.1232391
Gm28791,0.0,-0.04824144,0.010588483,-0.068908684,-0.1888624
Nmnat2,0.0,-0.041025225,0.075665705,-0.08846116,-0.1275492
Gm28960,0.0,-0.0020536073,0.014115483,-0.22562799,-0.17716381
Lamc2,0.0,0.17592135,-0.15233856,0.021677379,-0.094496146
Lamc1,0.0,0.094302595,0.12731418,0.014975376,-0.0036205426
E330020D12Rik,0.0,0.25644132,0.2215338,0.3496291,0.07520722
Shcbp1l,0.0,0.087062,-0.013177548,0.069726214,-0.028770939
Dhx9,0.0,0.16820793,-0.07376444,-0.13671772,-0.10104385
Npl,0.0,-0.16331321,0.17256087,0.13370189,0.04952597
Rgs8,0.0,0.021288415,-0.033308156,-0.14262618,-0.07004772
Rgs16,0.0,0.100549884,0.050567318,-0.37344164,-0.1591071
Rnasel,0.0,0.15784562,-0.065372564,0.008111047,-0.00042473897
Rgsl1,0.0,0.011003939,0.01331467,-0.088544376,-0.007988427
Teddm2,0.0,-0.23983246,0.07740367,-0.36655587,-0.18915525
Glul,0.0,-0.300726,-0.2740297,-0.41709638,-0.06659466
A830008E24Rik,0.0,-0.32318836,-0.44804043,-0.24742265,-0.19533548
Cacna1e,0.0,0.43572754,0.30352715,0.33207062,-0.2943256
Ier5,0.0,0.23110601,0.18144521,0.49701166,0.2620466
Stx6,0.0,0.10540415,0.24559382,0.2010867,0.11762219
BC034090,0.0,-0.041104272,0.15093262,-0.04829158,-0.2910439
Xpr1,0.0,-0.06910034,0.05029012,-0.029476725,0.029246077
Acbd6,0.0,-0.1205923,0.039778963,0.002700542,-0.10814139
Qsox1,0.0,0.21687576,0.14378597,0.31876352,0.20945762
Gm37571,0.0,0.36682215,0.060198694,-0.043360062,-0.15539989
Cep350,0.0,-0.20063476,-0.09724586,-0.033929087,-0.08638349
Tor1aip1,0.0,0.123139724,0.12702887,0.23965025,0.17811897
Tor1aip2,0.0,-0.07979214,-0.05676371,0.081665,0.029925723
Fam163a,0.0,-0.14107786,0.0038029663,-0.21499032,-0.17811
Tdrd5,0.0,0.21652155,-0.21843038,0.037557796,-0.02173642
Axdnd1,0.0,0.32315612,0.1481272,0.28477827,0.17148359
Gm2000,0.0,-0.04271268,0.15434462,-0.12961772,0.23444441
Soat1,0.0,-0.051010504,0.13368233,-0.017734602,0.025530092
Abl2,0.0,0.022177719,0.12398344,0.1430834,0.02563382
Tor3a,0.0,-0.2979007,0.10497584,0.04004682,-0.14544103
Fam20b,0.0,0.14151639,0.101449795,0.3384624,-0.015068382
Ralgps2,0.0,-0.31396958,0.0032700077,-0.091749884,-0.28552157
Angptl1,0.0,0.10211735,0.106579304,0.04149066,-0.1861796
Rasal2,0.0,0.051611073,0.17514122,0.08583222,0.079271294
Cryzl2,0.0,-0.17870027,-0.11600059,0.07139563,-0.13318923
Sec16b,0.0,-0.05546176,-0.1612693,-0.018729841,-0.1085888
Brinp2,0.0,-0.073199324,0.013967488,0.030792195,-0.049003333
Astn1,0.0,0.031741068,0.12199262,0.05687154,0.0853279
Gm37679,0.0,0.1821819,0.120742664,0.15178308,0.23147917
Pappa2,0.0,-0.06968156,-0.009254778,-0.019919941,-0.0019112146
Cop1,0.0,0.020794325,0.12245062,0.03038203,0.01695291
Tnr,0.0,0.26759136,-0.014324278,0.21007493,-0.048467487
Gm38039,0.0,-0.01826416,-0.046258084,-0.01984504,-0.071087226
4930523C07Rik,0.0,-0.04512631,0.047932338,0.06112553,0.22667521
Mrps14,0.0,0.13448107,0.11040518,-0.015885405,0.020033114
Cacybp,0.0,0.15922917,-0.12991728,-0.45027825,-0.13604733
Rabgap1l,0.0,0.06832212,0.13749644,0.076493606,-0.052534908
Gm36975,0.0,0.14082572,0.09952063,-0.06483981,-0.06366727
Gm37529,0.0,-0.23181051,-0.16196264,0.011357248,-0.14119318
Rc3h1,0.0,-0.05822639,0.06662239,-0.059758008,0.00092767924
Serpinc1,0.0,-0.11657002,-0.13994533,-0.087155715,-0.12835428
Zbtb37,0.0,0.36172706,0.20232236,0.14234696,0.07013577
Gas5,0.0,0.29563487,0.15961473,-0.01940161,0.29189745
Dars2,0.0,-0.15804392,-0.41958386,-0.0120802745,-0.1786552
Cenpl,0.0,0.18506779,0.16498154,0.18522923,0.17760256
Klhl20,0.0,0.12243602,0.25092822,0.05529984,0.10644305
Ankrd45,0.0,0.29996744,0.18341574,-0.015537471,0.1514669
Tex50,0.0,-0.15086716,-0.041817818,0.0059534647,-0.10721208
Prdx6,0.0,-0.14582816,-0.023644015,0.036906987,0.08560404
Suco,0.0,0.13094279,0.19979277,0.22351995,0.10684881
4930558K02Rik,0.0,-0.08244423,-0.05016131,0.09021304,-0.01632805
Pigc,0.0,0.04896412,0.08408979,-0.06930112,-0.16839428
Gm38304,0.0,-0.2725425,0.14060953,-0.02604027,0.014731623
Dnm3,0.0,0.47425035,0.21656998,0.20047605,0.053853706
Dnm3os,0.0,0.21953413,-0.019999787,0.023052718,-0.041211344
Eef1aknmt,0.0,-0.12685387,-0.17236288,-0.040450547,0.009561669
Vamp4,0.0,-0.068727486,0.12695196,0.022778075,-0.059628524
Prrc2c,0.0,0.0019029453,0.037022896,-0.072541066,0.045743357
Fmo1,0.0,0.059593745,0.10959163,0.1233158,0.18330655
Prrx1,0.0,-0.13767065,0.2168818,-0.027484924,0.005281642
Gorab,0.0,0.16766307,0.062192373,-0.12638259,0.103763476
Kifap3,0.0,0.24623883,0.27314523,-0.12223239,0.10971453
Scyl3,0.0,0.34639925,-0.020444162,0.09996002,-0.07852068
BC055324,0.0,0.08066131,0.051782675,0.20062906,0.14968967
Mettl18,0.0,0.15550664,-0.2813589,-0.15284678,-0.06292067
Slc19a2,0.0,-0.33468133,-0.29310593,-0.5098748,-0.16254969
Ccdc181,0.0,-0.11331653,-0.24543665,-0.33685333,-0.35116994
Blzf1,0.0,0.22671212,-0.08341822,0.26058644,0.072396
Nme7,0.0,0.60275936,0.13832174,-0.061356723,0.008598864
Atp1b1,0.0,0.08328568,0.073003426,0.11091431,0.16735914
Gm32569,0.0,-0.1476686,-0.27223867,-0.3199062,-0.37662363
Gm20743,0.0,0.15504538,0.07522495,0.012523137,0.20792608
4930568G15Rik,0.0,0.0945247,-0.016700327,-0.034167595,0.06794684
Sft2d2,0.0,-0.20276447,-0.004979601,0.06290011,-0.001215416
Tiprl,0.0,0.1902603,0.17754264,0.13618627,0.13067186
Gm38190,0.0,-0.19780904,0.008403465,-0.18508352,-0.12159999
Gpr161,0.0,-0.12067959,0.15437791,0.05218511,0.027082212
Dcaf6,0.0,0.09228722,0.12600408,0.12717469,0.08097918
Gm37864,0.0,-0.12474925,-0.043425336,-0.06196658,-0.19126202
Mpc2,0.0,0.040633343,0.11456611,-0.0589498,0.07033932
Adcy10,0.0,0.1881134,0.099129945,0.13633771,0.14171451
Mpzl1,0.0,0.07641621,0.06181396,0.2039741,0.01330518
Rcsd1,0.0,0.111881346,0.18657802,-0.031549104,-0.01350788
Creg1,0.0,-0.046714455,0.09816456,0.09397258,0.15722974
Cd247,0.0,0.18842976,0.07890553,0.15945338,0.24093375
Pou2f1,0.0,0.10630047,0.26722205,0.16662446,0.17201827
Gm26665,0.0,-0.0021215733,-0.014110468,0.016088214,0.01760692
Ildr2,0.0,0.21438193,0.38616133,0.28584078,0.060107484
Tada1,0.0,0.09713864,0.10811146,0.15811697,0.116395384
Pogk,0.0,0.4548149,0.24110173,0.21887204,0.2528897
Gm16701,0.0,-0.032838613,-0.032175727,-0.023856867,-0.04224976
Gm16701-1,0.0,0.09688071,0.039695553,0.10736095,-0.019231483
Fam78b,0.0,0.30184537,-0.113469034,0.042818815,0.23690706
Uck2,0.0,0.28783974,0.078820966,0.23869848,0.03505878
Gm37982,0.0,-0.09492658,-0.16645676,-0.115950584,-0.024901308
Tmco1,0.0,0.036065016,-0.15661772,-0.02682698,-0.116146535
Aldh9a1,0.0,0.3698596,0.059569865,0.29460365,0.18979731
Mgst3,0.0,-0.102441154,-0.14145605,-0.1302773,-0.081341594
Rxrg,0.0,-0.08280885,-0.111169584,0.047468264,-0.060109325
Pbx1,0.0,-0.21513453,0.06059975,-0.03765755,-0.085745476
Rgs5,0.0,0.10247575,-0.07763534,0.31783402,0.104678445
Rgs4,0.0,0.43777704,0.13105747,-0.14042135,-0.15569292
Ccdc190,0.0,0.023179963,0.09651007,0.24786676,0.18072182
Hsd17b7,0.0,0.1434551,0.17394707,0.3726359,0.25724876
3110045C21Rik,0.0,-0.049571373,0.05094032,0.059113942,0.17969024
Ddr2,0.0,0.00680314,0.31781858,0.22456956,0.16011217
Uap1,0.0,0.005155168,-0.016446391,-0.045073677,-0.057659533
Uhmk1,0.0,0.4328121,0.27485272,-0.008824289,0.26672274
Nos1ap,0.0,0.037698206,0.20692256,-0.06868818,-0.13928762
Olfml2b,0.0,-0.068323374,0.0560559,-0.04141986,0.1559643
Atf6,0.0,0.024354719,0.13522425,0.09513836,-0.07777139
Gm9929,0.0,0.034707718,-0.024671067,0.10806176,-0.022306178
Dusp12,0.0,0.08499518,-0.006635502,0.2769719,0.14593405
Gm26620,0.0,-0.08727685,-0.092321984,0.09801723,0.055895098
Fcgr2b,0.0,-0.15664676,-0.08771132,-0.12770784,-0.060530994
Fcgr3,0.0,-0.06683636,0.045452654,-0.03992569,0.037868906
Cfap126,0.0,-0.24388832,-0.13572037,0.003770724,-0.09616776
Sdhc,0.0,0.14475946,0.150207,0.06265495,-0.07780338
Pcp4l1,0.0,0.18740068,0.16169325,-0.09071338,0.1075854
Nr1i3,0.0,0.16864546,0.19904204,0.19283734,-0.0058560967
Tomm40l,0.0,0.30389133,0.1277537,0.16107886,0.21047877
Fcer1g,0.0,-0.12053025,-0.124523036,-0.2313713,-0.11768281
Ndufs2,0.0,0.13196993,0.17894633,0.087033875,0.07391057
Adamts4,0.0,0.13919535,0.058888815,0.072881706,0.07343058
B4galt3,0.0,0.1479509,0.22026713,0.2989766,-0.006100446
Ppox,0.0,0.24632989,0.35885727,0.26033258,-0.14933327
Usp21,0.0,-0.035765596,0.17162827,0.17255928,0.1078099
Ufc1,0.0,0.0080938935,0.08700541,0.0928425,-0.030129328
Gm20045,0.0,-0.095001526,0.17489752,0.22031268,0.037046395
Dedd,0.0,-0.012382165,0.0025198609,0.2326481,-1.8589199e-05
Nit1,0.0,0.21665645,0.05058989,0.17253219,-0.1116813
Pfdn2,0.0,0.11026785,-0.04232259,-0.080134094,0.2085979
Klhdc9,0.0,0.22227135,-0.014490783,0.23672515,0.0846937
Nectin4,0.0,0.12285388,0.09080787,0.2453789,0.09268959
Arhgap30,0.0,-0.086419,-0.06716757,-0.05351028,-0.044677638
Usf1,0.0,0.13764074,-0.028903686,0.13184626,0.025730252
Tstd1,0.0,-0.067625955,-0.10518478,-0.02956152,0.020743098
F11r,0.0,-0.17823988,-0.34130526,-0.17235616,-0.31514412
Alyref2,0.0,0.13386199,-0.11348953,0.26156247,-0.123883195
Cd48,0.0,-0.085165285,-0.089857675,0.031341396,-0.05465509
Slamf1,0.0,0.0634952,0.00074737146,-0.024873992,0.042244308
Cd84,0.0,0.02176236,-0.0905133,-0.07095736,-0.02439509
Vangl2,0.0,-0.0031144172,-0.123490706,0.10388214,-0.038999923
Ncstn,0.0,-0.21396738,-0.13584453,0.12898736,-0.011518354
Copa,0.0,0.01858896,0.08628502,0.15150116,0.06314183
Pex19,0.0,-0.20773041,-0.10938659,-0.05453292,-0.17524305
Dcaf8,0.0,-0.017738536,0.053943038,0.13307284,0.05336736
Pea15a,0.0,0.07577282,0.13083316,0.1518499,0.14491735
Casq1,0.0,-0.061882414,0.0034540072,0.2751741,0.105858386
Igsf8,0.0,0.22373176,0.19248204,0.08352768,0.0042157024
Atp1a2,0.0,0.013480507,0.12386121,0.056251146,-0.01655455
Kcnj9,0.0,0.2964729,0.15429085,0.26146394,-0.009061217
Kcnj10,0.0,0.07710619,0.09269971,0.01993008,0.14581029
Pigm,0.0,0.34110817,-0.11049173,0.05716322,-0.026536219
Igsf9,0.0,-0.0033432487,-0.040036596,0.056783855,0.029415932
Tagln2,0.0,-0.0186622,0.05830525,0.046776284,0.0848178
Cfap45,0.0,0.021392018,-0.10510169,-0.012302272,0.0120921545
4933439K11Rik,0.0,0.17493556,-0.07210155,-0.020046338,-0.007644709
Vsig8,0.0,0.008281613,-0.03036255,0.035188228,0.008716052
Dusp23,0.0,-0.053852476,-0.11638403,-0.07999074,-0.18386206
Ackr1,0.0,-0.05636163,0.065123364,0.13975152,0.168991
Cadm3,0.0,0.25090125,0.048107147,0.36561662,0.10945865
Aim2,0.0,0.23780659,0.09818673,0.16274746,0.16261677
Fmn2,0.0,-0.04349816,0.14302123,0.060374103,0.021643877
Grem2,0.0,0.12178424,-0.23148032,-0.09611094,-0.024922164
Rgs7,0.0,0.23787329,0.15224105,0.16715342,-0.009921685
Fh1,0.0,-0.26418355,-0.290421,-0.39554363,-0.33340967
Kmo,0.0,0.38026744,0.3557406,-0.1678141,-0.16639945
Opn3,0.0,-0.12367276,0.08264569,-0.110069685,-0.04725148
Chml,0.0,0.15510601,0.13221662,0.004225835,0.03881425
Exo1,0.0,-0.01877774,-0.03583977,-0.04864876,-0.018330485
Pld5,0.0,0.19818297,-0.15705068,0.35912955,-0.12862426
Cep170,0.0,0.41840544,0.3775932,0.31989738,0.17932451
Gm36992,0.0,0.22945333,0.022153944,0.14152576,0.046793096
Sdccag8,0.0,-0.119953185,0.038884014,0.0423809,-0.07935874
Akt3,0.0,0.10169353,0.091337346,0.057518538,-0.029272273
Gm26801,0.0,0.067781135,0.08206532,-0.03013958,0.0045015737
Zbtb18,0.0,0.2397053,0.30934787,-0.07627769,0.15972999
Adss,0.0,0.17386737,0.25673145,0.2758739,0.19595957
Catspere2,0.0,0.43745166,0.27754927,0.6015466,0.23783107
Desi2,0.0,-0.2187195,0.12258762,-0.10195804,-0.011944003
B230369F24Rik,0.0,-0.122185916,-0.078775115,-0.008354528,0.004444174
Cox20,0.0,-0.079907715,0.01328522,-0.24563064,-0.15929985
Hnrnpu,0.0,0.42207932,0.2873171,0.31101364,0.1359245
Efcab2,0.0,0.017974932,0.15143,-0.15000194,-0.25287554
Kif26b,0.0,-0.03979084,-0.328445,-0.2533986,-0.11663139
Gm16564,0.0,0.043829903,0.013204753,0.0073248893,0.0358408
Smyd3,0.0,-0.03948188,0.061720595,0.17350271,0.00077901036
Tfb2m,0.0,-0.019940594,-0.09499798,-0.09389653,-0.038688265
Cnst,0.0,-0.060336255,-0.15709195,0.04240571,-0.19714978
Sccpdh,0.0,0.1302917,0.018726803,-0.15041614,0.034262493
Kif28,0.0,-0.11577023,-0.07982406,0.051123127,-0.060284343
Ahctf1,0.0,0.031592302,0.14045191,0.152471,0.06570022
Cdc42bpa,0.0,-0.07747717,-0.04108397,0.017113347,-0.09103002
Coq8a,0.0,0.1912698,0.33509648,0.25575516,0.12547258
Psen2,0.0,0.029142618,0.11625357,0.32668957,0.054257326
Gm31728,0.0,-0.12933034,-0.052951284,0.13633408,0.06925821
Itpkb,0.0,0.004690513,0.14578836,0.28104094,0.07714945
Stum,0.0,0.59368473,0.16588724,0.22191101,0.23858151
Parp1,0.0,0.17522313,0.01627947,0.057587378,-0.29300538
Lin9,0.0,-0.24699515,-0.21057644,0.050911725,-0.0958393
Acbd3,0.0,0.16025737,-0.009555824,-0.018795028,-0.08746748
Gm37768,0.0,0.035628214,0.029319812,0.09080921,-0.05310919
Gm38293,0.0,-0.16764012,-0.005185131,0.24126785,0.03701006
H3f3a,0.0,-0.09168397,-0.03606876,0.013097927,0.13208963
H3f3aos,0.0,0.326852,-0.06349872,0.09537925,0.06289936
Sde2,0.0,0.04715988,-0.17255148,-0.019331824,-0.06058636
Pycr2,0.0,-0.01582143,-0.025621437,-0.027409084,-0.10684396
Tmem63a,0.0,0.3043813,0.22749072,0.1623428,-0.12442589
Ephx1,0.0,0.025477469,0.13432233,0.19662932,0.23436356
Nvl,0.0,-0.23796207,-0.09087997,-0.051895395,-0.04259515
Cnih4,0.0,-0.13782048,-0.2094896,0.030961636,-0.21196717
Wdr26,0.0,0.22352302,0.25576144,0.31819934,0.12669885
A430110L20Rik,0.0,0.03143695,0.14685942,0.26433945,0.17418842
Cnih3,0.0,0.09373414,0.20035708,-0.043244064,-0.14695771
Dnah14,0.0,0.11266824,-0.13688245,0.19676137,0.010348208
Lbr,0.0,0.22101942,0.116786115,0.16996084,-0.027715504
Enah,0.0,-0.095043264,0.01860236,-0.11259764,0.013692584
Srp9,0.0,0.30123752,0.1939588,0.15727912,0.108429976
Degs1,0.0,0.14973848,0.07163415,-0.14946848,-0.027507022
1700047M11Rik,0.0,0.8348213,0.58446735,0.58540905,0.25173438
Fbxo28,0.0,-0.039586492,0.0880022,-0.18289863,-0.05274643
Trp53bp2,0.0,-0.19095817,-0.19767687,-0.25400507,-0.2908951
Capn2,0.0,0.16185161,0.24916245,0.24880108,-0.04290238
Gm37885,0.0,-0.15379323,-0.081321426,-0.16249281,-0.011142805
Susd4,0.0,-0.075935006,-0.04271273,-0.22597557,-0.26844698
Disp1,0.0,0.06736623,0.18040502,0.20972452,0.0062808394
Brox,0.0,0.2533325,0.24631953,0.2785247,-0.036648706
Aida,0.0,0.14619416,-0.014916487,0.09256303,-0.1276306
Mia3,0.0,0.15504465,0.18223102,0.1319171,0.09841764
Taf1a,0.0,-0.13687848,0.25566193,0.043801878,0.0021144822
Gm37986,0.0,-0.01128085,-0.03865135,0.07507755,0.07971214
Dusp10,0.0,0.14176571,0.015902996,0.43148085,0.22351599
Marc2,0.0,-0.2863661,-0.13502648,-0.07735209,-0.16985619
Mark1,0.0,-0.15558855,-0.10450281,-0.07262237,-0.13599035
Gm38251,0.0,-0.10119103,-0.13627727,-0.26511577,-0.22708216
Rab3gap2,0.0,0.097310476,0.10619856,0.1654757,0.05144591
Iars2,0.0,0.1426221,0.0929372,0.14383498,-0.075066164
Bpnt1,0.0,-0.18494648,-0.22877452,-0.24336958,-0.2892959
4930532G15Rik,0.0,-0.17985445,-0.08307977,-0.059903093,-0.11050466
Eprs,0.0,0.113078535,0.061081253,0.1398643,0.010501191
Gm2061,0.0,-0.064121574,-0.06158817,-0.093699716,-0.056112163
Slc30a10,0.0,0.26386797,0.29842582,0.3543496,0.08642542
Lyplal1,0.0,-0.011302844,-0.1288148,0.04100405,0.084792115
Tgfb2,0.0,-0.09270637,0.030210014,0.08496377,-0.071593136
Rrp15,0.0,0.14524713,-0.11851555,0.27709168,-0.097628444
A430105J06Rik,0.0,-0.13914509,-0.03617157,0.19478,-0.15918122
Spata17,0.0,-0.16391118,-0.13991532,-0.31272137,-0.090587206
Gpatch2,0.0,0.04935529,0.14773878,0.10166529,-0.013220482
Gm38155,0.0,0.19405432,0.026252866,0.27717143,0.10914285
Gm37896,0.0,0.070322916,-0.058084913,-0.046917945,0.007412417
Esrrg,0.0,-0.06831885,-0.059820555,0.09251433,0.030277941
Gm36388,0.0,-0.26975462,-0.09959341,-0.015483886,-0.36024114
Ush2a,0.0,0.079730086,0.027837804,0.064435765,-0.017165639
Kctd3,0.0,0.11625768,0.16093904,0.27499422,0.15083586
Kcnk2,0.0,-0.07871798,-0.13166833,0.11647013,0.04583895
2900042K21Rik,0.0,-0.028617993,0.07766953,0.06975377,0.10988327
A430027H14Rik,0.0,0.12425673,-0.04177104,0.24653883,0.15191813
Cenpf,0.0,-0.15474087,-0.097745754,-0.09766881,-0.12403338
Ptpn14,0.0,-0.16664368,-0.07455037,0.111176915,0.057100326
Smyd2,0.0,0.15279439,0.1410944,0.21063921,-0.0011796057
Prox1,0.0,0.27199078,0.5459389,0.079435214,-0.034762487
Prox1os,0.0,0.1185765,0.07530223,0.13939144,0.27791572
Rps6kc1,0.0,0.24626197,0.19341506,0.16037187,0.251049
Angel2,0.0,0.34061798,0.22647598,0.3157897,0.02597785
Vash2,0.0,-0.021091342,0.16440621,-0.08356059,0.028323855
Flvcr1,0.0,0.07422803,0.051006317,0.061360203,0.0830732
Spata45,0.0,-0.11226024,-0.03278888,0.0066363364,-0.04785376
Tatdn3,0.0,0.087090895,0.12543452,0.2566845,-0.1119895
Batf3,0.0,-0.010349842,0.02772609,0.0016253762,-0.012096893
D730003I15Rik,0.0,0.062304996,0.19289547,0.2726091,0.035296857
Gm37168,0.0,-0.033071,0.010161929,0.08498846,0.01963952
Nenf,0.0,-0.17222597,-0.040913783,-0.17984974,-0.07627247
Pacc1,0.0,-0.38339114,0.13881087,0.02454307,0.06487595
Ppp2r5a,0.0,-0.037689075,0.1783167,0.055277653,-0.029875994
Ints7,0.0,0.016420953,0.17257957,0.26735216,-0.0012315512
Lpgat1,0.0,0.54492635,0.44593072,0.35125166,0.11396974
1700034H15Rik,0.0,-0.07644124,0.029887125,-0.008651399,-0.009133869
Slc30a1,0.0,0.2843692,0.022139087,0.19502011,0.14431259
Gm26670,0.0,-0.117399685,-0.04448857,0.073340826,0.069908604
Traf5,0.0,0.02456209,0.4112171,0.061051637,0.15607126
Gm26879,0.0,-0.39913556,0.061234288,-0.10426618,-0.23489341
Rcor3,0.0,0.1977479,0.31748396,0.2318017,0.11878114
Gm10516,0.0,0.06998266,0.07507719,0.51245105,0.2906284
Kcnh1,0.0,0.217268,0.15291204,-0.06504779,0.11933171
Hhat,0.0,-0.0106931925,0.16499226,0.14725195,0.025725365
Sertad4,0.0,0.11205869,-0.029082937,0.019759517,-0.20471801
Gm15867,0.0,-0.0761161,-0.11743134,-0.067644164,-0.017976725
Syt14,0.0,-0.037385486,0.027926669,0.008477919,0.04822194
Utp25,0.0,0.14787012,0.03335157,0.10582006,-0.12990394
A130010J15Rik,0.0,-0.19898169,-0.1659491,-0.14603,0.19754618
Traf3ip3,0.0,-0.007839533,0.0054807197,0.06355524,-0.013549859
Lamb3,0.0,0.36453402,-0.052493438,0.27791694,0.19839405
Hsd11b1,0.0,0.14939715,-0.012508482,0.29921407,0.16162151
G0s2,0.0,-0.08688059,-0.23734021,-0.045240443,0.09260843
Camk1g,0.0,-0.003627926,-0.15472502,-0.14089522,-0.17748015
Plxna2,0.0,0.44632393,0.47201043,0.48909408,0.16613871
Cd34,0.0,0.028402977,0.086777195,0.07193084,0.06814027
Gm16897,0.0,-0.17078163,-0.33457658,-0.3346974,-0.29243153
A330023F24Rik,0.0,0.15775798,0.15904734,0.14422873,-0.1077725
Gm32250,0.0,-0.40660864,-0.13047215,-0.46077645,-0.373511
Cd46,0.0,-0.094664335,0.024773069,0.053400658,-0.08239986
Cr1l,0.0,-0.38992426,-0.08157494,-0.097504295,-0.14603002
Cr2,0.0,-0.22537449,-0.12335849,-0.4746776,-0.24239686
Fam171a1,0.0,-0.05836557,0.1329514,0.07936928,0.08847687
Nmt2,0.0,0.20246911,0.068904504,0.10967745,-0.111829385
Rpp38,0.0,0.15384386,-0.23828554,0.02649019,-0.035485454
Meig1,0.0,0.056354128,0.042955026,0.035660855,0.030354995
Dclre1c,0.0,0.1992576,0.08396393,0.25695866,0.004863724
Suv39h2,0.0,0.041026957,-0.079461545,-0.185171,0.08657311
Gm13184,0.0,-0.035532027,0.033173185,0.03152005,-0.08339453
Hspa14,0.0,-0.18518466,0.13684684,0.1275481,0.04725486
Gm45902,0.0,-0.16482791,-0.017936122,0.14613017,-0.07004103
Cdnf,0.0,0.09272329,-0.033910494,-0.05311113,-0.054133765
Fam107b,0.0,0.12294842,0.27190268,0.23416542,-0.058989495
Frmd4a,0.0,-0.017025173,0.13247623,0.08529377,-0.023671865
Gm10862,0.0,-0.16234836,-0.053254858,-0.046384137,-0.20784646
Gm38085,0.0,-0.071107335,-0.067099035,0.013490882,-0.2005813
1700080N15Rik,0.0,-0.24555576,-0.09820628,0.20525661,-0.36036444
Gm37814,0.0,-0.018899767,-0.051238634,0.10234366,-0.054705948
Gm37107,0.0,0.16060442,-0.016426377,0.09324557,-0.099982776
Gm38348,0.0,0.008079164,0.016970243,-0.045242473,0.09358917
Gm13187,0.0,0.13605744,0.43040368,0.1017952,-0.35618505
Gm36988,0.0,-0.25476024,0.32861298,-0.107432306,-0.48432514
Prpf18,0.0,0.13554983,0.08112019,0.055761166,0.0063813254
Bend7,0.0,-0.06015575,-0.1585863,0.046370946,-0.15337001
Sephs1,0.0,0.02512455,-0.0038873255,0.13369277,0.07300324
Phyh,0.0,0.25119457,0.105366394,0.27937907,0.20401482
Mcm10,0.0,0.14142144,0.1043302,0.01475317,0.03706099
Optn,0.0,0.42187577,0.15594745,0.2996289,0.22214922
Ccdc3,0.0,-0.044193383,-0.092899375,-0.05818467,0.039801452
Camk1d,0.0,1.2344863,0.79203576,0.2564125,0.14250654
Cdc123,0.0,0.24388851,0.15393499,0.20205426,-0.07533117
Nudt5,0.0,0.1621039,0.13855499,-0.17120537,-0.14880276
Sec61a2,0.0,-0.14165705,0.098871976,0.07602964,-0.03971134
Dhtkd1,0.0,0.013968326,0.29585344,0.19183412,-0.11344756
Upf2,0.0,0.241207,0.12630533,-0.05835651,-0.075129
Proser2,0.0,-0.16874745,0.09416268,0.17776524,0.27859336
A230108P19Rik,0.0,-0.060825635,-0.015095945,0.20729485,0.023273073
Usp6nl,0.0,-0.0464406,0.08480638,0.05639657,-0.029057197
Celf2,0.0,0.015066721,0.07584357,0.07537536,-0.036044285
Gm10855,0.0,0.03815144,-0.099317506,0.019502308,-0.019475201
Gm10115,0.0,0.05097147,0.1005256,0.20462495,0.1874141
Taf3,0.0,-0.09515489,0.24064204,-0.12289781,-0.07232835
Atp5c1,0.0,0.042131267,0.08798011,-0.18364625,-0.0041210577
Kin,0.0,-0.2892982,-0.13885294,-0.10476231,-0.12959246
Itih5,0.0,-0.23444064,-0.30417064,-0.5715138,-0.2976647
Sfmbt2,0.0,-0.18052629,-0.13816412,-0.15585372,-0.24333626
Prkcq,0.0,0.20607446,-0.036101233,0.0696742,-0.15006608
8030442B05Rik,0.0,0.039788477,-0.30286476,-0.011597542,0.013241112
Gm13293,0.0,0.16572148,0.057287835,0.073179826,0.21363214
Pfkfb3,0.0,0.09738611,-0.15506655,-0.18045701,-0.29525456
Gm10851,0.0,-0.08195356,-0.05534505,-0.049183544,0.030285796
Rbm17,0.0,0.37219533,-0.15964973,0.12990633,0.025342375
Il15ra,0.0,0.038020153,0.04412889,-0.10437862,-0.3646614
Fbh1,0.0,-0.17139883,0.11362779,0.046664294,-0.22473243
Ankrd16,0.0,0.30474305,0.17193231,0.43165702,0.02130486
Itga8,0.0,-0.05345265,-0.11455657,0.04638265,-0.017488737
Mindy3,0.0,0.03632097,0.13543613,0.20489913,0.051245563
Pter,0.0,0.1295894,0.060768485,0.32286304,0.243238
C1ql3,0.0,0.20322764,-0.08048424,-0.039911866,-0.08259712
Rsu1,0.0,0.1495148,0.1959742,0.13003029,-0.017025933
Gm13270,0.0,-0.05058241,-0.09208489,0.05978357,-0.0833418
Cubn,0.0,0.16446538,-0.07167734,0.0026838938,-0.13301629
Trdmt1,0.0,-0.034926254,0.015107581,0.00386441,-0.20977163
Vim,0.0,0.31571454,0.176721,0.27791744,0.2872104
St8sia6,0.0,0.21311618,-0.0048661157,0.044836264,0.029732384
Hacd1,0.0,0.07394686,-0.0073926225,0.17478763,0.034773923
Stamos,0.0,0.02957217,0.023924138,0.019281734,0.07070122
Stam,0.0,0.12445493,-0.018970713,0.07959883,-0.108530015
Mrc1,0.0,-0.0024085492,0.13884704,0.06910447,0.058762085
Slc39a12,0.0,-0.014637321,-0.032190956,-0.10878502,-0.011617564
Gm13266,0.0,0.29102522,-0.32189462,0.2664594,-0.29459807
Cacnb2,0.0,0.054583166,0.062425464,0.06372444,-0.07055919
Gm10848,0.0,-0.17129512,-0.20361838,-0.17730305,-0.19535075
Gm13269,0.0,-0.2100084,0.016161524,-0.20684798,-0.28939787
Nsun6,0.0,0.055999555,-0.052980185,0.2513191,0.02229578
Arl5b,0.0,0.1987865,0.0038165748,0.26893297,0.065139145
Malrd1,0.0,-0.053440865,-0.12140531,-0.09037271,-0.09788002
Plxdc2,0.0,0.08536697,0.14298928,0.09285145,0.11851331
Nebl,0.0,0.02783151,0.14159183,0.14303675,0.11752241
A930004D18Rik,0.0,0.24145222,0.10625466,0.06541479,-0.09425899
Skida1,0.0,-0.23226534,-0.0042762086,0.04975096,-0.13657728
1810059C17Rik,0.0,0.16998804,-0.07721844,0.22065814,-0.053682253
Mllt10,0.0,-0.15225597,0.022889016,-0.1321084,-0.13310333
Dnajc1,0.0,-0.13586412,-0.012290365,-0.13694417,-0.1307206
Commd3,0.0,0.36032152,0.26431707,0.31869292,0.19337714
Bmi1,0.0,0.12691875,0.17809007,0.1654875,0.037957422
Spag6,0.0,-0.1316129,-0.0011499301,-0.19110124,-0.17500755
Gm20539,0.0,0.018572075,0.088024914,-0.084483825,0.02282392
Pip4k2a,0.0,0.030602336,0.2714784,0.20149349,0.11129651
Armc3,0.0,0.027409572,-0.030959135,-0.013634965,-0.030660016
Msrb2,0.0,0.3203547,0.16119692,0.3346988,-0.017692402
Otud1,0.0,0.055195235,-0.037278265,0.1598154,0.07748297
Etl4,0.0,0.1504313,0.049188625,0.2508338,-0.33721146
Gm17171,0.0,-0.019239865,-0.068612374,0.07047061,-0.06086588
Gm13362,0.0,-0.055685073,-0.0026161177,-0.004460427,-0.014317028
Arhgap21,0.0,0.025259912,0.0011783838,0.054769706,-0.006722912
Gm13375,0.0,0.04952403,0.047425278,-0.112075016,-0.016508525
Enkur,0.0,0.15373287,0.007383637,0.16787297,0.10948981
Thnsl1,0.0,0.107101396,0.054908786,-0.09848207,-0.17316431
Gm13327,0.0,0.22714484,0.08335887,0.26772964,0.17747913
Gpr158,0.0,0.50545526,0.30874908,0.4329328,0.041650593
Gad2,0.0,0.71846604,0.29054484,0.01602441,0.29084268
Apbb1ip,0.0,0.023465686,0.1393364,0.055094518,0.027083501
Pdss1,0.0,-0.06437429,0.020299707,-0.080664165,-0.029539898
Abi1,0.0,0.21995893,0.14642242,-0.09121366,0.015453592
Acbd5,0.0,-0.11546265,-0.06237609,-0.070569135,-0.14339904
Mastl,0.0,0.3957509,0.08546094,0.20984702,0.058261693
Yme1l1,0.0,0.13233605,0.07809344,0.037488326,0.05757901
4931423N10Rik,0.0,0.099276364,-0.0587316,-0.12274985,-0.034069158
Spopl,0.0,-0.088325694,-0.13181451,0.010682028,-0.12520035
Hnmt,0.0,-0.045965724,-0.062310286,0.04573887,0.09310523
Cacna1b,0.0,0.34187484,0.13361406,0.31725326,0.07736726
Ehmt1,0.0,-0.1278364,-0.07868676,-0.027160788,-0.10345024
Arrdc1,0.0,0.21819118,0.22473685,0.23931493,0.08731007
Zmynd19,0.0,0.085031934,0.0294488,-0.064066246,0.10119067
Dph7,0.0,-0.056504123,-0.14999278,0.03245691,-0.06847547
Mrpl41,0.0,-0.16194838,0.011802528,-0.13971102,-0.17689705
Pnpla7,0.0,-0.51752937,-0.38237178,-0.32358944,-0.26138523
Nsmf,0.0,-0.015685298,0.1845744,0.21387485,-0.12887979
Nrarp,0.0,-0.039418872,-0.06366792,0.21402386,-0.11935413
Nelfb,0.0,0.035175323,0.016620398,0.21582288,0.051686555
Tubb4b,0.0,-0.08403048,0.13262883,-0.1350695,0.06386112
Rnf208,0.0,-0.1740863,0.19219762,0.078497,0.3569532
Ndor1,0.0,0.00072850473,0.13548747,-0.03785704,-0.18394144
Tmem203,0.0,0.0095671825,-0.08105337,0.08572631,0.081771344
Tprn,0.0,0.06563565,0.1740869,-0.045110427,0.14780334
Ssna1,0.0,0.4251027,0.38753498,0.35750234,-0.008238256
Anapc2,0.0,0.08544292,-0.029759023,0.05253867,-0.16529864
Grin1,0.0,0.24894626,-0.1175362,0.15082464,-0.0050331056
Grin1os,0.0,-0.020492062,0.034735613,0.046456493,-0.059909802
Man1b1,0.0,-0.34970674,-0.06244722,0.16132034,-0.16402507
Dpp7,0.0,0.32831156,0.4489181,0.36508653,0.5332636
Uap1l1,0.0,-0.10712871,0.07140559,0.021075966,0.034735166
Entpd2,0.0,0.43422833,0.4206319,0.40879393,0.21525557
Npdc1,0.0,-0.1917542,-0.054519795,0.036055773,-0.018969402
Abca2,0.0,0.26764157,0.097765096,0.08032209,-0.0021450669
Paxx,0.0,0.16077279,0.39483503,0.4170733,-0.007162854
Ptgds,0.0,-0.11075696,0.0329682,-0.27750283,0.21336018
C8g,0.0,0.035777736,0.016164351,0.024812628,0.001932105
Fbxw5,0.0,0.2363958,0.42781192,0.24269342,0.015033349
Traf2,0.0,-0.09145316,0.13961321,0.2041918,0.09018514
Edf1,0.0,0.20872371,0.32187256,-0.0034338087,0.06084642
Mamdc4,0.0,-0.30403545,-0.20839424,-0.32876632,-0.37955016
Phpt1,0.0,-0.10944312,0.3330128,-0.118680365,0.21078883
Ajm1,0.0,0.3659318,0.48324782,0.47456175,0.13732088
Rabl6,0.0,-0.19766931,-0.018520366,-0.013825971,-0.10602479
Fcnaos,0.0,-0.07796468,-0.01849245,-0.18049869,-0.09151971
Tmem141,0.0,0.07049534,0.19505364,-0.108803585,-0.08104393
Bmyc,0.0,0.4165867,0.19199389,0.2515028,0.03326167
Kcnt1,0.0,0.24809566,0.40667093,0.27827016,-0.26406658
Camsap1,0.0,0.14796516,0.15438323,0.108195335,0.041549034
Ubac1,0.0,-0.11210632,-0.13532236,-0.19511494,-0.1963166
Nacc2,0.0,0.080102876,0.15470317,0.024029776,-0.022986941
Tmem250-ps,0.0,0.19631296,0.14931305,0.23767991,0.123859435
Qsox2,0.0,0.2406312,0.29136422,0.3111732,0.364834
Ccdc187,0.0,-0.000866659,0.11814478,0.076467976,0.15057586
Gpsm1,0.0,0.4739045,0.5028733,0.60079813,0.13579011
Dnlz,0.0,-0.036939174,0.32519847,-0.10554177,-0.032942474
Card9,0.0,0.027005143,0.06672838,0.02319141,-0.0020907372
Gm13562,0.0,-0.0123951025,0.032940093,0.09149336,-0.0683628
Snapc4,0.0,0.1513477,0.08322164,0.116413444,0.13027124
Gm13563,0.0,-0.1428704,0.12700804,-0.07691093,-0.28116497
Entr1,0.0,0.079603,0.1580231,0.16662052,0.082061306
Pmpca,0.0,0.18382302,-0.094151445,0.06669824,-0.30945358
Inpp5e,0.0,0.23961458,0.15986249,0.18141352,-0.024381086
Sec16a,0.0,-0.043496303,0.07556578,0.2507599,-0.051755883
0610009E02Rik,0.0,0.12312861,0.15174761,0.07852961,0.0022523403
Notch1,0.0,0.006567195,0.17810972,0.33637494,0.0903508
Egfl7,0.0,-0.050793942,0.038698032,0.00051488355,0.036373988
Agpat2,0.0,-0.093840495,-0.0824937,-0.1294497,-0.061266348
Dipk1b,0.0,-0.27161962,0.024231762,0.16071452,0.0129693635
Surf6,0.0,-0.0028771684,-0.030471556,0.10944539,0.035113644
Med22,0.0,-0.13617826,-0.016722947,-0.09537688,-0.11154783
Rpl7a,0.0,0.31433058,0.27449727,-0.11751127,0.28895327
Surf1,0.0,0.0036473498,0.051891953,0.09093767,-0.028602123
Surf2,0.0,-0.0842558,0.11100108,-0.068255335,-0.07731888
Surf4,0.0,0.21164739,0.27434504,0.25273037,0.02278106
Stkld1,0.0,0.050002314,-0.01066152,0.14050862,-0.014430016
Rexo4,0.0,-0.004311921,-0.0056379624,0.01049652,-0.3533862
Cacfd1,0.0,0.23978665,0.018780582,0.15269507,0.058603585
Slc2a6,0.0,-0.048849296,0.059030302,0.081368804,0.02453857
Adamtsl2,0.0,0.067566454,0.05838935,0.012630966,0.098974004
Fam163b,0.0,0.0018445873,-0.06793741,-0.06937289,0.0055712196
Sardh,0.0,0.10013345,0.26427776,0.054567076,0.010324933
Vav2,0.0,0.11449939,0.15020943,0.22287717,-0.07753115
Brd3os,0.0,0.099463366,0.21066491,-0.1342746,0.064924195
Brd3,0.0,0.029383868,-0.032892235,0.13632822,0.03941678
Wdr5,0.0,-0.15951331,0.095743194,0.11911986,-0.08479256
Gm13421,0.0,0.0746221,-0.039614912,0.05087355,0.078043126
Rxra,0.0,-0.12571815,0.15057029,-0.08648601,-0.28199673
Col5a1,0.0,0.11906082,0.032373756,0.14582856,0.29481196
Olfm1,0.0,0.322023,0.119138606,0.042600334,0.07917379
Ppp1r26,0.0,0.2787001,0.048052147,0.3499709,0.15830204
1700007K13Rik,0.0,-0.075613745,0.1674868,0.14753541,-0.1599679
Mrps2,0.0,0.22789983,0.30573827,0.042205855,-0.0047592074
Ralgds,0.0,0.12434518,0.22535135,0.29906598,-0.05108531
Gtf3c5,0.0,-0.296687,-0.19983491,-0.13884269,-0.15564801
Tsc1,0.0,0.17926395,0.17062227,0.24963719,-0.08958614
Spaca9,0.0,-0.06616299,0.028072877,0.053715244,0.0644728
Ak8,0.0,-0.21993403,-0.018182697,-0.04799016,-0.02621861
Gtf3c4,0.0,0.25349343,0.09007057,0.18629062,0.08128289
Ddx31,0.0,-0.24582386,-0.033729434,-0.23035938,-0.25912678
Cfap77,0.0,0.11518231,0.039341398,0.024485033,0.015159011
Ttf1,0.0,-0.37109375,-0.29011363,-0.12390801,-0.23021197
Setx,0.0,-0.1666894,-0.18563344,-0.033025168,-0.14803955
Ntng2,0.0,0.031961292,0.24757862,0.53537023,0.01107119
6530402F18Rik,0.0,-0.0105291,0.008164932,0.002222091,-0.13186696
Med27,0.0,-0.18449703,-0.0010820478,-0.08206704,-0.21396905
Gm13402,0.0,-0.23463732,0.181404,-0.21116312,0.0010201791
Rapgef1,0.0,-0.14898267,0.075972535,0.013138972,-0.11100558
Trub2,0.0,-0.24665532,-0.06655532,-0.17232022,-0.2811357
Coq4,0.0,-0.08409579,0.25454658,-0.1541507,0.01668898
Slc27a4,0.0,0.0589315,0.21019453,0.1788903,0.19762678
Urm1,0.0,0.012734443,0.07338557,0.15944606,0.17644247
Cercam,0.0,-0.17672333,-0.13590914,-0.11274156,-0.1559622
Odf2,0.0,0.0352007,0.13722433,0.28136936,-0.05140376
Gle1,0.0,0.25676736,0.36327913,0.4079565,0.1964195
Sptan1,0.0,-0.015562404,0.00013330206,0.005574595,-0.19111529
Wdr34,0.0,0.09080574,0.13462982,0.17234388,0.092717804
Set,0.0,0.48460677,0.2501916,0.14658454,0.25622526
Zdhhc12,0.0,-0.072194815,-0.24660595,0.080568105,-0.07982561
Zer1,0.0,-0.10943672,0.14164472,0.18077037,-0.18975405
Tbc1d13,0.0,0.043868273,0.2418138,0.30345136,0.13441643
Endog,0.0,-0.084532775,0.05453411,0.15516847,-0.19781032
Spout1,0.0,-0.29871798,0.06107799,0.03780184,-0.21285841
Kyat1,0.0,-0.38526124,-0.1843001,-0.23403904,-0.36940187
Lrrc8a,0.0,-0.4209784,-0.16723947,-0.4953847,-0.31703317
Phyhd1,0.0,-0.28966248,0.06947669,-0.2751249,-0.37620476
Dolk,0.0,-0.16358042,0.007054965,-0.006303751,-0.10828815
Nup188,0.0,-0.2817871,-0.29636103,-0.052464582,-0.2929138
Gm14471,0.0,-0.37185952,-0.12866637,-0.21170838,-0.2705959
Sh3glb2,0.0,0.38786352,0.3371399,0.17070727,0.06539838
Miga2,0.0,-0.33057186,-0.06261817,-0.1504536,-0.21773061
Dolpp1,0.0,0.115786,-0.0050539263,-0.05946954,0.021072734
Crat,0.0,0.01598633,0.0051659197,0.11476521,0.092528
Ptpa,0.0,-0.040422797,0.02178621,0.016048517,-0.07922257
Ier5l,0.0,-0.018126287,-0.012851685,0.2801051,0.10744206
Cstad,0.0,-0.07165172,0.014171533,-0.13435297,-0.031669464
9330198N18Rik,0.0,0.18253855,0.083983235,0.39421648,0.12625498
Gm14486,0.0,-0.083937004,-0.11383812,-0.10074061,-0.09630961
1700001O22Rik,0.0,-0.04736939,-0.09980821,0.2042116,0.16620296
Ntmt1,0.0,0.059256047,0.2968598,0.40351123,0.3474128
Asb6,0.0,-0.006251067,0.24396129,0.23784342,0.094793186
Prrx2,0.0,-0.1675114,0.11001781,0.1515516,0.15566745
Ptges,0.0,0.18504775,0.15628605,0.11070321,0.04826375
Tor1b,0.0,-0.023133688,-0.03560382,0.024202555,0.10334501
Tor1a,0.0,-0.01760767,-0.06112325,0.017527688,0.09958133
BC005624,0.0,0.20783538,0.1902461,-0.11116354,0.07736683
Usp20,0.0,0.06727032,0.20539957,0.39821655,0.23483716
Fnbp1,0.0,0.16168553,0.24519296,0.3413406,0.11662224
D330023K18Rik,0.0,-0.010598794,0.19412377,0.14164913,0.31034043
Gpr107,0.0,-0.16020615,-0.09598947,-0.07605461,-0.07302765
Ncs1,0.0,0.3223309,0.12855804,0.1670051,0.145875
Hmcn2,0.0,-0.060173728,-0.038853295,0.043981127,-0.0048975935
Ass1,0.0,-0.10430197,0.09645343,-0.20682105,-0.006668617
Fubp3,0.0,-0.11005933,0.011366952,0.005648464,-0.27005923
Exosc2,0.0,-0.039934725,0.13016656,0.1843245,0.10105841
Gm13427,0.0,-0.25897032,0.050629042,-0.023691464,0.06545065
Abl1,0.0,-0.18332654,-0.037936118,-0.08170313,-0.20977667
Fibcd1,0.0,-0.15802586,-0.059904747,-0.09395246,-0.09507852
Lamc3,0.0,-0.08573471,-0.09641536,0.0005611703,-0.1080554
Aif1l,0.0,0.16975155,-0.00061839074,0.031734757,-0.022031218
Nup214,0.0,-0.018724069,0.045019448,0.057761285,-0.08945736
Fam78a,0.0,-0.047248352,0.07643462,-0.05360944,0.0050258217
Plpp7,0.0,0.068485826,0.43882138,0.12120591,0.28567678
Prrc2b,0.0,0.042437583,0.08153804,0.088259056,-0.060262613
Gm13610,0.0,-0.1685887,-0.040517762,-0.12731092,-0.19231972
Pomt1,0.0,-0.26393402,-0.12300989,0.061117448,-0.33876142
Uck1,0.0,0.1996643,0.23312941,0.35709035,0.05718568
Swi5,0.0,0.15852037,0.2139126,0.00712052,0.14957327
Golga2,0.0,0.31888124,0.17071202,0.10679268,0.048254177
Dnm1,0.0,0.17458433,-0.087065294,-0.1564531,0.005647838
Ciz1,0.0,0.086841226,0.08032971,0.2642472,0.09506473
1110008P14Rik,0.0,-0.10287095,0.005654184,-0.16334938,-0.06798222
Ptges2,0.0,0.017602429,0.09852839,0.14302486,0.019077234
Slc25a25,0.0,0.04428499,0.013906777,0.04211198,-0.028285764
Naif1,0.0,0.08228397,-0.036354173,0.07225838,0.042260252
Fam102a,0.0,0.2321924,0.28701445,0.4503594,0.017686963
Dpm2,0.0,-0.06971549,0.042011123,0.2965763,-0.086676024
9430097D07Rik,0.0,0.026760578,0.02373973,0.050914694,0.041061964
Pip5kl1,0.0,-0.037962593,0.11712606,-0.1306127,0.019285355
St6galnac4,0.0,-0.18894285,0.07374701,-0.16513096,-0.12857382
St6galnac6,0.0,0.031791013,0.08568916,0.15818407,-0.15137365
Ak1,0.0,0.31015748,0.19389048,-0.15577945,0.2303339
Eng,0.0,-0.03552967,0.117629856,0.023474187,-0.07812807
Fpgs,0.0,0.16549227,0.29362947,0.19366233,0.008744597
Cdk9,0.0,0.32947776,0.37399608,0.44325808,0.3354416
Sh2d3c,0.0,0.02822766,0.08498952,-0.18467814,-0.0679852
6330409D20Rik,0.0,-0.03191018,0.14830057,0.017236428,-0.015998103
Ttc16,0.0,-0.05473498,-0.08207475,0.14759277,0.047699895
Tor2a,0.0,-0.08034645,0.03635534,-0.15793769,0.054047443
Ptrh1,0.0,0.11125277,0.10088438,0.08953942,0.1700856
Cfap157,0.0,-0.24499944,0.10749648,0.15231597,-0.1031136
Stxbp1,0.0,0.15615873,0.01128123,-0.06955264,-0.1235903
Gm13524,0.0,0.06179726,0.06154277,0.14183447,0.083623104
Fam129b,0.0,-0.071863025,0.4906988,0.37684777,0.30952677
Lrsam1,0.0,-0.09679866,-0.11681567,0.04301667,-0.09164158
Rpl12,0.0,0.21227497,0.18940495,-0.14419913,0.015863515
Slc2a8,0.0,-0.018750817,0.09056987,0.25302503,-0.046255194
Garnl3,0.0,0.28498587,0.23281452,0.2637342,0.133852
Ralgps1,0.0,0.09349428,0.17315908,0.11443026,-0.021367997
Gm13528,0.0,0.10962242,0.04201357,0.015035726,0.072726354
Angptl2,0.0,-0.23869649,-0.057943605,0.00089422613,-0.18616708
Zbtb34,0.0,-0.03855706,0.12896079,0.20830508,0.10353121
Zbtb43,0.0,0.08558748,0.055494815,0.018556029,-0.055983365
Gm13530,0.0,-0.029806986,-0.014000073,-0.016547069,-0.02024272
Lmx1b,0.0,0.030305699,-0.075987265,0.040259313,-0.024969913
Mvb12b,0.0,-0.18665354,-0.011583994,-0.10525261,-0.09680143
C230014O12Rik,0.0,0.030807994,-0.06310693,0.00016623922,-0.096784286
Pbx3,0.0,0.20132071,0.29119238,0.15247096,0.06881644
C79798,0.0,0.049010396,-0.074359305,-0.079533644,-0.13799755
Mapkap1,0.0,-0.19507197,-0.1132112,-0.1641299,-0.15477277
Gapvd1,0.0,-0.024056062,0.098845504,0.057590097,0.06481922
Hspa5,0.0,-0.2696725,-0.1498409,-0.19372706,-0.043002196
Rabepk,0.0,0.0039364398,-0.012450129,0.28583682,0.34367687
Fbxw2,0.0,0.0848155,0.058681644,0.08396447,0.0007812381
Psmd5,0.0,0.12728217,-0.04473132,-0.19617891,-0.13035713
AI182371,0.0,0.0053467974,0.051221345,-0.075467825,0.03247646
Cntrl,0.0,0.17216456,0.2827241,0.196337,0.16124782
Rab14,0.0,0.18416212,0.067334175,-0.005755961,0.095312186
Gsn,0.0,0.047442753,0.005392678,0.0114463195,-0.07928694
Stom,0.0,0.13613066,0.014247671,0.047342647,0.10055265
Ggta1,0.0,-0.046222,0.22964005,0.16522887,0.045553505
Gm13446,0.0,0.15754603,-0.088045046,0.25674307,-0.0001938045
Dab2ip,0.0,0.36103308,0.11617392,0.2039143,0.06869961
Ttll11,0.0,0.0426372,0.09381955,0.28356916,-0.055983156
Ndufa8,0.0,0.21034588,0.1463027,-0.089419305,0.118499614
Rbm18,0.0,0.02043096,-0.0636107,0.087836266,0.14816067
Mrrf,0.0,-0.038744114,0.24773744,-0.14341465,-0.16598749
Ptgs1,0.0,0.15014634,-0.032676093,0.1902768,0.07460104
Pdcl,0.0,0.09920747,-0.1841955,-0.06325208,-0.106041335
Rc3h2,0.0,0.042600647,-0.020706557,0.0565741,0.05501271
Zbtb6,0.0,-0.074587956,-0.0822697,-0.032021526,-0.15051416
Zbtb26,0.0,-0.07841776,-0.34507698,-0.10521111,-0.004312299
Rabgap1,0.0,-0.08009486,0.04431418,-0.0047770515,-0.01684197
Strbp,0.0,-0.07173759,-0.02852429,-0.12744752,-0.040609572
Gpr21,0.0,-0.065012455,-0.18772,-0.2850595,-0.40244156
Crb2,0.0,-0.21765426,-0.25395387,-0.04782042,-0.32590932
Dennd1a,0.0,-0.10948478,0.07658966,-0.0142313875,-0.13090885
Lhx2,0.0,-0.01661095,-0.18957157,-0.17345825,0.08812625
Gm13589,0.0,0.023836493,-0.08479528,0.11992377,0.030468453
Nek6,0.0,0.12445095,0.37696415,0.05639883,0.07667347
Psmb7,0.0,0.07910507,0.08955492,0.05128566,0.0035264418
Nr6a1,0.0,0.024593927,-0.06724985,0.015531778,0.05066271
Nr6a1os,0.0,0.15046221,-0.12938419,0.20681456,0.047100358
Wdr38,0.0,-0.0227831,-0.053087726,0.06910718,-0.009910408
Rpl35,0.0,0.41283488,0.2115278,-0.3816259,0.15426373
Arpc5l,0.0,-0.013557859,-0.06771772,-0.3984123,-0.122568265
Golga1,0.0,0.07828028,0.2261849,0.19160777,0.020374075
Scai,0.0,0.260901,0.32831994,0.29516992,0.084359705
Ppp6c,0.0,-0.06489355,0.060210437,-0.14892232,0.08585251
Lrp1b,0.0,0.0065325275,0.017938875,0.05193261,0.09360995
Arhgap15,0.0,-0.041328356,-0.09823985,0.14241812,-0.008555312
Gtdc1,0.0,0.101988494,0.20066604,0.20553927,0.18812616
Zeb2,0.0,-0.100432664,0.11515042,-0.08400133,-0.036554925
Zeb2os,0.0,-0.3292582,-0.18811126,-0.06847365,-0.23189536
Gm13481,0.0,0.025251333,-0.18325683,0.018345851,-0.094428
Acvr2a,0.0,0.009616982,0.061034217,-0.07344241,-0.22337055
Orc4,0.0,0.01872867,0.082410604,-0.09529031,-0.07027271
Mbd5,0.0,-0.025289387,0.0099437535,-0.017569482,-0.020898797
Epc2,0.0,-0.064879455,0.061215643,-0.19026673,-0.029923897
Kif5c,0.0,0.4154457,0.21858406,0.0453569,0.2547981
Lypd6b,0.0,0.045218743,0.010177672,0.21633036,0.31573838
Lypd6,0.0,0.23657975,0.2008965,-0.08624095,0.16361642
Mmadhc,0.0,0.3153573,0.23274806,0.18545759,-0.069459915
Gm13483,0.0,-0.11828,0.066366926,-0.09708019,-0.063260615
Rnd3,0.0,0.36960536,0.19514799,0.3009349,-0.021888882
Rbm43,0.0,0.13365093,0.044071466,-0.01751855,0.028304435
Nmi,0.0,-0.11624217,0.11640929,0.06437272,0.04529708
Tnfaip6,0.0,0.029990219,-0.09564411,-0.004403986,0.25431883
Rif1,0.0,-0.13109702,0.087640986,-0.04104977,0.030072272
Neb,0.0,0.03987243,-0.030044727,0.051507223,0.07525608
Arl5a,0.0,-0.043319486,-0.15133984,-0.08107806,0.01312267
A430018G15Rik,0.0,-0.21441244,-0.10554999,-0.08594319,-0.19273084
Cacnb4,0.0,0.35673922,0.003774196,0.24499711,0.018605858
Stam2,0.0,-0.19986773,-0.12566191,-0.02205234,-0.08509835
Fmnl2,0.0,-0.08215896,0.131556,-0.04897981,-0.02399657
Prpf40a,0.0,-0.015293375,0.11964358,-0.05579061,0.012302533
Arl6ip6,0.0,0.18165043,-0.059945554,0.15721947,0.08366269
Rprm,0.0,0.41743094,0.13016325,0.13311416,0.11068245
Galnt13,0.0,0.13562723,0.11066489,0.33905694,-0.08288492
Gm14033,0.0,0.052052625,-0.02481772,-0.057478327,0.026867393
Kcnj3,0.0,0.36203808,0.24226967,0.24246135,-0.07245639
Nr4a2,0.0,0.25925782,-0.31753314,-0.17067078,0.028227039
BB557941,0.0,-0.05879721,0.10692968,0.08440354,0.25122452
Gpd2,0.0,0.05768305,0.24592666,-0.050630778,0.21812245
Galnt5,0.0,-0.008047955,-0.08386611,-0.024864636,0.027856069
Ermn,0.0,0.61050195,-0.0045144707,-0.25270024,0.3059633
Acvr1c,0.0,0.25942692,0.26586336,0.15528992,0.02373229
Acvr1,0.0,-0.17098525,0.010231208,-0.099700116,-0.24122363
Upp2,0.0,0.031804018,0.094755545,0.26050255,-0.03156863
Ccdc148,0.0,-0.2786378,-0.1573302,0.16423163,-0.12733127
Gm11099,0.0,0.07180312,-0.16212812,0.15020986,-0.011302654
Pkp4,0.0,0.18508577,0.29585004,0.23470305,0.046145886
Tanc1,0.0,-0.0014054456,-0.060954753,-0.05095909,-0.2164923
Wdsub1,0.0,0.0875582,0.15722682,0.21309756,-0.064637706
Baz2b,0.0,-0.16505334,-0.0019148644,-0.04779807,-0.0975855
Gm13572,0.0,0.1312552,-0.08505272,-0.08993758,-0.08581074
Gm13620,0.0,-0.052807532,-0.0011658473,0.009275485,0.0019180868
March7,0.0,0.026018634,0.25598955,0.12656702,0.039039567
Cd302,0.0,-0.003689996,-0.11015862,-0.12531278,-0.08035967
Ly75,0.0,-0.14054972,-0.0134651195,-0.073019885,-0.018892217
Rbms1,0.0,0.037685283,0.04036639,-0.003562294,0.027511947
Tank,0.0,-0.09891687,-0.1036056,-0.16462478,-0.13399442
Psmd14,0.0,0.06316142,0.042318612,-0.020867303,-0.044864364
Slc4a10,0.0,0.38521782,0.11681571,0.31214216,-0.05147107
Dpp4,0.0,-0.019476011,0.1341699,0.12685087,0.14686128
Gm13561,0.0,0.18291324,-0.051949643,0.2097899,0.11189676
Fap,0.0,0.11016768,0.0014244951,-0.03337932,0.03267807
Ifih1,0.0,-0.12616551,0.31170842,0.098591276,0.08518623
Gca,0.0,-0.05514267,0.018097777,-0.059593007,0.09349625
Kcnh7,0.0,0.38772354,0.29990166,0.46678787,-0.056188017
Fign,0.0,0.09071169,0.17703924,0.009307802,-0.10761969
Grb14,0.0,0.46603048,0.14187123,0.19180806,0.0062925965
Cobll1,0.0,0.10663516,0.1586256,0.054661207,0.11250211
Slc38a11,0.0,-0.06591607,-0.11222946,0.055715367,0.056500763
Scn3a,0.0,0.4456712,0.27365267,0.08693665,0.23105499
Scn2a,0.0,0.40824383,0.17668782,0.30840114,0.16838905
Csrnp3,0.0,-0.080865234,0.035237882,0.05176043,0.0059915036
Gm13619,0.0,-0.21607035,-0.08964101,0.1947141,0.013482821
Gm13617,0.0,0.08339942,0.117082015,-0.019922744,0.00136628
Galnt3,0.0,0.11573695,-0.044105485,0.00565039,0.023030262
Ttc21b,0.0,0.09962804,0.12430413,0.1277506,-0.09793627
Scn1a,0.0,0.46552673,0.302674,0.35179064,-0.080379575
Gm13630,0.0,-0.08905434,-0.06594196,0.051378693,0.084471166
Gm13629,0.0,0.25293946,0.31605068,0.51579666,0.13676284
Scn9a,0.0,0.096629515,0.096875,0.19986847,-0.06699563
Scn7a,0.0,-0.011445887,0.032857347,0.06538731,-0.060701523
B3galt1,0.0,0.038870484,0.12994914,0.039568804,0.07518662
Stk39,0.0,0.23693658,0.1373552,0.1560815,-0.117818
Cers6,0.0,0.17871758,0.14460614,0.11316016,-0.11550216
Nostrin,0.0,0.06568546,-0.07676975,0.055541575,-0.04710543
Bbs5,0.0,-0.22441058,-0.038488913,-0.1233791,-0.07578098
Klhl41,0.0,-0.18857113,-0.25698042,-0.13342588,-0.17764302
Fastkd1,0.0,0.2774208,0.12675218,0.10068511,-0.021633044
Ppig,0.0,0.0054422617,0.08073142,0.021808527,-0.039448917
Ccdc173,0.0,-0.30364707,-0.060137425,-0.20645455,-0.29097745
Phospho2,0.0,0.17870244,0.03590566,-0.29233506,-0.016213682
Klhl23,0.0,0.1870792,0.09386988,0.30045533,0.0014874935
Ssb,0.0,0.1660299,0.04248482,-0.025704354,0.19387111
Mettl5,0.0,-0.045724392,-0.09528988,-0.17674354,-0.1527628
Mettl5os,0.0,0.022598036,-0.10763164,0.22244169,0.27725613
Ubr3,0.0,0.09588769,0.046983615,0.0897578,-0.05844228
Myo3b,0.0,0.04500919,-0.06904413,0.013417419,-0.03844324
Gad1os,0.0,0.08920501,-0.022966374,0.065064766,0.00947988
Erich2,0.0,0.034774214,-0.07095389,-0.014500855,-0.024931649
Gad1,0.0,0.4157394,0.5036525,0.021891832,0.336544
Gorasp2,0.0,0.08262489,0.04153592,0.16688693,-0.05665329
Tlk1,0.0,-0.019988328,0.11243512,0.022157189,-0.05925712
Mettl8,0.0,0.07254412,0.016846765,-0.072299816,0.050434
Dcaf17,0.0,0.17763025,-0.049150676,-0.024830505,-0.028420672
Cybrd1,0.0,0.043146916,0.08946576,0.13667181,-0.012977302
Dync1i2,0.0,0.16601747,-0.04744163,-0.06646969,-0.08586281
Slc25a12,0.0,0.14565381,0.21972102,0.19114512,0.069336355
Hat1,0.0,-0.37117815,-0.04336782,0.005480744,-0.06399989
Metap1d,0.0,-0.018061928,0.08288897,0.056970336,-0.011201754
Dlx1as,0.0,-0.12477438,-0.11724409,-0.34118897,-0.3426499
Itga6,0.0,0.04593408,0.28200653,0.31144378,0.08740224
Pdk1,0.0,-0.2972586,-0.050448723,-0.13796698,-0.39598757
Rapgef4,0.0,-0.113509536,-0.15152183,0.17120066,-0.114782326
Rapgef4os1,0.0,0.23803541,0.039849162,0.14656651,0.17901841
Rapgef4os2,0.0,-0.02314416,0.04364127,0.0032385066,0.036640543
Map3k20,0.0,-0.16633673,-0.21249029,0.05618336,-0.05275484
Cdca7,0.0,0.059958305,0.08983807,0.108733095,0.1314041
Sp3,0.0,-0.11546671,0.11674553,-0.038084134,0.015380014
Gm11084,0.0,-0.2814811,-0.03611227,-0.2503302,-0.17879833
Sp3os,0.0,0.19396557,0.13571063,0.4128726,0.18937899
Ola1,0.0,-0.21431625,0.022739885,-0.08765969,-0.123630114
Sp9,0.0,0.16544478,0.04839316,0.19358762,0.1342218
Cir1,0.0,0.12799223,0.15111841,0.154626,0.04143113
Scrn3,0.0,-0.087442905,-0.21012999,0.031420514,-0.1921389
Gpr155,0.0,0.11466507,0.059028856,0.10174641,0.12775454
Gm13703,0.0,-0.055289444,0.01327431,-0.07339642,-0.032452308
D230022J07Rik,0.0,-0.26911083,-0.12946157,0.032239713,0.017694363
Wipf1,0.0,-0.10448305,0.01254778,0.08009183,-0.018428307
Gm13708,0.0,-0.21433058,-0.2014981,-0.14023067,-0.44808805
Chrna1os,0.0,-0.118712336,-0.15665054,-0.028362019,-0.023918968
Chn1os3,0.0,-0.12192936,0.07190652,-0.15971032,-0.09217847
Chn1,0.0,0.00044086576,0.2253726,0.07978886,0.18571919
Atf2,0.0,-0.071344666,0.06110264,-0.042671032,0.121796824
Atp5g3,0.0,0.21884255,0.07379616,-0.20776863,0.12482761
Lnpk,0.0,0.23900741,0.037777916,0.11955696,0.03196393
Mtx2,0.0,-0.23112985,-0.12257849,-0.09700471,-0.115038574
2600014E21Rik,0.0,-0.12526664,-0.096694246,-0.035392117,0.021241162
Hnrnpa3,0.0,0.42975584,0.3512894,0.121358335,0.060447782
Nfe2l2,0.0,-0.15071818,0.00379844,0.07053208,-0.0016756244
Agps,0.0,-0.028802186,0.13873543,0.094923764,-0.072343096
Ttc30b,0.0,-0.11803128,-0.058266833,0.025078356,-0.011619223
Ttc30a1,0.0,-0.0135843195,-0.002251625,-0.09825204,0.15962341
Pde11a,0.0,0.25092983,0.067534804,0.05361189,0.20896673
Rbm45,0.0,-0.11103253,-0.15773451,-0.15628818,-0.3467058
Osbpl6,0.0,0.10704076,0.06888973,-0.07794808,-0.17499268
Prkra,0.0,0.23454903,0.2863653,0.11342294,0.17110094
Fkbp7,0.0,-0.07172592,0.013921708,0.24752013,0.2826807
Plekha3,0.0,-0.19840015,-0.0010153353,-0.14246714,-0.23643856
Ttn,0.0,0.15554264,0.021046802,-0.010738969,0.116907395
Gm13938,0.0,-0.08083133,-0.07458767,-0.16219872,-0.08889006
Ccdc141,0.0,0.16215988,0.14635,0.20307562,0.108692564
Sestd1,0.0,0.25871754,0.15128826,0.16605067,-0.053245932
Zfp385b,0.0,0.3133725,0.15313552,0.3426165,-0.37991774
Gm13944,0.0,-0.20237224,0.13057306,-0.035488777,-0.13139433
Cwc22,0.0,0.2389369,0.06500025,-0.04163082,-0.094812915
Ube2e3,0.0,-0.013648819,-0.0138694085,-0.23140103,0.10219364
Itga4,0.0,0.11803129,0.064081244,0.10420818,-0.025221154
Cerkl,0.0,-0.015012737,-0.017747607,0.105565876,0.01867144
Itprid2,0.0,0.18752193,0.07906226,0.033455104,-0.16182415
Pde1a,0.0,0.18442777,0.16879047,0.17761646,0.010218769
Dnajc10,0.0,0.31928438,0.11978883,0.31981298,-0.080102056
Frzb,0.0,0.044190846,-0.06293328,-0.038343303,0.02821805
Nckap1,0.0,-0.06333617,0.020285212,0.07707649,0.07058871
Dusp19,0.0,-0.059619382,-0.3891756,-0.20549569,-0.46337348
Nup35,0.0,0.041453816,-0.1005943,0.05152949,-0.11057669
Zfp804a,0.0,0.37223232,0.07643291,0.40157622,-0.22392982
Zc3h15,0.0,0.11975907,0.05788592,-0.18299529,0.020790651
Itgav,0.0,-0.1836204,-0.20673826,-0.3096187,-0.18249953
Gm13684,0.0,-0.26353604,-0.5428856,-0.46679652,-0.42605117
Fam171b,0.0,0.10328092,0.20312317,0.11006242,0.07383835
Calcrl,0.0,0.07752909,-0.08173647,0.085080124,0.12321241
Tfpi,0.0,-0.058726486,-0.02578846,-0.032896735,-0.015126955
Gm13710,0.0,-0.064546995,-0.027233407,-0.05289204,0.044829622
Ctnnd1,0.0,-0.13607968,0.09813325,0.018018987,-0.13175009
Selenoh,0.0,0.043958355,-0.07694071,-0.06257459,-0.05788365
Tmx2,0.0,-0.12726179,0.052131124,-0.04906837,0.25056055
Med19,0.0,0.12154033,-0.3005283,-0.44408873,-0.091253966
Zdhhc5,0.0,0.2649405,0.09431213,0.060077414,-0.09301348
Clp1,0.0,0.13185921,-0.03829131,-0.057922766,-0.081709005
Ypel4,0.0,0.37947115,0.023605645,0.0588447,0.04373023
Serping1,0.0,0.10748626,0.024946205,0.13278502,0.10046163
Timm10,0.0,0.1772633,-0.26205242,-0.18500388,0.17060086
P2rx3,0.0,-0.07697129,-0.08602475,0.09420329,0.029201929
Ssrp1,0.0,-0.046729404,-0.03736967,-0.18054216,-0.17454548
Tnks1bp1,0.0,0.22977823,0.34590644,0.41666383,0.3176462
Lrrc55,0.0,0.09747169,-0.2298984,-0.092433885,-0.07103158
Olfr1033,0.0,0.035452053,0.11334485,-0.030703925,0.17667195
Ptprj,0.0,-0.12046975,-0.27139518,-0.27555147,-0.25751096
4933423P22Rik,0.0,0.14971098,0.14730011,-0.0727026,-0.062057033
Nup160,0.0,-0.013708301,0.2549081,0.08717575,-0.03393238
Fnbp4,0.0,0.009833753,0.100374214,0.18231338,0.17724341
Agbl2,0.0,0.035588346,-0.054942917,0.1397109,-0.054515
Mtch2,0.0,-0.0628875,0.082113184,-0.0051614903,-0.11087009
C1qtnf4,0.0,-0.33901507,-0.26069653,-0.14060205,-0.095131814
Ndufs3,0.0,-0.090386584,0.13824055,-0.10315764,0.27968323
Kbtbd4,0.0,0.090625,0.43514982,0.05126092,-0.010362387
Ptpmt1,0.0,-0.102665715,-0.12653692,0.06943961,-0.06284619
Celf1,0.0,0.11309773,0.22272952,0.12837078,-0.029127777
Gm13778,0.0,0.031850126,-0.420231,0.008784216,-0.021858
Psmc3,0.0,0.1854369,-0.0020581782,-0.102642916,0.04244049
Slc39a13,0.0,-0.21371529,0.086462066,0.17389688,0.025399137
Spi1,0.0,0.034893423,-0.20247337,-0.20646884,-0.22570708
Madd,0.0,0.058158357,0.105226,-0.051191755,-0.1466144
Nr1h3,0.0,-0.16694313,0.04190668,-0.016714122,0.043409627
Acp2,0.0,0.29522434,0.29121405,0.33611837,0.14610349
Ddb2,0.0,0.16965917,0.07552328,0.17412727,0.0019350052
Pacsin3,0.0,0.3691586,0.3598688,0.2987657,0.21027279
Arfgap2,0.0,-0.15298972,-0.017579561,-0.113627814,0.1081758
1110051M20Rik,0.0,-0.28206939,-0.14654244,-0.1343205,-0.17669137
Lrp4,0.0,-0.02039843,0.09730997,0.15866922,-0.05998178
Ckap5,0.0,-0.04575853,0.045250237,0.025331788,0.14227344
Zfp408,0.0,-0.016334347,-0.028157659,0.29092112,0.13414696
Arhgap1,0.0,-0.12442562,0.076785155,-0.16602606,-0.064439766
Atg13,0.0,0.08132057,-0.0037326366,0.1898925,0.061289288
Harbi1,0.0,-0.4551895,-0.40482426,-0.23126104,-0.46337298
Ambra1,0.0,-0.21408911,-0.10312576,-0.052324258,-0.0468067
Mdk,0.0,-0.15491757,-0.11733562,-0.13903484,-0.13921398
Dgkz,0.0,0.18508548,0.32939112,0.32579646,0.120967045
Creb3l1,0.0,0.040214714,0.11358942,0.04674001,0.0382694
Gm13780,0.0,0.10707894,0.10765062,-0.099569485,-0.13369633
Phf21a,0.0,-0.3057558,-0.062327944,-0.16589144,-0.096234456
Pex16,0.0,0.0006669983,0.07673139,0.13619968,0.02344551
1700029I15Rik,0.0,0.032340743,0.2652652,0.02482228,0.012396246
Mapk8ip1,0.0,-0.17165811,-0.107857354,-0.26299733,-0.34944996
Cry2,0.0,0.32355317,0.33687353,0.4052559,0.2278217
D930015M05Rik,0.0,0.17344344,0.047504522,0.17243958,-0.0035020858
Slc35c1,0.0,0.09472913,-0.16510804,-0.10250491,-0.028813342
Gm13814,0.0,0.020270854,-0.028494224,0.0111187175,-0.015736224
Chst1,0.0,-0.03886012,0.11132298,0.06448493,0.020726644
Gm13791,0.0,0.009784374,-0.0015921481,0.02672233,0.07681495
Syt13,0.0,0.37708235,0.19272381,0.3519375,0.14559704
Prdm11,0.0,-0.21553516,0.2574507,-0.043051094,0.08535373
Trp53i11,0.0,0.015424203,-0.12610948,-0.19341367,-0.10190649
Tspan18,0.0,0.0036288947,-0.15463285,-0.0051393835,0.06532687
Cd82,0.0,0.0053086877,0.12471238,-0.040325135,0.11947115
Ext2,0.0,0.13385212,0.21597728,0.15500537,0.07773692
Accs,0.0,-0.09155681,0.14788604,0.11453973,-0.07226462
Gm13889,0.0,0.33490822,0.23597133,0.3764174,0.40358606
Alkbh3,0.0,0.24112652,0.29872346,0.20627823,-0.003971249
Hsd17b12,0.0,0.06648846,0.23543915,-0.026347138,-0.0450506
Mir670hg,0.0,-0.31479937,-0.21734127,0.0032340437,-0.2684889
Ttc17,0.0,-0.115843974,0.045618836,0.12218329,-0.08258381
2810002D19Rik,0.0,0.45528987,0.0036859214,0.3265484,0.040662378
Api5,0.0,-0.082182586,-0.060248986,-0.083887205,-0.18531962
Lrrc4c,0.0,-0.0793483,-0.030727923,-0.078371756,0.035551015
4930445B16Rik,0.0,0.07002352,-0.5193908,-0.25640848,-0.37305534
B230118H07Rik,0.0,-0.038231745,0.020532139,0.06046419,-0.00927446
Traf6,0.0,0.02478166,-0.07181785,0.085512154,0.12209316
Prr5l,0.0,0.44640815,0.16057378,0.21250781,0.09499593
Gm13905,0.0,0.1251515,0.032703128,-0.043873955,0.015616477
Commd9,0.0,0.44605017,-0.033903748,0.16673855,0.11094025
Ldlrad3,0.0,0.10839217,0.19101743,0.4471535,0.117493406
Gm13919,0.0,-0.058801085,-0.2006285,0.057193123,-0.31719923
Trim44,0.0,-0.029125854,0.16460931,-0.066452146,0.054746356
Fjx1,0.0,0.13485463,-0.05268891,0.1510973,0.17280221
Pamr1,0.0,0.067001924,0.029324435,0.27694756,-0.020355925
Slc1a2,0.0,-0.05432892,0.04867175,0.058950536,-0.00052214414
Cd44,0.0,0.13445431,-0.08778932,0.17271471,0.13847098
Pdhx,0.0,-0.08916334,0.057174042,0.054140113,-0.07415069
Apip,0.0,0.19209412,0.21362792,0.06912811,0.058571957
Cat,0.0,0.22946449,0.030626372,0.4213415,0.12942012
Abtb2,0.0,-0.045011073,0.39040998,0.09773194,-0.01880373
Nat10,0.0,0.1937933,0.2706061,0.018820181,-0.04796247
Caprin1,0.0,0.16397215,0.17886694,0.0842444,0.09089964
Lmo2,0.0,0.3281152,-0.027128696,0.100575015,0.2007609
4931422A03Rik,0.0,-0.049403965,-0.026021566,-0.012456203,0.07962713
Fbxo3,0.0,0.09715048,0.14523838,0.10823503,0.10671244
Cd59b,0.0,-0.07456832,-0.027887946,-0.07895528,-0.041842595
Cd59a,0.0,0.14308633,0.07426737,0.19981922,0.10939622
D430041D05Rik,0.0,0.35107172,0.10910208,0.2309301,-0.09067123
Gm13883,0.0,-0.04415349,-0.15333626,-0.15264682,-0.065415785
Hipk3,0.0,0.12812486,-0.008645736,0.07546143,-0.08181994
Cstf3,0.0,9.214878e-05,0.0022772253,0.048377216,-0.007834151
Tcp11l1,0.0,0.08970372,0.10670638,0.05002884,-0.05965612
Depdc7,0.0,0.003926404,0.14617059,0.1510464,0.105173066
Qser1,0.0,0.20574826,0.15626727,0.14373079,0.036612928
Prrg4,0.0,0.037710093,-0.059237685,0.13718219,-0.12679607
Ccdc73,0.0,0.0045817792,-0.016458422,-0.30095518,-0.5403266
Eif3m,0.0,0.24117413,0.2783227,-0.044115826,0.112938985
Rcn1,0.0,0.23133835,0.09626809,-0.0017161518,0.11833786
Pax6os1,0.0,-0.027557107,-0.1894079,0.14972591,0.010997394
Pax6,0.0,0.021202907,-0.008620426,0.37524933,0.11158007
Elp4,0.0,-0.09639909,-0.064316474,-0.07103531,-0.07214222
Immp1l,0.0,-0.1571336,-0.055588488,-0.13815127,-0.08309969
Dnajc24,0.0,0.12292164,0.054477915,0.24601111,0.1411983
BB218582,0.0,0.14438458,0.085296296,0.24577925,0.24938601
Mpped2,0.0,-0.2016648,-0.0028698724,-0.08188492,-0.10710837
Arl14ep,0.0,-0.0107464725,0.040741403,-0.09275807,-0.193393
Kcna4,0.0,0.14290982,0.22689298,0.23518232,-0.16696282
Gm13912,0.0,-0.036447763,-0.020082355,-0.030471358,-0.0100779245
Mettl15,0.0,-0.13215762,0.06396398,-0.08160137,-0.013037749
Kif18a,0.0,0.042257138,-0.0009803772,0.04931037,0.08636166
Bdnf,0.0,-0.16690284,-0.2768655,-0.22103238,-0.15313612
Lin7c,0.0,0.035457987,-0.038857058,0.09846402,0.0826202
Lgr4,0.0,0.03136359,0.24268286,0.15190214,0.027091965
Ccdc34,0.0,0.005106978,0.14913332,-0.004895717,-0.20655476
Ccdc34os,0.0,-0.0030156244,0.075724475,-0.13647658,-0.14682983
Gm13936,0.0,0.25851014,-0.045368485,0.09054228,-0.015966393
Bbox1,0.0,-0.06400728,-0.116312586,-0.035841856,-0.12164087
Fibin,0.0,0.3500772,-0.1421381,-0.01887133,0.2366198
Ano3,0.0,0.35747632,0.022456296,0.047583126,-0.09617062
Muc15,0.0,0.02106269,-0.0648604,0.028717414,0.061910063
Lpcat4,0.0,-0.25194484,-0.520797,0.086543754,-0.20600626
Nop10,0.0,0.18787883,0.20688689,-0.0686959,0.07215673
Slc12a6,0.0,0.09438422,0.08567592,0.057951935,-0.012476847
Emc4,0.0,-0.15513803,-0.07045932,-0.09898205,0.059372902
Katnbl1,0.0,-0.13962217,0.008508897,-0.010387326,-0.15840627
Emc7,0.0,0.029822253,-0.06685833,-0.016819902,-0.07599692
Aven,0.0,-0.20857489,0.079461224,-0.27516127,-0.13032717
Ryr3,0.0,0.31727296,-0.04036455,0.30614272,-0.42133498
Fmn1,0.0,0.32234752,-0.0835412,0.28309494,0.2289473
Gm13963,0.0,0.088763006,0.046252415,0.22621876,-0.026687533
4930533B01Rik,0.0,0.069768056,-0.025331045,-0.018329246,0.046747476
Grem1,0.0,-0.109746635,-0.1017157,-0.052689094,-0.013540262
Scg5,0.0,-0.14889449,-0.052767538,0.044349775,-0.014648102
Arhgap11a,0.0,0.0060940795,0.06189423,0.0066765025,0.06251008
Gjd2,0.0,0.027058773,-0.062471792,0.0097394325,0.21902478
A530058N18Rik,0.0,-0.06016335,-0.25314122,0.0074813217,-0.22601983
Aqr,0.0,0.03321617,0.09358438,0.09370508,-0.040177725
Zfp770,0.0,0.08595145,-0.012314256,-0.088038385,0.071136154
Dph6,0.0,0.07494768,0.023480475,-0.08541382,0.028482571
Gm13972,0.0,0.010640362,-0.05894417,-0.019488275,-0.0117233
Gm13974,0.0,-0.008687834,-0.005010483,-0.02630667,0.0005060816
Gm28494,0.0,-0.0039678663,-0.03290192,-0.048379086,-0.033532243
BC052040,0.0,-0.021382324,-0.08587761,0.042333618,-0.075059414
Meis2,0.0,0.06890994,0.26306787,-0.008693352,-0.18561354
G630016G05Rik,0.0,0.02404372,0.109070145,-0.041758172,0.1696943
D330050G23Rik,0.0,0.01921023,-0.07119095,-0.039513588,-0.026724046
Gm29340,0.0,-0.06365621,-0.055304505,0.07626202,0.010468402
Spred1,0.0,-0.16956444,-0.08896069,-0.22671446,-0.102866225
Fam98b,0.0,0.20527166,0.04811002,0.054709923,-0.0688788
Rasgrp1,0.0,0.33961144,0.2720357,-0.01141496,0.08328362
Gm13986,0.0,-0.030825522,-0.064425446,-0.0777771,0.017524933
Fsip1,0.0,-0.05229945,-0.10365166,-0.07445295,-0.11211194
Gpr176,0.0,0.106724344,0.07901169,0.028144129,0.112768106
Eif2ak4,0.0,0.035868578,0.05514255,0.14727888,-0.052409127
Srp14,0.0,0.329798,0.35380808,0.12550174,0.15002389
Bmf,0.0,-0.15984623,-0.10295878,-0.02661901,-0.0032141805
Bub1b,0.0,0.047964565,-0.14259227,-0.07312432,0.0114855515
Pak6,0.0,0.24128729,0.07955424,-0.08831485,0.037682753
Plcb2,0.0,-0.011065712,-0.00602022,-0.031585116,-0.01391211
Inafm2,0.0,0.053160608,0.033058323,-0.005006563,0.07242696
Ccdc9b,0.0,0.20567918,0.2877847,0.12277995,0.104540065
Disp2,0.0,0.4741722,0.20155536,0.2559072,-0.014756948
Knstrn,0.0,0.012234122,0.09448482,-0.14648834,-0.26259887
Ivd,0.0,-0.052781537,0.14892428,-0.036059275,0.05874768
Bahd1,0.0,0.13552922,-0.014426462,0.2580526,0.0066091195
Chst14,0.0,-0.026016321,-0.01705795,-0.13862678,-0.052689746
Ccdc32,0.0,0.20778365,0.13607448,-0.21596265,0.003561467
Rpusd2,0.0,0.0898092,0.039083123,-0.008517288,0.034631513
Knl1,0.0,-0.10894724,-0.07060522,-0.05227212,-0.018550992
Rad51,0.0,-0.5383241,-0.31268126,-0.22531092,-0.37324223
Rmdn3,0.0,-0.09567693,0.047501303,-0.23724684,-0.1681734
Dnajc17,0.0,-0.18697073,-0.07005193,0.10644131,-0.12200808
Zfyve19,0.0,0.047577046,0.07068327,0.028507069,0.04373382
Spint1,0.0,-0.0117043145,-0.016899329,-0.0065561663,0.005034753
Vps18,0.0,0.00032731332,-0.039886974,0.08956751,-0.14678016
Dll4,0.0,-0.027957639,-0.053064287,-0.036131963,0.04476618
Chac1,0.0,0.048611414,0.05624363,-0.032093618,-0.013852347
Ino80,0.0,-0.07282978,0.12879147,0.112249434,-0.06471492
Exd1,0.0,0.20795928,-0.0049137473,0.3608298,0.27739114
Chp1,0.0,0.030377038,0.03705445,0.06559497,0.039072566
Oip5os1,0.0,0.47290516,0.19672388,0.14001192,0.1759894
Oip5,0.0,0.00068732165,-0.04362887,-0.110988304,0.032011632
Nusap1,0.0,-0.13882211,-0.19019918,0.11166011,-0.16640045
Ndufaf1,0.0,0.27253327,0.0259227,0.22094512,0.055162065
Rtf1,0.0,-0.056166515,0.0774367,0.023558881,-0.06375921
Itpka,0.0,-0.06505808,0.1044932,0.038164016,0.06144482
Ltk,0.0,-0.05356229,-0.061005384,0.032464754,0.00026007742
Rpap1,0.0,-0.07004269,0.023223806,0.036143716,-0.11997794
Tyro3,0.0,0.041197844,0.116944596,-0.19089119,-0.15368527
Mga,0.0,0.19759066,0.20173448,0.22975537,0.11858501
Mapkbp1,0.0,-0.078595825,0.13540614,0.14082484,-0.130249
Jmjd7,0.0,-0.3228655,-0.0030550584,-0.116064444,-0.30479032
Pla2g4b,0.0,-0.19140194,-0.22225961,-0.1757172,-0.34489122
Sptbn5,0.0,-0.091290064,-0.016663127,-0.15510926,-0.03846773
Ehd4,0.0,0.09436512,-0.1756298,-0.12693842,-0.047028232
Pla2g4e,0.0,0.22607104,-0.20480847,0.028370302,0.11135471
Vps39,0.0,-0.12607937,-0.040932197,-0.030960936,-0.13024601
Tmem87a,0.0,0.0036120862,0.041525625,0.074627586,0.031709418
Ganc,0.0,0.13383126,0.11492884,0.257678,0.020563707
Capn3,0.0,0.00547681,0.0032553077,0.115850754,0.002036944
Zfp106,0.0,0.15396388,0.062543854,-0.10426006,-0.0678602
Snap23,0.0,-0.174365,-0.022872882,-0.12900148,-0.14043379
Lrrc57,0.0,0.107223496,0.10944541,0.17570862,0.06107074
Haus2,0.0,0.028329432,0.07534843,0.1452598,0.060281724
Stard9,0.0,0.011529863,0.16892135,0.2677391,-0.041024864
Cdan1,0.0,0.16330455,0.061143957,-0.11753996,0.022736952
Ttbk2,0.0,0.16135642,0.15802403,-0.061924636,0.09882182
AV039307,0.0,0.074535534,-0.1466119,0.05460367,-0.22063631
Ubr1,0.0,-0.030006774,-0.0043967143,0.0904039,-0.059711643
Tmem62,0.0,0.026832674,-0.14637113,-0.21343718,0.024444278
Ccndbp1,0.0,0.23003921,0.11951393,-0.057789445,0.01606758
Tgm7,0.0,-0.09170328,-0.00948647,-0.01659164,-0.087546326
Lcmt2,0.0,0.014161468,-0.03841415,0.21798015,0.2752183
Adal,0.0,0.047290076,-0.012858721,-0.19604284,-0.047937006
Zscan29,0.0,-0.17735118,-0.14236695,0.17708856,-0.0047273915
Tubgcp4,0.0,0.110751845,0.22883563,0.0646117,-0.045470923
Trp53bp1,0.0,0.13852453,-0.028439209,0.12623622,-0.045608297
Map1a,0.0,0.52604806,0.09588994,-0.1201155,0.2862889
Ppip5k1,0.0,-0.18687923,-0.19843642,0.017096434,-0.10891028
Ckmt1,0.0,-0.26443288,0.036193393,-0.18478633,0.041780643
Strc,0.0,0.021872561,-0.026969893,0.025787177,-0.024207583
Catsper2,0.0,-0.3755851,-0.2532163,-0.23370984,-0.17179164
Pdia3,0.0,-0.16311802,-0.09430507,-0.097280756,0.09908524
Serinc4,0.0,-0.107593626,0.13434432,0.07223724,0.041316766
Serf2,0.0,0.34253553,0.3297767,0.15715706,0.13469099
Hypk,0.0,0.010604389,0.06945091,0.025277428,0.22536391
Mfap1b,0.0,0.060165413,-0.1320973,0.16177487,-0.075967066
Mfap1a,0.0,0.14747907,-0.061919034,0.16652393,0.31548792
Wdr76,0.0,-0.19144359,0.03360127,-0.051619716,0.06443323
Frmd5,0.0,0.38760063,0.20057867,0.4069276,-0.33740073
Gm14019,0.0,0.049864925,0.076347284,0.31715113,0.18834752
Casc4,0.0,0.0465673,-0.10798942,-0.06695739,-0.13873385
Ctdspl2,0.0,-0.037363805,-0.061783526,-0.0837685,-0.022485327
Eif3j1,0.0,0.18959995,0.124157295,-0.02749025,-0.059426628
Spg11,0.0,-0.077652074,0.10751223,0.19255415,0.044287793
B2m,0.0,-0.36499834,-0.27295548,-0.16907275,-0.31023282
Sord,0.0,0.2475132,0.104429275,0.18986277,0.014071807
Shf,0.0,0.12816887,0.38064456,0.4332373,0.31632978
Gatm,0.0,0.34326255,0.13312808,0.3500331,0.13669409
Spata5l1,0.0,0.08327962,-0.1673647,-0.04550296,0.0028265545
Slc30a4,0.0,0.124362305,-0.0006785244,0.1545196,0.19921422
4930417H01Rik,0.0,0.17107049,-0.0068448856,0.07990461,0.18950841
Bloc1s6os,0.0,-0.22062865,0.010626752,-0.063816294,-0.07846199
Bloc1s6,0.0,0.31863093,-0.047888428,-0.24233578,-0.19529249
Sqor,0.0,0.031067003,-0.09510109,-0.028417818,-0.08917135
Sema6d,0.0,0.18204063,0.21115485,0.29988387,0.10054429
Slc24a5,0.0,-0.19357741,0.22654544,-0.39724082,-0.07973708
Myef2,0.0,0.03199285,0.09218071,-0.0128977895,-0.08294485
Gm14004,0.0,0.10944251,-0.08437676,-0.13100587,-0.124567926
Ctxn2,0.0,0.20110068,0.15296796,-0.24690077,0.008912448
Slc12a1,0.0,0.02291333,-0.05871071,0.13075748,0.011254899
Dut,0.0,0.38060185,0.2766409,0.19443533,0.33549023
Fbn1,0.0,0.034589104,-0.2009574,0.16121754,-0.3548308
Cep152,0.0,-0.24610358,-0.0096737,-0.12627535,-0.38172752
Shc4,0.0,0.08214637,-0.28076237,-0.044381082,-0.054498564
Eid1,0.0,0.28668767,0.04756377,-0.1817101,0.20709507
Secisbp2l,0.0,0.41705287,0.39906347,0.19425803,0.2492657
Cops2,0.0,0.10327372,0.08547317,-0.12474035,-0.03887544
Galk2,0.0,-0.10869402,-0.016451644,0.016816359,-0.028812224
Fam227b,0.0,0.24539056,0.16583925,-0.06530248,-0.04123707
Fgf7,0.0,0.08211391,0.049214438,0.057694387,0.08493167
Dtwd1,0.0,0.33292943,0.19663827,0.16042393,0.18306367
Slc27a2,0.0,0.26299387,0.049619585,0.17658547,-0.029536754
Gabpb1,0.0,0.037230592,0.12229651,-0.11509396,0.020989776
Gm27003,0.0,-0.0048083514,-0.009464815,0.2821036,0.12845194
Usp8,0.0,0.14913434,0.1477637,0.30522475,0.097219266
Usp50,0.0,-0.15286987,-0.236628,-0.13786854,-0.26927513
Trpm7,0.0,0.061558194,0.029173203,0.036419943,0.026894845
Sppl2a,0.0,0.06927328,0.017729778,-0.047019005,-0.0015623271
Ap4e1,0.0,-0.18101197,-0.12163635,0.07958227,-0.12132636
Blvra,0.0,0.13085905,0.063068934,-0.0709551,0.24060681
1810024B03Rik,0.0,-0.17733577,-0.25854367,-0.093270496,-0.47864136
Snrnp200,0.0,0.05338465,0.011262357,-0.18410903,0.0013877712
Ciao1,0.0,0.22219895,0.1741774,0.28340757,0.1656489
Tmem127,0.0,0.013694502,-0.034872267,0.009052262,-0.03148825
Stard7,0.0,0.15429777,0.113274865,0.22138092,0.10259354
Fahd2a,0.0,0.13012803,0.15169726,-0.12306778,0.07441971
Kcnip3,0.0,-0.1469715,0.17931049,0.084116474,-0.17660786
Zfp661,0.0,0.25111124,0.14958951,0.23164852,0.23840441
Mrps5,0.0,0.18893316,0.22727,0.07493431,-0.14320472
Mal,0.0,0.20228519,-0.07920511,-0.34376225,-0.19803278
Nphp1,0.0,0.020575827,-0.030230574,-0.033545658,-0.026503377
Mtln,0.0,0.36315885,-0.22202463,0.06566895,0.24381271
Bcl2l11,0.0,0.21528177,-0.049359933,0.34990168,0.13653854
Morrbid,0.0,0.056638964,-0.025048213,0.042860508,-0.021909242
Gm39929,0.0,0.022803426,-0.0050677974,-0.034860794,-0.03721831
Anapc1,0.0,-0.03568549,-0.0861575,0.10732816,-0.06850438
Mertk,0.0,-0.120177716,-0.29324514,-0.26617932,-0.13950482
Tmem87b,0.0,0.005420074,0.13315348,0.1510682,0.13857958
Fbln7,0.0,-0.05752585,-0.08181505,-0.08267205,-0.0122810295
Zc3h8,0.0,0.27848968,0.04399003,0.3222515,0.09765427
Gm10762,0.0,0.27127147,0.09268242,0.20427106,0.17436375
Zc3h6,0.0,0.123583764,-0.076128826,0.28412318,0.14762494
Gm14027,0.0,0.16265672,-0.021739326,0.01719261,0.1794084
Vinac1,0.0,-0.068670526,-0.26418293,-0.08881091,-0.15146327
Gm14022,0.0,-0.25634527,-0.06682435,-0.25347006,-0.13342096
Ttl,0.0,-0.19658765,-0.14124793,-0.035414435,-0.17382662
Polr1b,0.0,-0.116798095,0.01639913,0.12165125,0.08855873
Chchd5,0.0,-0.14680113,0.10056108,-0.10182987,0.010250669
Slc20a1,0.0,0.3429074,0.22129725,0.48004532,0.12277579
Gm14023,0.0,-0.11310262,-0.22079173,-0.07569669,-0.029089497
F830045P16Rik,0.0,0.040943656,-0.012910396,0.21683446,0.02105515
Sirpa,0.0,0.1314278,0.33291024,0.2745997,0.27738467
Pdyn,0.0,-0.03187689,0.0045587206,0.030648286,-0.07527768
Stk35,0.0,0.124827795,0.20355296,0.39598504,0.017691985
Snrpb,0.0,0.08997141,0.10311915,-0.060664922,0.11651609
Tmc2,0.0,0.087884665,-0.04611634,-0.10693668,-0.07461474
Nop56,0.0,0.39372212,0.32063922,0.116311505,0.17190462
Idh3b,0.0,0.19538547,0.22281961,0.26229122,-0.20943113
Ebf4,0.0,0.20947579,0.19738919,0.31639254,0.14547306
Cpxm1,0.0,-0.0035958253,-0.06710289,-0.09180717,0.12025591
Pced1a,0.0,0.17739125,0.06363535,0.27794415,0.017657027
Vps16,0.0,-0.031888425,-0.10853756,0.10381684,-0.06650538
Ptpra,0.0,-0.0010302514,0.18163452,0.1262024,-0.010818109
4930473A02Rik,0.0,-0.18224901,-0.112589896,0.044897836,0.071715936
Mrps26,0.0,0.32399347,0.5073798,0.6986769,0.018859029
Ubox5,0.0,0.047838934,0.039159954,0.3527501,0.13201983
Fastkd5,0.0,-0.04355467,0.1314303,0.099367656,-0.016078204
Lzts3,0.0,0.34182322,-0.11923802,0.035481066,-0.07206887
Ddrgk1,0.0,0.04379007,0.06432003,-0.019007832,-0.108457506
Itpa,0.0,-0.099290155,-0.0071224654,-0.07641829,-0.13091682
Slc4a11,0.0,0.05821738,0.020463303,0.016430508,0.07270621
4930402H24Rik,0.0,0.03934464,0.12595893,0.29485473,0.024854109
A730017L22Rik,0.0,-0.0067625144,-0.094584756,-0.09978365,-0.0774231
Atrn,0.0,0.18468586,0.3177299,0.2545638,0.07625003
Gfra4,0.0,0.19916107,0.21427661,0.026594676,-0.07984051
Adam33,0.0,-0.02646444,-0.018776566,-0.048388932,0.007782816
Hspa12b,0.0,-0.012170539,-0.102460355,-0.020640397,0.0027783858
1700037H04Rik,0.0,0.14003073,0.08431755,-0.0040841177,0.09607141
Spef1,0.0,-0.0771096,-0.0338172,0.18431371,0.0020937547
Cenpb,0.0,-0.13012072,-0.010269539,-0.032510936,-0.13072355
Cdc25b,0.0,0.036026955,0.1768988,0.2720182,0.005867973
Ap5s1,0.0,0.13434769,0.20767128,0.1070195,0.18184748
Mavs,0.0,-0.105312735,-0.03484763,0.112526216,0.082776524
Pank2,0.0,-0.025074758,0.052333284,0.08780965,-0.17270313
Rnf24,0.0,0.12587091,0.19240457,0.31251067,0.17278743
Smox,0.0,0.1288972,0.2983618,0.2485176,0.058438927
5330413P13Rik,0.0,-0.05280685,0.001969535,-0.100461036,-0.10239249
Prnp,0.0,0.023865543,-0.003071107,-0.10886949,0.08943106
Rassf2,0.0,0.2801881,0.24603038,0.22286615,0.11077611
Slc23a2,0.0,-0.013022974,-0.01574196,0.12267821,-0.0377864
Gm14051,0.0,-0.13795075,-0.14239654,-0.25074247,-0.09366582
Tmem230,0.0,0.08265579,-0.08650637,0.11301823,-0.089559436
Pcna,0.0,0.094508626,0.039523676,-0.1591394,-0.26325843
AV099323,0.0,-0.28662783,-0.16507418,-0.19719087,-0.41336685
Cds2,0.0,0.006129034,0.043776847,0.03327842,0.022343978
Prokr2,0.0,0.09742138,-0.06985866,-0.1367238,-0.18393782
Gpcpd1,0.0,-0.26184162,-0.0439447,-0.16896123,-0.042368483
Shld1,0.0,0.008712634,0.02252264,0.18431213,-0.19355091
Chgb,0.0,0.08420523,0.1307055,0.20039403,0.018482551
Trmt6,0.0,0.20447212,0.12191679,0.3489747,0.18704812
Mcm8,0.0,0.10459371,-0.18636447,0.05666502,0.031495184
Crls1,0.0,0.064350195,-0.069668114,0.026645225,0.06105883
Bmp2,0.0,-0.044157103,0.26224363,0.18199593,0.14821355
Tmx4,0.0,0.25902078,0.1512225,0.045046523,0.14001693
Plcb1,0.0,-0.39983726,-0.17540291,-0.3900373,-0.28622517
4930545L23Rik,0.0,0.30989873,0.25092554,-0.17283165,-0.15161857
9630028H03Rik,0.0,-1.2921613,-0.42764795,-0.84873754,-0.7995811
Plcb4,0.0,-0.15016326,-0.029276438,-0.14568199,-0.058134284
Gm14211,0.0,-0.14467916,-0.31393793,-0.56502485,-0.37845087
Lamp5,0.0,-0.14766358,0.033249434,0.0056351945,-0.20725814
Pak7,0.0,0.23084763,0.22303511,0.27303302,0.13913187
Ankef1,0.0,-0.0823837,-0.048588943,-0.0028842876,0.029944351
Snap25,0.0,0.39072925,0.17490682,-0.0012302697,0.14844523
Mkks,0.0,0.011876233,0.035282414,-0.06938074,-0.0669629
Slx4ip,0.0,-0.22983378,-0.09831301,-0.22751373,-0.12770939
Jag1,0.0,0.37495384,0.23133132,0.38331455,0.2706701
Btbd3,0.0,0.41265455,0.19899958,0.008562177,0.12992984
Gm14061,0.0,0.17073762,0.14469965,0.14554264,0.12562008
Gm14066,0.0,0.2798367,0.22439048,0.022274867,0.034966074
Sptlc3,0.0,-0.021663543,0.026452094,0.008500686,0.06543985
Ism1,0.0,-0.03711862,-0.097795956,-0.011320572,0.0043374086
Tasp1,0.0,0.0069922656,0.20990866,-0.01584334,0.006432198
Esf1,0.0,-0.120920606,-0.060110718,-0.018203095,0.026984198
Ndufaf5,0.0,-0.14056331,-0.065408126,0.022016373,-0.1573723
Macrod2,0.0,0.08032373,0.109353945,0.12274711,0.048371762
Flrt3,0.0,0.05380859,-0.18847333,-0.11694355,0.047994323
Macrod2os1,0.0,0.26443005,0.18843818,-0.2926026,-0.11085567
Kif16b,0.0,0.20521453,0.26711822,0.28375316,0.10963592
Snrpb2,0.0,0.3468886,0.24969876,0.019274905,0.08111604
Pcsk2os1,0.0,0.1850756,0.040927384,-0.12668121,0.040067352
Pcsk2,0.0,0.16283265,-0.18537131,0.0027653575,-0.0818569
Pcsk2os2,0.0,0.048354387,0.0020571724,0.03967819,-0.003892891
Dstn,0.0,0.25829205,0.051172957,-0.17366327,0.049338594
Rrbp1,0.0,0.12782426,0.29483974,0.17982309,0.21663186
Banf2,0.0,-0.14933082,-0.099186495,-0.08910045,-0.1061074
Gm5535,0.0,0.11165312,0.022065625,0.08524151,0.042248055
Snx5,0.0,-0.008025035,0.14874053,0.04769868,0.032370597
Mgme1,0.0,-0.20765078,-0.18313104,-0.24463388,-0.33058035
Kat14,0.0,-0.09849846,0.040428687,0.20680586,-0.17692596
Dzank1,0.0,0.3927229,0.21782379,0.16487113,0.035721257
Polr3f,0.0,-0.15195419,0.14140089,-0.009454351,0.018714324
Rbbp9,0.0,-0.18015546,-0.30472192,-0.060819414,-0.26053518
Sec23b,0.0,-0.25579393,-0.008177898,-0.1698311,0.055784717
Smim26,0.0,0.30778626,0.09521955,0.16924891,0.027183503
Dtd1,0.0,0.26184767,0.23373094,0.25258386,0.09310211
Slc24a3,0.0,0.1456371,0.20307356,0.23794435,0.04434201
Rin2,0.0,0.034886166,-0.12485751,-0.18594794,-0.19402847
Naa20,0.0,-0.09033513,0.011128813,-0.060095847,0.14618511
Crnkl1,0.0,-0.16283153,-0.17494577,-0.0986263,-0.33040342
Cfap61,0.0,-0.10000742,-0.115375794,-0.059194714,-0.062642165
Insm1,0.0,-0.050398566,-0.014908547,-0.07210277,0.1643946
Ralgapa2,0.0,0.21506695,0.08800713,0.17199744,0.06623346
A930019D19Rik,0.0,-0.012379397,0.087269254,0.034334853,-0.016775243
Gm14114,0.0,-0.08896789,-0.1329487,0.22966702,-0.18849126
Kiz,0.0,-0.10477889,0.09910598,0.0700717,0.07011961
Xrn2,0.0,0.06560169,0.09971377,-0.111988075,-0.019430652
Nkx2-2,0.0,0.15347137,0.15799354,0.4911058,0.352296
Nkx2-2os,0.0,0.06547716,0.23259896,0.35578358,0.047132134
Nxt1,0.0,-0.34140176,-0.1570489,-0.17005709,-0.13845827
Gzf1,0.0,-0.1729877,0.042696744,0.022606315,-0.16773035
Napb,0.0,0.20922385,0.12701766,-0.16233689,0.14305942
Cst3,0.0,-0.7478549,-0.45342332,-0.44050545,-0.1898036
Gm14133,0.0,-0.0020219758,0.049035337,-0.008970089,0.10156408
C530025M09Rik,0.0,0.061263166,-0.117398635,-0.03601969,-0.021232553
Syndig1,0.0,0.19177377,0.19981663,0.09098482,0.18181029
Zfp120,0.0,-0.2010589,-0.09014441,0.15984465,-0.100011095
Zfp937,0.0,-0.100820616,-0.004269641,-0.10805613,-0.12574172
3300002I08Rik,0.0,0.07971554,-0.018785156,0.13951199,-0.058933787
Gm10130,0.0,-0.030313674,0.034900695,0.23621865,-0.29366615
Zfp442,0.0,0.031264752,0.21070817,0.2844509,0.14847432
Apmap,0.0,0.09176454,-0.031376496,-0.042749867,0.2844094
Acss1,0.0,0.037887618,0.123334296,0.22029206,0.08701434
Entpd6,0.0,0.101703286,0.11665593,0.3193522,0.007983446
Pygb,0.0,0.0047578663,0.16318057,0.3223297,0.10043238
Abhd12,0.0,-0.11580832,0.039792188,-0.08560494,-0.104395166
Gins1,0.0,0.019381829,0.14261264,0.19703296,0.10232437
Ninl,0.0,0.037000973,0.11695248,0.020390745,0.00041097403
Nanp,0.0,0.030350503,0.11989765,-0.121695854,0.08927557
Nsfl1c,0.0,0.24776581,0.04735525,-0.00820975,0.040195525
Gm14167,0.0,-0.14571169,-0.15858825,-0.13361193,-0.36818832
Fkbp1a,0.0,0.040724315,0.036100984,-0.18578576,0.11292865
Sdcbp2,0.0,-0.25911802,-0.3089532,0.0067042112,-0.051898185
Snph,0.0,-0.07461536,0.09954884,0.0916993,0.13096625
Rad21l,0.0,0.00027404726,0.065556966,0.04885003,-0.011784475
Tmem74bos,0.0,-0.021820502,-0.035229925,-0.06251358,0.004432029
Tmem74b,0.0,-0.113527,-0.080020934,-0.13276975,-0.21168116
Psmf1,0.0,-0.0692923,-0.060225893,-0.027731718,-0.06284449
Fam110a,0.0,-0.06362916,0.03183153,-0.10477271,-0.061817423
Scrt2,0.0,-0.08450906,-0.0628232,-0.16083705,-0.17497681
Srxn1,0.0,0.037384637,0.14086756,-0.17715822,-0.06886839
Csnk2a1,0.0,-0.013146967,0.08890565,-0.20818418,-0.04103618
Tbc1d20,0.0,0.38475487,0.2560943,0.28349966,0.23026976
Rbck1,0.0,0.27730623,0.15793236,0.22487786,0.16262741
Trib3,0.0,-0.01969783,-0.014439498,0.0008771103,0.052873816
Gm14164,0.0,0.04089557,0.032873042,0.026680253,0.06783673
Nrsn2,0.0,-0.029714763,0.019591577,0.13767111,0.18669292
Sox12,0.0,0.18554422,0.2760611,0.459807,0.33378407
Zcchc3,0.0,0.12831031,-0.22442895,-0.1386657,-0.12327061
6820408C15Rik,0.0,-0.29470927,-0.3103956,-0.11720411,-0.3623787
H13,0.0,-0.103018805,0.02889631,0.029489556,-0.08282663
Mcts2,0.0,0.14603302,0.122548416,0.05069419,-0.115043946
Id1,0.0,0.20129661,0.043308094,0.35089627,0.06803385
Bcl2l1,0.0,-0.18269286,-0.14779022,-0.2164536,-0.0641285
Tpx2,0.0,-0.015114594,0.09800267,-0.032102622,0.048703585
Dusp15,0.0,0.47965288,0.17277387,0.31562966,0.10480994
Ttll9,0.0,-0.018003419,0.17545614,0.022696111,0.04504274
Pdrg1,0.0,-0.07493581,-0.06744775,0.057088993,-0.29723606
Xkr7,0.0,0.07302702,0.020331021,0.01715374,0.05228044
Hck,0.0,0.13300993,0.017970517,-0.15297069,-0.10167418
Tm9sf4,0.0,0.019525861,-0.050492067,-0.054649364,-0.15293849
Tspyl3,0.0,-0.061755717,-0.19204569,-0.19942673,-0.21154712
Plagl2,0.0,0.08175559,0.23483014,0.06193982,0.23601869
Pofut1,0.0,-0.1765678,-0.056579094,0.06141051,-0.11713928
Kif3b,0.0,-0.14609511,0.007183604,-0.17943567,-0.067385316
2500004C02Rik,0.0,-5.389005e-05,0.048351906,0.121478565,-0.036766455
Asxl1,0.0,-0.07548175,-0.0026908591,0.020157035,0.020590264
Nol4l,0.0,0.051381744,0.17695457,0.27603963,-0.05373621
Commd7,0.0,0.24214935,-0.032669365,0.23236623,0.00845404
Dnmt3b,0.0,0.06004882,0.0741951,0.119790174,0.018183365
Mapre1,0.0,0.31547797,0.1611633,0.32097578,0.21836707
Efcab8,0.0,-0.0057917535,0.04885882,0.17151117,0.002747044
Cdk5rap1,0.0,0.17617534,0.14430086,0.17408569,0.06519657
Snta1,0.0,-0.24224722,0.004171524,-0.0150517635,0.07279374
Cbfa2t2,0.0,-0.23999973,-0.053080294,0.029808326,0.030828085
Necab3,0.0,-0.2575594,-0.09184729,0.056654513,-0.09496913
1700003F12Rik,0.0,-0.3168332,-0.12940326,-0.06670156,-0.17615187
E2f1,0.0,0.11978755,0.20857829,0.031082526,0.35399044
Pxmp4,0.0,-0.34390748,-0.09878709,-0.04110712,-0.22613795
Zfp341,0.0,-0.12024257,0.011202033,0.06745747,-0.039890945
Chmp4b,0.0,-0.04653467,-0.059532136,-0.17853673,-0.15098026
Raly,0.0,0.08840083,0.1790147,0.3082135,0.09567667
a,0.0,0.16327776,0.3292219,0.13609654,0.28392738
Eif2s2,0.0,0.19556506,0.1697931,-0.17465246,0.08322548
Ahcy,0.0,0.18587421,-0.0064892396,-0.025205463,0.08782709
Gm45609,0.0,-0.08989448,-0.011579396,0.013433036,0.019657144
Itch,0.0,-0.20505652,-0.0064601935,-0.070243545,0.009235604
Dynlrb1,0.0,-0.024089986,-0.06183312,-0.39677113,-0.07818441
Map1lc3a,0.0,0.07855603,0.17771767,-0.18305731,0.20953692
Pigu,0.0,-0.08032671,0.09202455,0.15933618,-0.090946116
Trp53inp2,0.0,-0.00823294,-0.052867513,0.070639744,-0.0018068738
Ncoa6,0.0,-0.24625768,-0.1630993,-0.17109099,-0.09294146
Ggt7,0.0,0.23455168,0.39155227,0.33039123,0.24170488
Acss2,0.0,0.733933,0.27786773,0.47782856,0.21499014
Gss,0.0,0.30119514,0.14410673,0.13601647,0.015160888
Gssos1,0.0,0.109242044,-0.09039423,0.309869,0.0054110214
Myh7b,0.0,-0.1034569,-0.06978589,0.07047015,-0.009888931
Trpc4ap,0.0,0.015792929,-0.0032610968,0.060406394,0.029260587
Edem2,0.0,0.14407934,0.31728968,0.23015593,0.085675724
Mmp24,0.0,0.26129526,0.26018536,0.14900629,0.15436731
BC029722,0.0,0.08650665,0.21664661,0.056774817,0.13813853
Eif6,0.0,0.1431911,0.18136582,0.08347177,0.14703006
Uqcc1,0.0,-0.17309982,0.0013272092,0.068374045,-0.04482173
Cep250,0.0,0.037952058,0.101506576,0.149663,-8.959323e-05
6430550D23Rik,0.0,0.09906292,-0.024388459,0.019860819,-0.0008617677
Ergic3,0.0,-0.19540465,-0.10220991,-0.06058988,0.15842697
Spag4,0.0,0.05394401,0.02182776,-0.015556917,-0.0010130331
Cpne1,0.0,-0.0011632666,0.08941864,0.030727953,0.028528757
Nfs1,0.0,-0.15951227,0.016627125,0.025346741,-0.10028358
Romo1,0.0,0.27811205,0.03226256,-0.24271075,0.064763755
Rbm39,0.0,0.11469501,0.07024284,0.24437305,0.16457738
Phf20,0.0,-0.041223183,0.2336635,0.17996395,0.14302295
Scand1,0.0,-0.030256629,0.23404685,0.34671885,0.088396505
Cnbd2,0.0,0.13532546,0.2263293,0.3583206,0.01660119
2900097C17Rik,0.0,0.42687142,0.24022686,-0.14916205,0.23964635
Epb41l1,0.0,0.08023978,-0.15737832,-0.04513234,-0.315794
Aar2,0.0,0.043262094,-0.15474638,-0.1314145,0.085576184
Gm14168,0.0,0.010448929,0.08448896,0.019423407,0.10515405
Gm14169,0.0,0.031469263,-0.082075365,-0.06241638,-0.060564846
Dlgap4,0.0,-0.089782745,0.07232015,-0.070056215,-0.059039366
4930405A21Rik,0.0,-0.36770177,-0.18185557,-0.046826776,-0.067780174
Tgif2,0.0,0.13347176,0.03191775,0.08380735,0.038958613
5430405H02Rik,0.0,-0.2031396,-0.27043477,-0.09869398,0.05854989
Rab5if,0.0,-0.13863656,-0.11436056,0.003512797,-0.02456387
Ndrg3,0.0,-0.26355475,-0.12643367,-0.47249207,-0.2184644
Dsn1,0.0,-0.049602717,0.2301967,-0.016040107,-0.18287027
Soga1,0.0,-0.113917574,0.10935262,0.13183174,-0.21859036
Samhd1,0.0,-0.07307428,0.058320176,-0.14981267,-0.30257624
Rbl1,0.0,-0.22821033,-0.09221235,-0.024359694,0.035195686
Mroh8,0.0,-0.0050597116,-0.1263339,-0.18911842,-0.17322978
Rpn2,0.0,0.07876004,0.15523842,0.22351168,0.20413826
Manbal,0.0,-0.0145315975,-0.017919526,0.20908582,0.16939838
Src,0.0,0.21988057,0.17485875,0.34007657,0.17686573
Gm14286,0.0,-0.10418333,0.11443931,0.23707747,-0.15898323
Blcap,0.0,0.10115932,0.19077776,0.19047181,0.05999659
Nnat,0.0,0.016895905,0.032744408,0.40992308,0.18161568
Ctnnbl1,0.0,-0.0012581348,0.13788325,0.23050146,0.15979055
Vstm2l,0.0,0.007241646,-0.26221544,0.10423703,0.025917988
Tti1,0.0,0.005730264,0.14087453,0.18252215,0.026265271
Rprd1b,0.0,-0.024172768,-0.052373655,-0.0034660846,-0.051172882
Tgm2,0.0,0.08601181,-0.04909059,0.015511483,0.046716753
D630003M21Rik,0.0,0.016920246,0.18138659,0.03848253,-0.046004094
Snhg17,0.0,0.22124682,0.11087675,0.16660191,0.19015738
Snhg11,0.0,0.2151033,0.40945247,0.45908248,-0.25817162
Ralgapb,0.0,0.14408307,0.05708003,0.14071569,0.016486943
Gm14204,0.0,0.10712165,0.1512212,-0.25080302,0.0119321775
Slc32a1,0.0,0.051878557,0.19778869,-0.03489124,0.08502527
Actr5,0.0,0.13330205,0.27790827,0.27737588,0.0865916
Ppp1r16b,0.0,0.41298923,0.2124662,0.044695094,0.028944105
Dhx35,0.0,0.20831126,0.1686174,0.21672125,0.08590539
Mafb,0.0,0.0533797,-0.17106594,0.120090544,0.07383781
Top1,0.0,-0.25692064,-0.048823677,-0.3911381,-0.0051148236
Plcg1,0.0,-0.19650395,-0.15583387,-0.14845741,-0.2959324
Zhx3,0.0,-0.33284542,-0.18239543,-0.3336416,-0.15628393
Gm16751,0.0,-0.44079965,-0.14717922,-0.3783356,-0.21363513
Chd6,0.0,-0.08789714,0.025203414,0.023991905,0.062103618
Gm45447,0.0,0.05215396,0.095183834,-0.03802849,-0.07728255
Ptprt,0.0,0.16314189,0.26931664,0.408472,0.15094866
9430021M05Rik,0.0,0.13685916,0.07602309,0.08384544,0.10917223
Srsf6,0.0,0.3974896,0.37730643,0.18904121,-0.106179565
L3mbtl1,0.0,0.1846423,0.09175301,0.26899302,0.102012604
Sgk2,0.0,0.07773207,0.027441114,0.15450726,0.21848172
Ift52,0.0,-0.35027605,-0.24277264,-0.02812352,-0.12299396
Mybl2,0.0,0.025804818,0.07069636,0.10622826,-0.0056675747
Tox2,0.0,-0.39073294,-0.1108322,-0.14457226,-0.4262374
Oser1,0.0,0.09063874,0.09842996,0.17466494,0.085642576
2900093K20Rik,0.0,0.27779222,0.3505185,0.6820055,-0.1422213
Gdap1l1,0.0,0.1687102,0.18612868,-0.062497146,-0.0811167
Fitm2,0.0,-0.14631602,-0.19126636,-0.1459549,-0.023767427
Ttpal,0.0,0.38341156,0.32199475,0.4154539,0.27835998
Serinc3,0.0,0.10363213,-0.17033951,-0.0349599,-0.044819478
Pkig,0.0,-0.40752256,0.09235687,-0.10285744,0.080675684
Gm16316,0.0,0.030317985,0.17626707,-0.014885485,0.05723671
Rims4,0.0,0.08865994,0.014455166,0.12580507,-0.015924662
Ywhab,0.0,0.7659589,0.36710382,-0.03660819,0.16017582
Pabpc1l,0.0,-0.04660625,0.039018694,0.009340422,0.031547002
Tomm34,0.0,0.19530596,0.2210286,0.37806645,0.4113152
Stk4,0.0,-0.07874754,0.13929382,0.0038998276,-0.12603073
Kcns1,0.0,-0.022413656,0.07975659,0.06905428,0.09141699
Slpi,0.0,0.001381198,0.00066141784,-0.010408688,0.044207834
Matn4,0.0,0.28085646,0.19501354,0.54562616,-0.08337739
Rbpjl,0.0,-0.03229978,-0.06476659,0.012445695,-0.017036196
Sdc4,0.0,0.16803573,0.074930705,0.12983245,-0.046961904
Sys1,0.0,-0.16173747,-0.1303251,-0.08665274,-0.021384967
Gm14302,0.0,-0.12062147,-0.25086477,-0.05521817,-0.116344795
Dbndd2,0.0,0.2006115,0.04334239,-0.058264926,0.07794061
Pigt,0.0,-0.099355526,0.07639827,0.048566267,0.042834155
Wfdc3,0.0,-0.13007562,-0.009899873,-0.19085522,-0.10865856
Dnttip1,0.0,-0.007440828,0.20231141,0.015356004,-0.07370522
Gm11457,0.0,-0.024587356,-0.16828142,-0.21909708,-0.48657858
Snx21,0.0,0.11109862,0.2824755,0.31250688,0.17784119
Acot8,0.0,0.20128314,0.077907994,0.16143161,0.10505146
Zswim3,0.0,-0.114167355,0.0111166015,0.12807398,-0.130838
Zswim1,0.0,0.16627997,-0.046806715,0.3343162,-0.017802708
Neurl2,0.0,0.042876754,0.11351207,-0.115307674,0.026420478
Ctsa,0.0,0.021824874,0.17873986,0.004119411,0.15818742
Pltp,0.0,0.15285772,0.05934684,0.49520594,0.2805514
Pcif1,0.0,0.3811652,0.23657419,0.2509786,0.2789168
Zfp335,0.0,-0.028157111,-0.0017885752,-0.11055338,-0.17132482
Zfp335os,0.0,-0.19857246,-0.2600328,0.012758059,0.05606757
Slc12a5,0.0,0.28086948,0.114687085,0.2070511,0.14482272
Ncoa5,0.0,-0.20215115,-0.20316404,-0.12384577,-0.15693948
Cd40,0.0,0.029674511,0.043928158,0.033475943,0.10074742
Cdh22,0.0,-0.2647225,0.019353561,-0.07312204,-0.023452777
Slc35c2,0.0,0.21663581,0.04847095,0.25756317,-0.08859739
Elmo2,0.0,0.5391651,0.41331854,0.59529036,0.11943868
Zfp334,0.0,0.22705032,-0.31004962,-0.11924423,-0.18284622
Slc13a3,0.0,0.1441651,0.35566497,0.36688858,0.2701015
Trp53rka,0.0,0.32511652,0.10614498,0.45173752,0.3705011
Eya2,0.0,-0.017024307,-0.00080197304,-0.03477902,-0.020426631
Zmynd8,0.0,-0.09131346,-0.011580275,-0.077883005,-0.14231592
Gm11465,0.0,0.18196961,0.042061705,-0.03816971,0.11773579
Ncoa3,0.0,-0.16801138,0.12542684,0.06798364,-0.12679994
Sulf2,0.0,-0.05155901,-0.11505723,-0.15488043,-0.07714112
Prex1,0.0,0.081405446,0.18933696,0.293907,0.18343556
Trp53rkb,0.0,-0.085690625,0.1385704,0.20466384,-0.12858963
Arfgef2,0.0,-0.09994984,0.07557237,0.027369775,-0.0369754
Cse1l,0.0,0.11878729,0.20365758,0.31684202,0.15152942
Stau1,0.0,-0.1642556,-0.06865734,0.01934593,-0.19295879
Ddx27,0.0,0.15941413,0.21763283,0.0020335168,0.1138529
Znfx1,0.0,0.033344194,0.11122214,0.21068157,0.12858148
Zfas1,0.0,-0.03078406,-0.06676381,-0.09864817,-0.060007267
Kcnb1,0.0,0.042189322,-0.050678685,-0.030505208,-0.19542602
1110018N20Rik,0.0,-0.0034214333,-0.19501771,-0.11240359,-0.19332391
Ptgis,0.0,-0.097907275,-0.026740924,-0.08406652,-0.09123152
B4galt5,0.0,-0.069202326,0.026076619,0.21518737,-0.23278119
Slc9a8,0.0,-0.1654755,0.05136148,0.11412066,0.06867635
Spata2,0.0,-0.14320415,-0.18308687,-0.10919734,-0.14158595
Rnf114,0.0,0.103147715,0.14639337,0.27052218,0.048523627
Ube2v1,0.0,0.17340782,0.15231712,-0.029862866,0.19829081
Tmem189,0.0,0.17876123,0.32752913,0.3920824,0.16012967
Gm14320,0.0,0.04388843,0.023298524,-0.032920793,0.082020655
Cebpb,0.0,-0.15483008,-0.18094572,0.22327766,-0.053525347
A530013C23Rik,0.0,-0.022000523,-0.016526872,0.035473004,-0.006285783
Ptpn1,0.0,-0.30314526,0.06729398,-0.0967873,-0.09509353
Pard6b,0.0,-0.10951177,-0.16179827,-0.2260316,-0.20432636
Adnp,0.0,0.021278895,0.09704797,0.11668872,0.05535403
Dpm1,0.0,-0.24907157,-0.2756379,-0.34480128,-0.13492362
Mocs3,0.0,0.043911234,-0.057000965,-0.04007189,-0.1446549
Kcng1,0.0,0.116872445,0.049599707,-0.032929882,0.01809252
Nfatc2,0.0,-0.33317405,0.095212005,-0.22214851,-0.08421127
Atp9a,0.0,0.04528361,0.13186784,0.22563563,-0.18970995
Zfp64,0.0,-0.29834396,-0.08520073,-0.016540028,-0.3074015
Gm9873,0.0,-0.08913561,0.039167024,0.03751561,-0.14298333
Tshz2,0.0,0.05995416,0.09827449,0.004470827,-0.34882253
Zfp217,0.0,-0.06841032,0.05830627,0.1012554,-0.122559294
Bcas1,0.0,-0.065099314,-0.11887817,0.017321706,0.091757104
Bcas1os2,0.0,-0.004592672,0.25901702,0.3278971,0.106135406
Pfdn4,0.0,0.10696237,0.06039761,0.18509385,0.22216895
Dok5,0.0,0.05842033,0.34855223,0.307837,0.19851056
Cbln4,0.0,-0.30428427,-0.17464681,0.00044236332,0.19448043
Fam210b,0.0,0.23925307,0.027845517,0.12724745,0.22476736
Aurka,0.0,0.049216613,-0.069778115,-0.004424302,-0.017670956
Cstf1,0.0,0.2977289,0.07583697,0.13810334,0.30801493
Cass4,0.0,-0.07318671,-0.0065356204,-0.041882224,-0.04339844
Gm14455,0.0,-0.33220652,-0.1869888,-0.06797536,-0.0669381
Rtf2,0.0,0.18695992,0.011441663,0.0823521,0.1065498
Gcnt7,0.0,-0.46180922,-0.18810561,-0.17969239,-0.1347631
Bmp7,0.0,-0.11296709,-0.17752483,0.1587173,-0.045209616
Rae1,0.0,0.26079577,0.22159126,0.29212958,0.14610705
Rbm38,0.0,0.31018776,0.084833786,0.6851785,0.06461854
Pmepa1,0.0,-0.21226305,-0.29106024,-0.30025294,-0.12149113
Rab22a,0.0,0.10655008,-0.09278565,0.0024940819,0.031759456
Vapb,0.0,0.13150932,0.06704761,-0.04545583,-0.12710923
Stx16,0.0,-0.047497503,-0.114952944,-0.08478831,-0.12227396
Npepl1,0.0,-0.12177685,0.2750492,0.33704805,-0.15318635
Gnasas1,0.0,-0.17352663,0.05673021,0.032809667,0.09636868
Gnas,0.0,0.0014026612,0.010523297,-0.0444877,0.17982136
Gm20721,0.0,-0.025297092,-0.016319955,-0.097511806,-0.12511541
Nelfcd,0.0,-0.17765054,0.049111858,-0.4005497,-0.16274378
Ctsz,0.0,-0.11520527,0.24979857,0.07116217,0.26246363
Atp5e,0.0,0.027136387,0.09489725,-0.4255832,0.038707633
Prelid3b,0.0,0.25588855,-0.010634057,-0.22166058,-0.05130078
Zfp831,0.0,-0.25750116,-0.16461791,-0.19814175,-0.22515097
Gm14444,0.0,-0.07252769,0.039162405,0.0947341,-0.023450727
Gm14393,0.0,0.09831878,-0.11570661,0.026124202,0.04255376
Gm14399,0.0,0.15067066,0.2523594,0.09654609,0.06302329
Gm14443,0.0,0.26876268,0.2145972,0.34672868,0.20142555
Gm14391,0.0,0.34250963,0.17037395,0.085440084,0.0005674958
Gm4631,0.0,-0.085391894,0.18301785,-0.13015667,-0.35406762
Zfp968,0.0,0.04458468,-0.07433295,-0.00227242,-0.14083476
Zfp965,0.0,-0.18886611,-0.0025669187,-0.21405509,-0.057055198
Gm6710,0.0,-0.040754553,0.056962393,-0.2227506,-0.06287711
Zfp966,0.0,0.16470402,-0.079142146,0.14139555,0.058877796
Zfp973,0.0,0.0054557994,-0.1758669,0.29625347,6.415695e-05
Gm14305,0.0,0.095411316,0.09570989,0.07471108,0.37934956
Gm14295,0.0,-0.26897597,-0.3309859,-0.24581379,-0.17532146
Gm14296,0.0,0.051773086,-0.019580808,-0.061200473,-0.0155746825
Gm14419,0.0,-0.06595511,0.20478937,0.018436935,-0.024123646
Gm14401,0.0,-0.08277863,-0.10755305,-0.0662743,-0.122803845
Gm14410,0.0,-0.06858072,-0.050630312,0.12495342,-0.04030345
Gm14412,0.0,0.20142585,-0.117285155,0.23690292,0.12978347
Gm14418,0.0,-0.17620206,-0.09086254,-0.11268353,-0.20723271
Zfp970,0.0,0.20473814,-0.14789951,0.19939697,-0.17920858
Gm14403,0.0,0.123905465,-0.03218669,-0.06438784,0.05776382
Gm14406,0.0,-0.057595134,-0.023551702,0.030859435,-0.026129672
Gm14322,0.0,-0.066910975,-0.08146308,0.30627137,-0.030903146
Gm14325,0.0,0.30195555,0.10306199,0.031579643,0.19015405
Gm14327,0.0,0.14067797,0.23091024,0.14934744,0.11620803
Zfp972,0.0,-0.3106875,-0.28091353,-0.17267673,-0.24155107
Gm14326,0.0,-0.0409391,-0.0025626197,0.14669777,-0.08219821
Zfp971,0.0,0.12537187,0.34953007,0.19849811,0.21732622
Zfp931,0.0,0.058185965,-0.05011011,-0.19041121,0.03081428
Phactr3,0.0,-0.048508577,-0.04643654,0.019104388,0.0042524785
Sycp2,0.0,0.17395207,-0.020256132,0.025614284,-0.041739658
Ppp1r3d,0.0,-0.18120846,0.18746711,-0.033385452,-0.24753682
Fam217b,0.0,0.23463005,0.21887806,-0.020413637,0.24435943
Cdh4,0.0,0.22713646,0.23087154,0.22132419,0.020250335
Taf4,0.0,0.060729615,0.26818597,0.05143718,-0.11660798
4921531C22Rik,0.0,-0.22906023,-0.024065904,-0.06914616,-0.07359445
Lsm14b,0.0,0.00930183,0.11850165,0.012713898,-0.07800422
Psma7,0.0,0.38310057,0.07933813,-0.21408786,-0.010014802
Ss18l1,0.0,0.34009364,0.33285865,0.37283376,0.20659764
Mtg2,0.0,-0.28333595,0.020561228,-0.12566003,-0.030311542
Hrh3,0.0,0.19099078,0.15076643,0.0567296,-0.04497093
Osbpl2,0.0,0.051600873,0.09195828,0.10279668,-0.027399577
Adrm1,0.0,0.22897813,0.2926954,0.17063652,0.13704525
Lama5,0.0,-0.0050877333,0.15837409,0.2021351,0.12230756
Rps21,0.0,0.23801653,0.11415703,-0.23616497,0.18282643
Cables2,0.0,0.23232089,0.30941975,0.18795878,0.10644597
B230312C02Rik,0.0,0.044585332,-0.2486044,-0.310753,-0.3735652
Slco4a1,0.0,-0.10500753,-0.061736338,-0.01724246,-0.15178503
Ntsr1,0.0,0.07103762,0.12933087,0.17440298,0.06948421
Mrgbp,0.0,0.25667048,0.37637806,0.5493351,0.2009837
Ogfr,0.0,0.18557347,0.31888258,0.08696862,0.06325815
Col9a3,0.0,0.17833307,0.30849162,0.52334416,-0.010935992
Dido1,0.0,0.07974809,0.13405155,0.16032222,0.026859775
Gid8,0.0,0.35285202,0.21612938,0.035013035,0.15294997
Slc17a9,0.0,-0.009040411,-0.023535404,-0.020079678,-0.044297166
Gm14342,0.0,-0.03889589,0.068733975,-0.093744725,0.032141346
Gm27032,0.0,0.29658794,0.7442578,0.77235484,-0.0032505095
Ythdf1,0.0,-0.036078475,-0.0004695952,0.13068105,0.039860707
Nkain4,0.0,-0.24847206,-0.010345683,-0.011217457,-0.039987132
Gm14341,0.0,0.04778868,-0.065744765,-0.007484792,0.010012884
Arfgap1,0.0,-0.3240427,0.058762223,0.14732242,0.12974142
9230112E08Rik,0.0,-0.024276543,-0.1119231,-0.015941812,-0.23022301
Col20a1,0.0,-0.14998436,-0.010610409,-0.13147898,-0.21308513
Chrna4,0.0,0.2852679,0.35210842,0.33262378,-0.039310962
Kcnq2,0.0,-0.012653664,0.10995792,0.25333685,-0.05683002
Eef1a2,0.0,0.20044094,0.08218694,0.15549725,0.3038766
Ppdpf,0.0,0.13273129,0.22112527,-0.009702906,0.051272467
Gmeb2,0.0,0.12989506,0.22751382,0.23720773,0.19579697
Stmn3,0.0,0.009384796,0.24283677,0.16742179,0.12593971
Rtel1,0.0,-0.15238637,-0.05634537,0.22429693,-0.3320868
Arfrp1,0.0,0.18929777,0.10288992,-0.008915782,-0.14926338
Zgpat,0.0,-0.057859357,-0.19092473,0.012298048,-0.12628558
Zbtb46,0.0,0.060581535,0.1279608,0.11622767,-0.081638366
Tpd52l2,0.0,0.05776646,0.07196606,-0.04771191,-0.060590267
Dnajc5,0.0,0.2546116,0.23756905,0.18047509,0.18885714
Uckl1,0.0,0.7420436,0.43178123,0.18457052,-0.07960832
Zfp512b,0.0,0.24648803,0.3864317,0.21573244,0.24166696
Prpf6,0.0,0.0005792193,-0.044860393,0.035340372,-0.04209309
Samd10,0.0,0.09233639,-0.15664724,0.03316025,0.013994324
Tcea2,0.0,0.19019358,0.22329274,0.28709048,0.121944815
Rgs19,0.0,0.05649742,0.064832315,0.11591512,0.1002337
Oprl1,0.0,0.034083396,0.20395769,0.2532778,0.2717274
Myt1,0.0,0.08441388,0.21362127,0.1814331,-0.07133355
Pcmtd2,0.0,0.032776035,-0.1380783,-0.14317206,-0.13916533
Polr3k,0.0,0.20771003,0.008094661,0.016729422,0.14821912
2700069I18Rik,0.0,-0.17861342,-0.2418415,-0.1095089,-0.14330277
Zfhx4,0.0,-0.035438813,-0.008102901,-0.019576542,-0.024858594
Pex2,0.0,-0.054941513,0.11352101,0.07664037,0.04238793
Gm8797,0.0,0.0031321235,-0.049884275,-0.046287075,0.027271848
Pkia,0.0,0.11819331,0.12919825,0.14552715,0.060015142
Zc2hc1a,0.0,-0.16719042,0.03216523,0.024311729,-0.09392722
Stmn2,0.0,0.16077472,0.12734999,-0.21047333,0.10775642
Hey1,0.0,0.08759511,-0.15052775,0.20916808,0.0046534315
Mrps28,0.0,0.1579934,0.15010984,0.16881749,0.17709877
Tpd52,0.0,0.068058334,-0.020422505,-0.048260853,-0.1501114
Zbtb10,0.0,-0.09235865,0.22130826,0.27386367,0.19921121
C030034L19Rik,0.0,0.09673216,0.060958713,0.01302943,0.020297486
Zfp704,0.0,0.16065976,0.2170848,0.090187736,0.07143471
Pag1,0.0,0.07558412,0.21263713,0.18771376,-0.015947387
Gm16337,0.0,0.018190479,0.36257318,-0.14084157,-0.32813725
Fabp5,0.0,0.40611553,0.39093158,0.1589868,0.22108369
Gm9833,0.0,0.06798148,-0.008590292,-0.021959245,0.068154566
Impa1,0.0,0.11358152,0.044325862,-0.0073799193,0.03531664
Zfand1,0.0,0.105063975,0.18015498,0.19565922,0.09686728
Chmp4c,0.0,0.3381917,0.0002065897,0.2174142,-0.071077794
Snx16,0.0,0.25286442,0.30175292,0.16229168,0.23321123
Gm2464,0.0,-0.0765515,-0.22234084,-0.03733203,-0.018125039
Ralyl,0.0,0.085299216,0.011506468,0.20932196,0.043879963
Lrrcc1,0.0,0.24017861,0.008850798,0.14365342,0.06849171
E2f5,0.0,-0.0075267404,0.15143663,-0.1189817,0.14193383
Rbis,0.0,-0.023126088,-0.019017152,0.027294002,0.20174968
Car2,0.0,0.2252841,0.07882166,0.01268968,0.3042534
Ythdf3,0.0,0.10279327,0.08283658,-0.062317476,-0.0027455688
Gm30340,0.0,0.07765413,-0.05166161,0.14693612,0.037725016
Mir124-2hg,0.0,0.26677638,0.31757355,0.49909517,0.35141167
Cyp7b1,0.0,-0.026546925,0.1278003,-0.013757288,0.011241093
Armc1,0.0,0.09820996,0.0033317283,0.053482447,6.296486e-05
Mtfr1,0.0,-0.08344407,0.023995787,0.10088815,7.86148e-05
Pde7a,0.0,0.077919126,0.07524538,0.14306204,-0.050536707
Gm16093,0.0,0.2379699,0.17305148,0.03967341,-0.16348168
Dnajc5b,0.0,-0.0059409896,0.0047648177,-0.03250985,0.00061800843
1700064H15Rik,0.0,-0.0021035783,-0.09031816,-0.024170194,0.11372783
Crh,0.0,-0.03325183,0.010509738,-0.09234959,-0.031802606
Cp,0.0,-0.040959172,-0.2715978,-0.1929611,-0.17345142
Hps3,0.0,0.050185777,-0.098179474,-0.19656189,-0.14050111
Hltf,0.0,0.43623275,0.114658505,0.015873387,-0.0536979
Gyg,0.0,-0.22014871,0.14930113,0.009538285,0.20772938
Gm43674,0.0,-0.01831173,-0.019853428,-0.016344223,-0.027280325
Gm43672,0.0,0.14492215,0.007093832,0.37266606,0.03634823
Tbl1xr1,0.0,-0.0011582226,0.15131903,0.057145547,-0.044387832
Naaladl2,0.0,0.047487464,-0.094334565,0.004022181,0.11114052
Nlgn1,0.0,-0.06535362,-0.10075916,-0.014357265,-0.011051521
Gm37573,0.0,0.037663646,-0.1340251,-0.082885936,-0.023820832
A830092H15Rik,0.0,0.039653346,-0.13894893,-0.07324363,-0.030409716
Spata16,0.0,0.0806749,0.025979131,-0.054362636,0.035418905
Ect2,0.0,-0.024102202,-0.021659004,0.00016921945,0.042456154
Nceh1,0.0,0.19182065,0.18595593,0.18445754,0.009348065
Fndc3b,0.0,-0.052398656,0.042241156,0.13277373,-0.16538619
Pld1,0.0,-0.080824725,-0.09056312,-0.18496558,-0.034592457
Tnik,0.0,-0.16285637,-0.06063015,-0.13208835,-0.082251295
Slc2a2,0.0,0.1012855,0.056414913,-0.025436528,-0.06921307
1700112D23Rik,0.0,-0.28458488,-0.18962352,-0.21089359,-0.33741757
Eif5a2,0.0,0.3938129,0.19362928,-0.12357916,0.1290136
Gm32950,0.0,-0.3299446,-0.20021448,-0.34609187,-0.12292656
Rpl22l1,0.0,-0.04182375,0.003784364,-0.3611122,0.13458174
Egfem1,0.0,0.07721925,0.17487921,0.2171215,-0.1476946
Mecom,0.0,-0.18005258,0.028973706,0.20287716,0.112048626
Actrt3,0.0,-0.022659369,-0.06187093,0.018029556,-0.050869606
Mynn,0.0,-0.3079544,-0.15247415,-0.15037882,-0.12498629
Sec62,0.0,0.11655671,0.09596601,0.06020441,0.12883537
Gpr160,0.0,0.099558555,0.027186692,0.05736113,0.03537483
Phc3,0.0,-0.03651093,0.023371141,0.050214767,-0.067552686
Prkci,0.0,0.121458486,-0.015410751,0.011861028,-0.20650935
Skil,0.0,-0.10646105,0.059157457,-0.21583135,-0.21594219
Cldn11,0.0,0.2457301,0.32483053,-0.10367827,0.09951941
Slc7a14,0.0,0.2306996,0.11763637,0.26727286,0.006606236
Gm15496,0.0,-0.049484394,-0.07901713,-0.07951845,-0.0418912
Kcnmb2,0.0,0.37208343,0.16234015,0.23873931,-0.03320545
Zmat3,0.0,0.13347612,0.06327051,0.14109878,-0.08352066
Pik3ca,0.0,-0.0022904202,0.08346783,0.063023366,-0.16632593
Zfp639,0.0,0.31709313,0.17389128,0.23766151,0.12470982
Mfn1,0.0,0.11401921,0.042871147,0.04266315,-0.06710562
Gnb4,0.0,0.2946421,0.16232349,-0.10221388,-0.021283887
Gm37640,0.0,-0.077684775,-0.08044347,-0.06460136,0.030654397
Actl6a,0.0,-0.21943234,0.07337196,0.033954136,0.13701493
Mrpl47,0.0,0.016191278,-0.10493657,-0.06681275,-0.121173166
Ndufb5,0.0,0.08500348,0.17256038,-0.020857096,0.020285033
Usp13,0.0,-0.15205595,-0.06393744,-0.27300927,-0.1707083
Gm37459,0.0,0.25053266,-0.016759634,-0.039212413,-0.019221008
Pex5l,0.0,0.4982369,0.19863054,0.12564346,-0.0851804
4930419G24Rik,0.0,0.12560621,-0.19079892,-0.19188967,-0.062370524
Gm43666,0.0,-0.07981314,-0.08988352,0.13209319,0.13298492
Ttc14,0.0,-0.025672957,0.10745661,0.060396783,0.12793705
Ccdc39,0.0,0.18950674,-0.054604575,0.13126893,-0.07295668
Gm43140,0.0,0.19817421,0.051758513,-0.099260636,0.037586004
Fxr1,0.0,-0.057587247,-0.09985484,-0.16098087,-0.032533042
Dnajc19,0.0,-0.042581487,0.07634151,-0.16685845,-0.039063442
Sox2ot,0.0,0.07506713,0.29385594,0.24862608,0.18673949
Gm38505,0.0,0.013024341,-0.04951656,0.065459505,0.10931542
Gm20515,0.0,0.5302274,-0.053577036,0.4441373,-0.11054918
Sox2,0.0,-0.14354342,0.16744752,0.25076085,0.2880927
Atp11b,0.0,0.29720125,0.2056893,0.3125041,0.010881484
Dcun1d1,0.0,-0.11634808,0.017494526,-0.059434775,-0.12567335
Gm15952,0.0,-0.1500593,-0.26225072,-0.21896924,-0.15642695
Mccc1,0.0,-0.17016856,0.15796448,0.1418607,0.040174153
Mccc1os,0.0,-0.32262716,-0.23374946,-0.07300411,-0.2921831
Acad9,0.0,-0.039930128,-0.01921631,0.11074406,-0.27943745
Zfp267,0.0,0.0742938,0.03815821,0.24283937,-0.14625587
Qrfpr,0.0,-0.17458715,-0.0084131025,0.072992325,0.059820402
Anxa5,0.0,0.006611135,-0.009099986,-0.091944724,0.0330865
Exosc9,0.0,0.1808209,0.09945836,0.247353,0.11981189
Ccna2,0.0,0.067363575,0.048865855,0.13971561,0.17533451
Bbs7,0.0,0.03179716,-0.01942008,0.117541075,-0.09575261
Trpc3,0.0,0.30556953,0.31831965,0.36371177,0.22756103
4932438A13Rik,0.0,0.2636662,0.15233058,0.19711879,-0.0123092085
Cetn4,0.0,0.004133623,-0.1178498,-0.4427469,0.046995744
Bbs12,0.0,-0.012026969,-0.032460224,0.06373972,0.023303699
Fgf2os,0.0,0.042822503,-0.010489028,0.08081184,0.0156208
Fgf2,0.0,-0.12966596,-0.48314083,-0.2991301,-0.267752
Nudt6,0.0,0.17209102,-0.012278825,0.29930812,-0.0044178665
Spata5,0.0,0.108236276,0.13283056,-0.05995457,0.06669158
Spry1,0.0,0.14670624,-0.13619678,-0.017585885,0.036138214
Gm5148,0.0,-0.110260814,-0.100866735,-0.07713109,-0.14825028
Ankrd50,0.0,0.16295408,-0.17796044,-0.14933899,-0.028761283
C230034O21Rik,0.0,0.13740428,0.1010833,0.16829707,0.12612326
Fat4,0.0,0.46763277,0.54373765,0.45258337,0.1338193
Intu,0.0,-0.19840519,0.021372292,0.049761124,-0.08031583
Hspa4l,0.0,0.2101149,0.100563645,-0.044204608,-0.0023254752
Plk4,0.0,-0.18885103,-0.23385663,-0.17353304,-0.17874187
Mfsd8,0.0,-0.20596886,-0.23929554,-0.22069207,-0.06766612
Abhd18,0.0,0.056132555,0.030007973,0.10845228,0.007159166
6430590A07Rik,0.0,-0.046993718,-0.10914766,-0.118793555,-0.15106358
Larp1b,0.0,0.18619412,0.2493145,0.3116628,0.09988372
Pgrmc2,0.0,0.33214688,0.18926403,0.0338251,-0.053856596
Jade1,0.0,-0.01360473,0.02738259,0.17621723,0.1053724
Sclt1,0.0,0.012883306,-0.06678686,0.033984482,-0.03758224
D3Ertd751e,0.0,-0.08038205,-0.06664316,-0.05009509,-0.034719788
2610316D01Rik,0.0,0.10624844,0.022556156,0.15279967,0.08197777
Pcdh10,0.0,0.101133525,0.10404222,0.13984723,0.013141692
1700027H10Rik,0.0,0.30333057,0.119611025,-0.19115627,-0.14923848
Pabpc4l,0.0,-0.06853785,0.027309563,0.13228016,0.16976741
Pcdh18,0.0,0.07284348,-0.22143564,0.19799346,-0.060910583
Slc7a11,0.0,-0.16392541,0.066478975,-0.010470346,0.13174418
Gm6209,0.0,-0.083523236,-0.055649757,-0.07665714,-0.124225505
Noct,0.0,-0.49138647,-0.3346097,-0.5608111,-0.47267997
Elf2,0.0,-0.025002167,0.08627774,0.30250293,0.011101954
Ndufc1,0.0,0.21953836,0.15857604,-0.20467313,0.11976334
Naa15,0.0,-0.088519186,-0.0018560961,-0.039125387,-0.11739969
Rab33b,0.0,0.29785323,0.19288127,0.16787012,0.05260153
Setd7,0.0,0.094825245,0.19278249,0.2767834,0.076534
5031434O11Rik,0.0,0.020402461,-0.108029366,0.13718577,-0.21187969
Maml3,0.0,-0.1372461,0.18526946,0.3352176,-0.18449832
Gm37229,0.0,0.006264452,0.0047070887,-0.032728937,-0.06482851
Gm37170,0.0,-0.05472566,-0.059215613,-0.042787116,-0.063187905
Foxo1,0.0,-0.4139643,-0.007972352,-0.26811758,-0.10437541
Gm30173,0.0,-0.11353461,-0.008380026,-0.034869663,0.09336888
Gm2447,0.0,-0.06830238,-0.01727505,0.027579552,0.006679295
Cog6,0.0,0.23726726,0.17305191,0.2961067,-0.048189685
Lhfp,0.0,-0.60644794,-0.45620897,-0.567108,-0.30283046
Nhlrc3,0.0,0.2582055,0.07026917,0.13826248,-0.055845022
Gm16206,0.0,-0.012697857,-0.07411608,0.052352816,0.026391657
Proser1,0.0,0.06003552,0.1646759,0.20417067,-0.08091354
Frem2,0.0,-0.23039281,-0.08497732,-0.023123913,-0.37293774
Ufm1,0.0,0.07027015,-0.102356546,0.09315469,0.048580218
Trpc4,0.0,-0.0289229,0.080984354,0.120042436,0.041493565
Postn,0.0,-0.01241618,0.042186916,0.029482786,0.020959008
Supt20,0.0,-0.03253776,-0.07077606,-0.054423302,-0.07109176
Exosc8,0.0,-0.15145376,0.040362682,0.1784989,0.0055680983
Alg5,0.0,-0.117182136,-0.18481636,-0.15647502,-0.012277419
Smad9,0.0,0.071215235,-0.021251619,0.2669258,0.04566372
Rfxap,0.0,0.1440195,-0.024455585,0.08549403,0.05988339
Sertm1,0.0,0.092442624,0.06732064,0.0026271865,0.10975924
Spg20,0.0,0.5012059,0.18754093,0.2546419,0.2785519
Ccdc169,0.0,0.06596596,-0.010236423,-0.008752707,0.06650926
Dclk1,0.0,0.028377034,-0.07757784,0.062930524,0.06944963
Gm42609,0.0,-0.0072872983,-0.07587759,-0.059548676,0.016455526
Gm21954,0.0,0.26260087,0.026392002,0.08776497,-0.18688661
Nbea,0.0,0.08291429,0.037348732,0.12629628,-0.071881086
Gm43376,0.0,0.014460433,-0.25665396,-0.15742938,-0.12941715
Tm4sf1,0.0,0.21671979,-0.043452114,0.4109962,0.35941046
Wwtr1,0.0,-0.32797703,0.113325596,-0.13133897,-0.07240698
Gm26671,0.0,-0.13237268,0.0633764,0.10513569,-0.055659257
Commd2,0.0,0.17708795,-0.27163038,-0.04053066,-0.015448949
Ankub1,0.0,-0.120673016,-0.189477,-0.24252038,-0.26926854
Rnf13,0.0,0.045897245,0.108442515,-0.017938934,0.035253286
Pfn2,0.0,0.37162536,0.12081191,0.049333483,0.20290646
Tsc22d2,0.0,0.1408807,-0.0022340566,0.07829216,0.028482601
Serp1,0.0,0.3463505,-0.0034245253,0.22191572,0.15403783
Eif2a,0.0,0.046400428,0.12302805,0.080274105,-0.012251362
Selenot,0.0,0.11643262,0.018178731,-0.112699755,0.066378385
Erich6,0.0,0.20217305,0.05846066,0.26220286,0.018257394
Siah2,0.0,0.3284419,0.15827973,0.24127285,0.23727411
4930593A02Rik,0.0,0.23708522,0.034860007,0.028240304,-0.059794687
Mindy4b-ps,0.0,0.0029796585,0.1393733,0.029332276,0.12099864
Clrn1,0.0,-0.04416389,-0.025187463,-0.032335043,0.012963599
Gm43570,0.0,-0.045838073,0.052150235,-0.07820937,0.031714473
Med12l,0.0,0.09008343,0.15382212,0.18547612,-0.097335815
Gpr171,0.0,0.040653124,0.16075821,-0.04670723,-0.21969295
P2ry14,0.0,-0.2119143,-0.08542088,-0.45188397,-0.28608578
P2ry13,0.0,0.008913427,-0.049215425,-0.020040244,-0.048298337
P2ry12,0.0,0.28106153,0.00043423474,-0.028970376,-0.1138346
Igsf10,0.0,0.15715274,-0.15548608,0.10697061,-0.012134772
Gm38186,0.0,0.05412173,0.11064322,0.085001424,0.09448135
Mbnl1,0.0,0.078696884,0.17766795,-0.004977554,0.03365753
Rap2b,0.0,0.30479434,-0.035821125,0.12812474,0.36618024
Arhgef26,0.0,-0.08247909,0.17826387,0.02624324,0.08712262
Dhx36,0.0,-0.02504325,0.07153177,-0.13818398,0.02328698
Gpr149,0.0,-0.012823939,0.28267816,0.13859098,0.127112
Mme,0.0,0.20418626,-0.05933077,0.1903263,0.066969216
Plch1,0.0,0.15541215,0.2335315,0.031766176,0.062421694
E130311K13Rik,0.0,-0.11504564,0.11673854,0.13531193,-0.115355566
Slc33a1,0.0,-0.040952243,-0.21875243,-0.035162,-0.026623739
Gmps,0.0,0.11721498,0.032234117,0.029672451,-0.0024382547
Vmn2r1,0.0,0.036144834,-0.20633253,0.09193061,0.052570477
Vmn2r7,0.0,-0.018773476,-0.008280441,-0.034465805,0.03594289
Kcnab1,0.0,-0.1330909,-0.16759035,-0.026989382,-0.32281741
A330015K06Rik,0.0,-0.09478053,-0.19189118,-0.01480769,-0.266321
A730090N16Rik,0.0,-0.051451728,0.08588796,0.10941419,-0.03233026
Ssr3,0.0,0.3006004,0.03411173,0.0052795857,0.011841878
Tiparp,0.0,0.066973686,-0.019248545,-0.09721883,0.18752125
Lekr1,0.0,-0.020247497,-0.06964821,0.020668156,-0.043392815
Ccnl1,0.0,0.27737007,0.17230028,0.22669674,0.14541078
Gm37305,0.0,0.2273031,-0.017705485,0.032206386,-0.038955137
Rsrc1,0.0,0.020763941,0.0876375,-0.0026517436,-0.032318927
Mlf1,0.0,-0.04197957,-0.20632133,0.10124179,-0.025432155
Gfm1,0.0,0.07303208,0.22804038,-0.060073882,-0.022463754
Lxn,0.0,0.10291304,-0.105321184,0.17577033,0.2942133
Rarres1,0.0,-0.06358439,-0.038800277,-0.132611,0.027209325
Mfsd1,0.0,0.1264107,0.124352634,0.20023122,0.0034969598
Schip1,0.0,0.036395214,0.07184134,0.04557706,-0.27536708
Il12a,0.0,-0.06470133,-0.029312849,-0.04274759,-0.04773836
1110032F04Rik,0.0,0.012916625,-0.021639898,-0.024709947,0.11428944
Ift80,0.0,-0.043435752,0.25413677,0.043649103,-0.09485391
Smc4,0.0,-0.00425178,-0.059339866,-0.3135686,-0.029573767
Trim59,0.0,0.4858398,0.19668485,0.075389355,0.21313964
Kpna4,0.0,-0.15350807,9.88543e-05,0.038657885,-0.081707396
Ppm1l,0.0,0.21986589,0.28176865,0.26664886,0.032978013
B3galnt1,0.0,-0.108723655,0.032720402,-0.11506571,0.18932778
Nmd3,0.0,0.10401654,0.1452717,0.13962737,0.042868346
Sptssb,0.0,0.124315724,0.077863395,0.07140489,0.31817675
Slitrk3,0.0,0.3521734,0.17600232,0.22598144,0.08385587
Gm20754,0.0,0.09657838,0.093006186,0.1814246,-0.3699698
4930509J09Rik,0.0,-0.08058219,-0.28710154,-0.053247914,-0.39598382
Bche,0.0,-0.1194863,-0.017449375,-0.047641598,0.030714782
Zbbx,0.0,-0.05572631,0.054119974,0.074537374,0.069287576
Wdr49,0.0,-0.006707801,-0.007673163,-0.071625955,0.027573049
Pdcd10,0.0,0.089266926,0.07068451,-0.07598695,0.1333112
Serpini1,0.0,0.053573385,-0.039485052,0.056007802,0.26908582
Golim4,0.0,0.041195147,0.18084794,0.18394704,0.040561393
Fstl5,0.0,0.10046444,0.06122517,0.0769385,-0.13322029
Rapgef2,0.0,-0.11675523,0.026253667,0.023960479,-0.041615173
4921511C10Rik,0.0,-0.025279094,-0.032858066,-0.20466524,-0.03125863
Gm17359,0.0,-0.08176183,-0.052868824,-0.15472367,-0.05390437
Fnip2,0.0,-0.11237804,0.13419464,0.1356218,-0.042310752
Ppid,0.0,0.33218384,0.091703296,0.04239084,0.118519776
Etfdh,0.0,-0.18349372,-0.16207696,-0.1180531,-0.09790212
4930579G24Rik,0.0,-0.019801836,-0.032897647,0.027623795,0.10613896
Rxfp1,0.0,0.022895284,-0.098298416,0.10089038,0.09387073
Tmem144,0.0,0.25789297,0.18551518,0.5009305,0.40658563
Gask1b,0.0,-0.031391975,0.07530106,-0.033011243,0.01297619
A330069K06Rik,0.0,-0.0466905,-0.062712595,-0.056747004,-0.018100873
Gria2,0.0,0.34009877,0.038180217,0.04956217,0.02573964
Glrb,0.0,-0.005210139,-0.009865962,0.044976808,0.05746038
Pdgfc,0.0,0.20808999,0.32056046,0.052186683,0.044840813
Gm16000,0.0,-0.16446894,-0.25598213,-0.14327888,-0.09544733
Gm9989,0.0,-0.0018325436,-0.06962854,-0.024666024,-0.050564684
Ctso,0.0,0.6193025,0.22043207,0.47827235,0.078540474
Gucy1b1,0.0,0.24165584,0.22155397,0.078780204,0.20578328
Gucy1a1,0.0,0.5931217,0.3890341,0.43498874,0.31849065
Map9,0.0,0.2521481,0.28401116,-0.09876944,0.014103681
Npy2r,0.0,-0.06747074,-0.15071976,-0.036739964,-0.021765463
Plrg1,0.0,0.012775816,0.19144347,0.04292848,-0.13817453
Dchs2,0.0,-0.06142832,0.10773356,0.090874985,0.032271504
Sfrp2,0.0,0.04992325,0.038671017,0.018504411,0.04662183
Gm26771,0.0,-0.040008,-0.10639173,-0.03291303,-0.053851876
Tmem131l,0.0,-0.04661326,-0.00014106184,0.27519184,-0.045206904
Mnd1,0.0,-0.06787053,0.07087571,-0.008400284,0.12816885
Trim2,0.0,0.0057233274,-0.041107837,0.0017920956,-0.15489276
Fhdc1,0.0,0.26396978,0.104391746,0.084037006,0.0937675
Arfip1,0.0,0.25622284,0.072738454,-0.12167968,0.05662089
Gm37240,0.0,-0.030131556,0.053612914,-0.22285421,-0.17036203
Fbxw7,0.0,0.19742404,0.2657585,0.056814417,-0.0068486333
Gm15535,0.0,-0.011426682,0.05809176,-0.0069386307,-0.10210442
Gatb,0.0,-0.017040389,-0.21262366,0.11579105,-0.115950175
Sh3d19,0.0,0.0746409,0.0115408525,0.2576324,-0.12905434
Rps3a1,0.0,0.2777939,0.19972233,-0.07949427,0.20872927
Lrba,0.0,-0.019534618,0.021022148,0.0042775124,0.0017691031
Gm37876,0.0,-0.05973172,0.0031887637,0.0142135555,-0.11832675
Dclk2,0.0,0.30988696,0.4138127,0.3628194,0.20514959
Cd1d1,0.0,-0.11396749,0.016052336,-0.054852236,-0.020219106
Kirrel,0.0,-0.15396087,-0.052404962,0.05296811,-0.10937093
Fcrls,0.0,0.06003467,0.16834489,0.08379024,0.1877101
Etv3,0.0,0.19694628,0.006043993,0.0145658925,-0.038571693
Arhgef11,0.0,-0.09875811,0.086177394,0.007581599,-0.09683708
Prcc,0.0,0.147867,0.32142317,0.15949452,0.2962039
Hdgf,0.0,0.3574233,0.08897053,0.092487276,0.18327071
Mrpl24,0.0,0.24986555,0.014432736,0.07460758,-0.035317436
Rrnad1,0.0,-0.5147102,-0.17916569,-0.27049696,-0.22801307
Isg20l2,0.0,-0.10381615,-0.08307152,0.07829579,0.028175559
Bcan,0.0,0.6169412,0.68124986,0.7628401,0.1382738
Hapln2,0.0,0.18698654,-0.036991194,0.27928877,0.032870226
Gpatch4,0.0,0.03634598,0.07592651,-0.11808024,-0.1101962
Naxe,0.0,-0.04706884,0.17657104,0.030286115,0.02716453
Mef2d,0.0,0.015755221,0.2895778,0.25714916,0.02714853
1700113A16Rik,0.0,-0.09150127,-0.024759062,-0.16905458,-0.068255246
AI849053,0.0,0.40195745,0.031876907,0.41284287,0.1738254
AW047730,0.0,0.63427025,0.65364665,0.87086713,0.403038
Gm3764,0.0,0.13295692,0.1954863,0.24709794,0.13533545
Tsacc,0.0,0.12487905,0.009983227,0.13180025,-0.06534364
Cct3,0.0,-0.0010077208,0.14141545,0.08878265,0.28220525
Glmp,0.0,-0.16726883,0.06253978,0.03931424,0.2227716
Tmem79,0.0,-0.014147214,0.04724908,-0.21840233,-0.017953701
Smg5,0.0,0.15005618,0.019482955,0.34372836,-0.10326631
Paqr6,0.0,0.83854276,0.74569255,0.98264563,0.3440536
Pmf1,0.0,-0.11924278,-0.051157374,-0.009314347,-0.14501163
Slc25a44,0.0,0.22256649,0.1715396,0.1445578,0.13601264
Sema4a,0.0,0.45687717,0.39453113,0.48976597,0.3002249
Lmna,0.0,0.086973,-0.06706111,0.24373686,0.18160684
Gm37584,0.0,-0.13976023,0.02700582,0.033408977,-0.07693883
Mex3a,0.0,0.005568585,-0.11917073,-0.00342811,0.027032375
Lamtor2,0.0,0.42554864,0.32568198,0.08901438,0.30063862
Ubqln4,0.0,0.094488636,-0.008573197,0.10957791,-0.11816473
Ssr2,0.0,-0.30013657,-0.20484735,-0.19614789,-0.38561553
Arhgef2,0.0,0.14068335,0.252985,0.1220627,-0.013386965
Gm20652,0.0,0.034163296,-0.0055376897,-0.16929604,-0.05622901
Khdc4,0.0,0.102479815,0.19552311,0.20602348,-0.12649943
Rit1,0.0,-0.12071481,-0.05479516,-0.17499116,-0.01479685
Syt11,0.0,0.23555963,0.16942242,0.11914693,0.08966692
1500004A13Rik,0.0,-0.04374397,-0.016894806,-0.031702112,-0.022491317
Gon4l,0.0,-0.08857155,0.108166575,-0.06744358,-0.015336882
Gm43713,0.0,-0.43326244,-0.16225022,-0.46719956,-0.24975485
Msto1,0.0,0.3555945,0.33236715,0.21370944,0.29060802
Dap3,0.0,0.07011176,0.084286846,-0.06554855,0.08211867
Ash1l,0.0,-0.049459636,0.17079417,0.15715663,0.10700005
Rusc1,0.0,0.28184187,0.15482613,-0.10872753,-0.095777124
Fdps,0.0,-0.08150952,0.18982118,-0.022664428,0.07779108
Hcn3,0.0,0.18378732,0.028568655,0.3029041,0.13638768
Clk2,0.0,-0.103520356,0.016542505,-0.00027314946,0.09477225
Scamp3,0.0,0.1453813,-0.011658914,0.19692844,-0.026613437
Fam189b,0.0,0.11242594,0.027221732,0.089013025,-0.03395568
Gba,0.0,-0.02239281,0.22351974,0.12308738,0.1965177
Mtx1,0.0,0.14879996,0.20529062,0.18699408,0.0034662634
Thbs3,0.0,-0.3915389,0.3197377,0.044339355,-0.23165159
Trim46,0.0,0.11476997,-0.047809675,0.2904802,0.028107285
Krtcap2,0.0,-0.17609468,-0.04637218,-0.0427241,-0.015600579
Dpm3,0.0,0.3677902,0.16259971,0.15688425,0.18191949
Slc50a1,0.0,0.23032555,0.33564976,0.25765273,0.12353195
Efna1,0.0,-0.17304942,0.0013405234,-0.132197,-0.116265
Efna3,0.0,0.0072142184,-0.17324337,-0.08447049,-0.22059238
Gm15998,0.0,0.02254619,0.023976576,0.03980108,0.033823613
Adam15,0.0,0.24469791,0.16444449,0.17349882,-0.050831586
Dcst2,0.0,-0.0065536075,-0.018330779,-0.02110454,-0.045538645
Zbtb7b,0.0,-0.015518863,0.041047163,-0.060254578,-0.09517293
Gm15417,0.0,-0.024560347,0.08135125,0.06156616,-0.10147892
Flad1,0.0,-0.2187683,-0.19099097,-0.14834027,-0.061379015
Cks1b,0.0,0.12857547,0.010400984,-0.013330393,0.107902184
Shc1,0.0,0.09826875,0.10416,0.28639674,0.06404862
Pygo2,0.0,0.23856989,0.1838839,-0.10101844,-0.04527469
Pbxip1,0.0,0.12126076,0.3184415,0.34159133,-0.08692478
Pmvk,0.0,-0.033737052,0.036145892,-0.18977469,-0.10655177
Kcnn3,0.0,-0.02575519,0.051460296,0.13356775,-0.003905341
Adar,0.0,0.21532556,0.30349922,0.16472936,-0.087462425
Chrnb2,0.0,0.38528875,0.17222175,0.35145175,0.10076931
4632404H12Rik,0.0,0.22480518,0.04600369,0.25667223,0.12983087
Ube2q1,0.0,0.18528727,-0.20872426,0.20341505,-0.10847358
Il6ra,0.0,0.037120398,0.2623787,0.017554179,-0.077111594
Atp8b2,0.0,0.08874874,-0.25647518,0.3441486,-0.25121975
Hax1,0.0,0.07225806,0.09926126,0.2584029,0.109261036
Gm19710,0.0,0.11961899,0.089662276,-0.025665358,-0.14322293
Ubap2l,0.0,-0.07164013,0.08211857,0.09575703,0.013616748
4933434E20Rik,0.0,-0.21371152,0.120563924,0.068823606,-0.15770619
1700094D03Rik,0.0,-0.07717875,0.015392053,0.06699314,-0.24714133
Tpm3,0.0,0.0034231935,-0.040989175,-0.1783108,-0.08380218
Nup210l,0.0,0.040099513,-0.08503695,-0.17591779,-0.09018934
Rps27,0.0,0.30634612,0.035198547,-0.18301475,0.19498543
Rab13,0.0,-0.050837398,-0.04298696,0.04144323,0.07140867
Jtb,0.0,0.10616341,0.30693722,0.22367299,0.037152827
Slc39a1,0.0,-0.14685743,-0.08881016,-0.28149045,-0.29156876
Crtc2,0.0,0.110716276,-0.00696293,0.045141913,-0.22192076
Dennd4b,0.0,0.16939661,0.20634489,0.3016884,0.20751256
Gatad2b,0.0,-0.24709184,-0.045674767,-0.11451197,0.03340652
Slc27a3,0.0,-0.08462502,0.1521003,0.30955052,0.31302187
Ints3,0.0,0.2611967,0.0639769,-0.06853614,-0.12064161
Npr1,0.0,-0.01679381,0.018058067,-0.13136853,-0.100949444
Ilf2,0.0,0.1588479,0.10240792,0.2507627,0.19936024
Snapin,0.0,0.53804517,0.28766054,0.112832144,-0.040047526
Chtop,0.0,0.5171831,0.3518154,0.14025542,0.14832693
S100a1,0.0,0.19044729,-0.023815274,0.08341475,0.16151907
S100a13,0.0,0.1883389,-0.058147714,0.0722785,0.14646257
S100a16,0.0,0.19613747,0.031297974,0.060163498,0.079860196
S100a2,0.0,-0.04524517,-0.115783766,0.028088965,0.11694336
S100a6,0.0,0.19115281,0.12611711,0.07947472,0.26747546
Lor,0.0,-0.026472341,0.025741156,-0.019170117,0.08891456
Gm9774,0.0,-0.034828242,0.101907596,0.05912386,0.098264426
Gm37245,0.0,-0.013030345,-0.058086835,0.022376262,0.047358982
Tchh,0.0,-0.07651754,-0.012834195,-0.02528589,-0.11566817
S100a10,0.0,-0.07251215,0.11591871,0.013526842,0.059785362
Them4,0.0,-0.1192337,0.03899899,0.24424732,0.28791833
Lingo4,0.0,-0.2695515,-0.0992731,0.03339404,-0.18401009
1700040D17Rik,0.0,-0.019296365,0.08254974,-0.16003743,-0.01935009
Tdrkh,0.0,0.115136504,0.0011111274,-0.11279004,0.17733121
Gm42463,0.0,-0.35880598,0.10994987,0.026037844,-0.016822647
Oaz3,0.0,0.11301563,-0.16063678,-0.018757878,-0.07231475
Mrpl9,0.0,0.42737496,0.15315667,0.26374567,-0.060442314
Riiad1,0.0,-0.057485744,0.26687562,0.2948557,0.10665488
Celf3,0.0,0.33179548,0.4240025,0.52418756,0.16245621
Snx27,0.0,0.20645985,0.2463883,0.21552993,0.14298421
Gm43773,0.0,-0.17628919,0.036020458,-0.0006180201,0.03480689
Gm43774,0.0,-0.08687073,0.2598534,0.22710046,0.18663149
Gm43768,0.0,0.11072364,0.03371626,0.05432932,0.12461491
Tuft1,0.0,-0.103790686,0.018869333,-0.10944383,-0.022059068
Cgn,0.0,-0.07051547,0.22774033,0.20342787,0.12060044
Pogz,0.0,0.08694944,0.2884976,0.18704976,0.043715402
Psmb4,0.0,-0.09972623,-0.005032122,-0.34317514,-0.14553949
Selenbp1,0.0,-0.14032468,0.09646609,0.17542076,-0.21806231
Rfx5,0.0,0.08717707,0.00028943643,-0.0035098232,-0.119614884
Pi4kb,0.0,-0.07803927,0.040078335,0.2323046,0.07563973
A730011C13Rik,0.0,0.35916728,-0.08535373,0.0097609535,-0.031356923
Gm15265,0.0,0.16263582,-0.04008198,0.06374543,-0.12178998
Zfp687,0.0,-0.0012700204,-0.20028542,-0.056129396,-0.08698414
4930481B07Rik,0.0,0.011561722,-0.030214094,0.10752753,-0.0047390535
Psmd4,0.0,-0.033925347,0.07561763,-0.14025831,0.16325852
Pip5k1a,0.0,-0.07296577,0.114772685,0.060683955,-0.063454434
Vps72,0.0,-0.019296058,-0.04626452,0.15981688,0.118730806
Scnm1,0.0,0.057870906,-0.041460864,0.06471586,0.049718842
Lysmd1,0.0,0.3998273,0.14695264,0.12739646,-0.0041746795
Sema6c,0.0,-0.054043114,-0.10861949,0.040975265,-0.05772272
Gabpb2,0.0,-0.20630461,-0.040120214,-0.060481783,-0.24924546
Gm16740,0.0,-0.03804504,-0.048149526,0.1961898,0.04594557
Mllt11,0.0,0.1581576,0.096465886,-0.14808717,0.05632216
Cdc42se1,0.0,0.120685354,0.012765726,-0.24261849,-0.044634685
Bnipl,0.0,-0.13876083,-0.06424665,-0.020729082,-0.09437697
Prune1,0.0,-0.29324952,-0.18319497,0.06495325,0.013973188
Mindy1,0.0,-0.18663394,0.046891868,0.102205455,-0.13978991
Anxa9,0.0,-0.16373718,-0.062481545,-0.15036774,-0.19059592
6330562C20Rik,0.0,-0.047222503,-0.053940915,-0.049781643,-0.1705584
Cers2,0.0,0.1600528,0.3076597,0.27976608,0.14759922
Setdb1,0.0,0.079252936,0.054681078,0.22193709,0.04379698
Arnt,0.0,-0.09357242,0.0066988803,0.029134568,-0.11730711
Ctsk,0.0,0.029703237,-0.06568909,-0.2510073,-0.22077794
Ctss,0.0,0.026389206,-0.021922732,-0.3463792,0.03431728
Golph3l,0.0,-0.040645957,0.04537333,0.08178379,0.117540136
Ensa,0.0,-0.033802323,-0.101843074,-0.07152038,-0.016248927
Mcl1,0.0,0.32363668,-0.06354996,-0.015755445,-0.05448658
Adamtsl4,0.0,0.10884863,0.15804069,0.42300647,0.15800487
Ecm1,0.0,-0.019608118,0.20790267,0.0047744736,-0.03737378
Tars2,0.0,0.083346106,0.14543824,0.2899764,2.9459596e-05
Rprd2,0.0,-0.15379217,0.004791178,0.102371246,-0.04936575
Prpf3,0.0,0.10229867,0.27087522,0.20563498,0.112968534
Gm26594,0.0,-0.26839405,-0.10319526,-0.30256045,-0.16756773
Mrps21,0.0,0.118553765,0.133773,0.28503728,0.18554534
C920021L13Rik,0.0,0.37841713,-0.0055339932,0.1891604,-0.06358355
Ciart,0.0,0.05294867,-0.0033170283,0.040093534,0.23957512
BC028528,0.0,-0.18600933,-0.11499608,-0.08110912,-0.25905743
Aph1a,0.0,-0.012356974,0.039681915,0.1047672,-0.08336353
Car14,0.0,0.11807644,-0.08690802,0.15134439,0.001785472
Anp32e,0.0,0.24484669,0.18423153,0.21558094,0.028032258
Plekho1,0.0,0.06378941,0.29507273,0.40212858,-0.024049059
Vps45,0.0,0.16720808,0.3264833,0.19253805,0.02959004
Otud7b,0.0,-0.1010601,-0.022886228,-0.09994618,0.025493609
Mtmr11,0.0,0.30172318,0.26583505,0.49849147,0.07116881
Gm17690,0.0,-0.20035794,-0.093408406,0.033962905,-0.22281915
Sf3b4,0.0,0.16901787,0.28433406,0.069951095,0.0747966
Sv2a,0.0,0.49998373,0.45925567,0.3248464,0.102345824
Bola1,0.0,-0.06453486,-0.20661983,-0.15435503,-0.13598949
Hist2h2be,0.0,-0.37861383,0.09648806,-0.12747946,-0.21390083
Gm20633,0.0,0.047247395,-0.073044576,-0.0047642086,-0.022008171
Hist2h4,0.0,-0.65737003,-0.43902427,-0.54644406,-0.47252762
Fcgr1,0.0,-0.043065567,-0.05763782,-0.15207335,-0.16391438
Txnip,0.0,-0.12549406,-0.44062126,-0.3144849,-0.16579357
Polr3gl,0.0,0.13866824,0.45834935,0.07347451,-0.08019538
Ankrd34a,0.0,0.030448124,0.043054897,-0.12501293,-0.05827851
Lix1l,0.0,0.18833953,0.17809266,0.4398284,0.20041202
Rbm8a,0.0,0.086063266,-0.19759348,-0.23852158,-0.19676553
Pex11b,0.0,0.34706417,0.16292489,0.098961696,0.19229952
Itga10,0.0,-0.0056912,-0.010655155,0.07567811,-0.22718732
Ankrd35,0.0,0.1214695,0.3214794,0.42033777,0.25821266
Pias3,0.0,0.25127834,0.19794077,0.4139167,-0.034980938
Nudt17,0.0,-0.09314768,-0.19759516,-0.07277025,-0.0879834
Polr3c,0.0,0.105199665,0.046454906,0.10368689,0.15926847
Rnf115,0.0,-0.05003422,-0.07751163,-0.09376533,-0.07643069
Gpr89,0.0,-0.12529773,0.15668513,0.1732449,0.092594475
Gja5,0.0,0.02227455,-0.2376065,-0.009473555,-0.0051505435
Acp6,0.0,0.0015283227,0.20790046,0.4247992,-0.119849995
Bcl9,0.0,-0.11052691,0.15532368,0.045254268,0.08284356
Chd1l,0.0,-0.14009005,-0.047250077,-0.0641026,-0.13142009
Fmo5,0.0,-0.0063711107,0.024011038,0.24240308,-0.061919317
Prkab2,0.0,0.00066296384,0.12946725,0.13506967,-0.15164812
Pde4dip,0.0,0.11992127,0.10601945,0.11591097,-0.07112534
Gm31305,0.0,0.05930744,0.035943024,-0.116547644,-0.14915563
Sec22b,0.0,-0.13876848,-0.21296196,0.19261315,-0.33683923
Gm5544,0.0,-0.061266974,-0.10341488,0.0008492656,-0.051501907
Notch2,0.0,0.09537153,0.24620292,0.050092384,-0.019722193
Phgdh,0.0,0.025474831,0.23765346,0.2648059,0.005434364
Zfp697,0.0,0.18137732,0.1538386,0.39368188,-0.041318163
Gm43190,0.0,0.06228847,-0.119864255,0.13174921,-0.005102128
Gm10681,0.0,0.045054667,0.08785014,-0.010216929,0.0050753914
Wars2,0.0,-0.13104792,0.10179308,-0.022843692,-0.119932026
Gm42717,0.0,-0.14811668,-0.22441357,-0.006265972,-0.08456383
Tbx15,0.0,-0.16250315,-0.22057931,0.027152129,-0.1472536
Spag17,0.0,0.10578934,-0.031045562,-0.06610533,0.008124518
Wdr3,0.0,0.42709288,0.38129666,0.29625544,0.12987158
Gdap2,0.0,-0.0340807,0.1316302,0.09478338,-0.053379014
Tent5c,0.0,-0.104187906,-0.0022301674,0.021902509,-0.18570869
Man1a2,0.0,-0.013958514,0.12316935,0.0005448088,-0.10291297
Gm43466,0.0,-0.21539974,0.25781342,0.25569925,0.0055807307
Gm42869,0.0,0.2972303,0.0153424665,0.0609613,0.11467722
Gm43462,0.0,-0.24203771,-0.23102005,-0.20371643,-0.3742683
Gm43463,0.0,0.00055951625,0.07529047,0.019910865,0.062330607
Trim45,0.0,0.16463688,-0.037815057,0.017326932,-0.021888211
Ttf2,0.0,0.062760174,0.11276059,0.09958179,0.10303564
Cd101,0.0,-0.20896819,-0.24445724,-0.17094602,-0.10662428
Ptgfrn,0.0,-0.0078008864,-0.024319733,-0.10617638,0.039961606
Igsf3,0.0,0.0058264285,0.06370539,0.17365576,0.37361676
Gm42939,0.0,-0.061480787,-0.031383432,-0.018061312,0.008025984
Atp1a1,0.0,0.30825374,0.2426082,0.2351914,0.06605989
Gm42937,0.0,0.015869038,-0.021510487,-0.016256416,-0.0052384683
Gm42941,0.0,-0.0028769989,-0.0911805,-0.08196263,0.011564158
Slc22a15,0.0,0.16155784,-0.13753772,-0.048488736,-0.10038187
Vangl1,0.0,-0.055527437,-0.17020178,-0.2447241,-0.15257315
A230001M10Rik,0.0,0.23954125,-0.1657691,-0.019978248,-0.0923589
Ngf,0.0,0.08086382,0.25139615,0.048278663,-0.0074098483
Tspan2os,0.0,-0.033718146,-0.04450708,-0.015897285,-0.0006387816
Tspan2,0.0,0.72346914,0.42283016,0.14518878,0.33507156
Sike1,0.0,-0.087789044,-0.0046138167,0.21316515,0.011972219
Csde1,0.0,0.10514811,-0.014659308,0.029983804,-0.0048705786
Nras,0.0,0.17543581,-0.030829586,0.09124697,-0.030101307
Dennd2c,0.0,-0.019116145,-0.036309652,-0.018154763,0.051666074
Bcas2,0.0,0.15132245,0.03390576,0.06282749,-0.043847203
Trim33,0.0,0.05852186,0.15739198,0.07606343,0.094692774
Gm43061,0.0,-0.23103012,0.25099304,-0.06517509,-0.04340445
Syt6,0.0,-0.15906376,-0.19589072,-0.0030098632,-0.132996
Gm43066,0.0,0.0012594918,0.032144364,0.022048783,-0.01423279
Olfml3,0.0,-0.07724662,0.07368846,-0.20544815,-0.10454813
Hipk1,0.0,-0.0040491894,0.08004351,0.016016006,0.04361629
Gm43149,0.0,-0.24943738,0.13801606,-0.11071641,0.06427331
Gm15886,0.0,-0.25293747,-0.10960163,-0.33400834,-0.52535796
Gm43387,0.0,-0.2425713,-0.2384735,-0.38381356,-0.28655034
Dclre1b,0.0,-0.026161782,-0.27095738,-0.19291335,-0.12041183
Ap4b1,0.0,-0.12727141,-0.17919718,-0.16714996,-0.08176777
Bcl2l15,0.0,-0.06568271,0.06479473,-0.17527467,-0.015133936
Ptpn22,0.0,-0.1462271,-0.18312375,0.05783329,0.22490573
Rsbn1,0.0,0.036933094,0.08119615,-0.076883905,-0.07352968
Phtf1os,0.0,0.067949355,-0.12869652,-0.27818024,-0.13651633
Phtf1,0.0,-0.07165607,-0.12905937,-0.053981684,-0.104631215
Magi3,0.0,-0.0050267354,0.1622315,0.0156134665,-0.059920974
Gm42696,0.0,-0.07780871,-0.11018505,-0.0708182,-0.024904609
9530097N15Rik,0.0,-0.09516327,0.04830657,-0.07442108,0.054671638
Gm42700,0.0,-0.031012475,-0.009311442,-0.12505873,0.009378568
Gm42699,0.0,-0.07733406,0.15134089,-0.03732686,0.07193297
Gm42702,0.0,-0.15547064,0.07086529,-0.15128241,-0.057437584
Gm42701,0.0,-0.12711446,-0.13025555,-0.04397071,-0.043819834
Gm43258,0.0,0.026868135,0.07157125,0.1666492,0.21420884
C030032O16Rik,0.0,0.040648915,-0.046934515,-0.06565187,-0.08466419
Gm43259,0.0,-0.072165474,0.013175517,-0.052451484,-0.060787015
Gm43260,0.0,-0.044215403,-0.050566718,-0.0015911777,0.01652654
Gm43256,0.0,0.09937461,-0.0053533986,0.07985846,0.10975684
Lrig2,0.0,0.0751605,0.016452365,0.12602486,-0.034049734
Gm43696,0.0,-0.32577288,0.13208285,0.03894145,-0.04487733
A530041M06Rik,0.0,-0.08231998,-0.043128066,-0.12307583,-0.080876164
4930509H03Rik,0.0,-0.354677,-0.1526286,-0.065465026,-0.028155513
Slc16a1,0.0,0.14409463,-0.15843336,-0.18640041,-0.0131056225
Gm43581,0.0,-0.13166265,0.22978148,0.051909067,0.12134555
Rhoc,0.0,0.44372118,0.1782984,0.27725267,0.3006496
Mov10,0.0,0.06248168,0.0074749924,0.12559965,-0.19977424
Capza1,0.0,0.089474365,0.2755103,0.20210199,0.07715924
Gm42658,0.0,-0.028432865,-0.09817325,0.0052947337,-0.073225126
Gm42659,0.0,-0.080961235,0.21380338,-0.0930359,0.24940175
St7l,0.0,-0.16137779,-0.11672808,-0.17530783,-0.12912354
Wnt2b,0.0,-0.12660915,0.081049256,0.30486467,-0.04776962
Cttnbp2nl,0.0,-0.011502554,0.019525632,0.042146824,-0.24753998
Kcnd3os,0.0,0.08894806,-0.28391507,-0.042944204,-0.2779564
Kcnd3,0.0,-0.08159466,0.00088684633,-0.21970461,0.12447972
Gm43847,0.0,-0.105141446,-0.012085682,-0.30485463,0.096836954
Ddx20,0.0,-0.0796698,0.0008836575,0.117757075,-0.027522188
Inka2,0.0,0.18896385,0.038872205,0.010481693,0.18873525
Gm43848,0.0,-0.121107236,0.2638694,0.06926818,0.1140495
Rap1a,0.0,0.045920476,0.15965816,0.07482055,0.30793667
Gm43328,0.0,-0.045242786,0.050790306,-0.05130609,0.04195852
Gm43329,0.0,-0.20438968,-0.04549405,-0.23969668,-0.051730655
Gm43330,0.0,-0.08803949,0.06224601,-0.1410144,0.0036339238
Gm43331,0.0,-0.2835726,0.10242768,-0.2180194,-0.23890108
I830077J02Rik,0.0,0.13459627,-0.018785477,-0.00851123,0.13813382
Atp5f1,0.0,-0.042467814,0.047857404,-0.2936762,0.115102366
Wdr77,0.0,0.40120736,0.17762294,0.17351852,0.1380471
Ovgp1,0.0,0.38314062,-0.06322782,0.18727359,0.23910412
Pifo,0.0,-0.03453434,-0.017088303,-0.010151749,0.0027218377
Gm42722,0.0,-0.17031056,-0.17177354,0.02159058,-0.030907994
Cept1,0.0,-0.12397449,0.06647298,0.20657063,0.065873615
Dram2,0.0,0.014744341,-0.06764861,0.17485382,0.13064413
Lrif1,0.0,0.20482402,0.13697034,0.0019968003,0.11787023
Cd53,0.0,0.0130634215,0.041785568,0.03837498,0.016765352
Gm27008,0.0,-0.067000814,-0.11086689,-0.0006563477,-0.13248906
Kcna3,0.0,0.040173933,-0.048833616,0.05153014,-0.019783355
AI504432,0.0,0.20524585,0.11379457,-0.046811536,0.02738721
Kcna2,0.0,0.30055135,0.0025439262,0.1855919,0.19084023
Lamtor5,0.0,0.02498924,0.038446564,0.053897597,0.012354046
Slc16a4,0.0,0.34231323,-0.023089841,0.07894287,-0.16185807
Rbm15,0.0,0.26217663,-0.018778518,-0.094843656,0.0844076
Kcnc4,0.0,0.21958545,0.28677672,0.12365766,0.24315734
Slc6a17,0.0,0.069098726,0.12626387,0.20819062,-0.12572743
Strip1,0.0,-0.066650555,0.1238119,0.20927727,-0.21024035
Ahcyl1,0.0,-0.06593593,0.021430016,0.05855664,-0.16461432
Csf1,0.0,0.025502726,0.016464666,0.18219903,0.053476434
4933431E20Rik,0.0,0.46292913,0.28381827,0.21160476,0.15188806
Gstm5,0.0,0.04084865,0.25410342,-0.02327767,0.0050064027
Gstm7,0.0,0.18041411,0.12523432,-0.11701228,0.11060737
Gstm6,0.0,-0.26051953,-0.11399615,0.10448121,-0.13688578
Gstm1,0.0,-0.05672419,0.28628618,0.1791525,-0.012770891
Gstm4,0.0,0.056148287,0.0139552355,-0.0018346049,0.05374906
Ampd2,0.0,0.38516623,0.7108247,0.72117656,0.08284855
Gnai3,0.0,-0.0779984,0.06528733,-0.021994464,0.12151482
Gpr61,0.0,0.24518657,0.21710777,0.1586225,-0.07143365
Amigo1,0.0,0.06086111,0.30677313,0.18364467,0.20665896
Cyb561d1,0.0,0.11200174,0.27251664,0.15728502,-0.088197425
Atxn7l2,0.0,-0.078477986,-0.21900237,-0.022240654,-0.26806656
Sypl2,0.0,-0.007859424,0.050607093,0.24962984,-0.032924786
Gm40123,0.0,0.04256188,-0.012776114,-0.2403034,-0.26335573
1700010K24Rik,0.0,-0.21682373,-0.13167149,-0.10767554,-0.15654892
Psma5,0.0,0.07216605,0.0690808,-0.1751487,-0.0025417283
Sort1,0.0,-0.17651737,-0.030070258,0.018073872,-0.07632115
Gm12522,0.0,-0.008271775,-0.051180463,-0.013842576,0.03251199
Celsr2,0.0,0.3130755,0.19053853,0.28551224,0.21550535
Sars,0.0,0.32144302,0.15320359,0.05163654,0.006171182
5330417C22Rik,0.0,0.1674875,0.28316176,0.21733926,-0.00835599
1700013F07Rik,0.0,-0.14092907,-0.04551326,-0.1547943,-0.026929915
Tmem167b,0.0,0.12378146,-0.16266564,0.03970807,0.124922104
Taf13,0.0,-0.37560064,-0.34854287,-0.2598699,-0.0703866
Wdr47,0.0,-0.27805853,-0.09753803,-0.10525914,-0.33708555
Clcc1,0.0,-0.0587622,0.018750079,0.020522773,0.10202484
Gpsm2,0.0,0.021142099,-0.12683351,-0.010991108,-0.19876985
Stxbp3,0.0,0.02447994,-0.032044515,0.06449102,0.08880198
Prpf38b,0.0,0.36743495,0.47215885,0.29157156,0.23036262
Henmt1,0.0,-0.10573485,0.030985374,-0.044753544,0.019669583
Fam102b,0.0,0.2459951,0.24154344,0.28618914,0.16630143
Slc25a24,0.0,0.22328961,0.19996324,0.1583415,0.05892264
Vav3,0.0,0.14066434,0.11862972,0.19462903,0.15826693
Ntng1,0.0,0.19646432,0.20603351,0.36192492,-0.12688899
Prmt6,0.0,0.07965003,-0.020635787,0.05915363,-0.10490048
C130013H08Rik,0.0,-0.20458159,-0.076433524,-0.3226568,-0.2564747
Amy1,0.0,0.05533155,-0.050428562,0.22316003,-0.20119804
Rnpc3,0.0,-0.037440196,0.12996937,-0.07649976,0.08072598
Col11a1,0.0,0.12884347,0.2647839,0.030753314,0.17062537
Olfm3,0.0,0.23998052,0.020942733,0.16887157,-0.14032175
S1pr1,0.0,0.06982895,0.02425452,-0.11475285,-0.04462731
A930005H10Rik,0.0,-0.020233482,0.21379587,0.2309528,0.049560845
Dph5,0.0,-0.11668676,-0.008228447,0.036344934,-0.033450544
Slc30a7,0.0,0.084316485,0.20658726,0.038745,-0.08957434
Extl2,0.0,0.23570034,0.20610172,0.110171705,0.038485005
Vcam1,0.0,0.17806976,0.003982246,0.32584116,0.21119891
Cdc14a,0.0,0.14335476,0.3107307,0.20888613,-0.088446036
Rtca,0.0,0.099292934,0.21280703,0.0075243264,0.055911258
Dbt,0.0,-0.070790164,0.07265449,0.10403454,0.018211879
Lrrc39,0.0,-0.09234512,-0.29303816,-0.14657629,-0.19134177
Trmt13,0.0,0.10977427,0.023785941,0.20372042,-0.0091023
Sass6,0.0,0.036680542,-0.12331866,0.2142513,0.02755024
Gm42893,0.0,-0.1430798,-0.096621096,-0.09716718,0.0017602332
Mfsd14a,0.0,-0.02183196,0.0712038,0.0029050857,0.05347345
Slc35a3,0.0,-0.022148788,-0.08975403,0.11304705,0.08959256
Agl,0.0,0.123622105,0.12964009,0.10248719,0.06995396
Frrs1,0.0,-0.17903751,-0.0659604,-0.17838284,-0.1896557
Palmd,0.0,-0.05575443,0.017137136,-0.10851113,0.022328183
Plppr4,0.0,0.10709592,0.00786683,0.27365476,-0.00060914457
Plppr5,0.0,0.46674296,0.33008167,0.292143,0.1461685
Snx7,0.0,-0.08342543,0.13407929,-0.021898367,-0.05244019
Gm26871,0.0,0.18552497,0.03125713,0.21974072,-0.23825729
Gm9916,0.0,0.016964007,0.013822021,0.02723871,0.006665783
Dpyd,0.0,-0.011683255,0.06994401,0.10559093,-0.13179666
Ptbp2,0.0,0.091588005,0.043692417,0.12550306,-0.06702343
Gm42664,0.0,-0.035193935,-0.26345506,-0.3618806,-0.4446058
6530403H02Rik,0.0,-0.057108164,0.023699574,-0.06568384,0.05832491
Rwdd3,0.0,0.11665979,-0.075365156,0.4563505,0.08986323
Tmem56,0.0,0.10365022,0.044297457,0.27642122,0.07669789
Alg14,0.0,-0.03448144,0.091841556,0.0074613634,-0.21095762
Cnn3,0.0,0.117875025,0.17422023,0.15348615,-0.07823983
F3,0.0,-0.20456004,-0.29223108,-0.25884148,-0.059701946
Abcd3,0.0,-0.051105004,0.06803658,-0.06860858,-0.05141666
Arhgap29,0.0,0.16858277,0.37225583,0.28726664,0.37562436
Abca4,0.0,-0.018408637,0.14243263,-0.011879668,-0.031488046
Gclm,0.0,-0.04814615,-0.06557123,-0.09381998,-0.1431566
Gm17494,0.0,0.015148845,-0.037413515,0.043645963,-0.18941274
Dnttip2,0.0,0.17065272,0.15843172,-0.0072113127,0.20178086
Bcar3,0.0,-0.27946725,0.022753455,-0.12335699,-0.14007635
Fnbp1l,0.0,0.32782075,0.32040527,0.20668672,0.26890177
Gm43569,0.0,0.09153654,-0.16808382,-0.06865995,-0.1761922
Pde5a,0.0,-0.029758003,-0.16765198,-0.02054966,-0.028146181
4930447N08Rik,0.0,0.000991324,-0.033725284,-0.018653497,-0.0357443
4933405D12Rik,0.0,0.05747369,0.21197125,0.19283313,0.10550404
1810037I17Rik,0.0,0.13092446,-0.14877139,-0.21109074,-0.09924372
Usp53,0.0,-0.38169742,-0.35993916,-0.403871,-0.17336768
Synpo2,0.0,0.15343995,0.009305142,-0.10100563,-0.18762188
Sec24d,0.0,0.09321243,0.3180824,0.1580138,0.18696442
Mettl14,0.0,0.25981113,0.115571484,-0.02213186,0.04681609
Prss12,0.0,0.030377049,0.077425554,0.118016995,-0.025791034
Snhg8,0.0,0.55313134,0.14879361,0.3218724,0.1239225
Ndst3,0.0,0.013645753,-0.0043248534,0.4270283,-0.02610749
Tram1l1,0.0,0.08613947,0.30940688,0.46724418,0.2591052
Ndst4,0.0,0.07545614,-0.25798124,-0.08636536,-0.01454827
Ugt8a,0.0,0.48422313,0.22229229,0.21323016,0.29460967
Arsj,0.0,0.2934507,0.11991118,0.09246923,0.16951212
Camk2d,0.0,-0.2537791,-0.077079274,-0.16603751,-0.08964543
Ank2,0.0,-0.0007200688,0.035431594,0.096864365,-0.0011580437
Gm16958,0.0,-0.0034445338,0.07311082,-0.093565196,-0.21736231
Larp7,0.0,-0.19489141,-0.23309708,0.017191067,-0.3323938
Zgrf1,0.0,0.28616622,0.15809256,0.1758841,0.095095046
Alpk1,0.0,-0.15374607,-0.049721606,0.15959652,-0.07284367
Tifa,0.0,-0.21811417,-0.19408351,-0.014443804,-0.044939086
Ap1ar,0.0,0.17085151,0.07613329,0.043943383,0.10131158
Gm43653,0.0,-0.080353044,0.0013685129,0.03488052,-0.030827604
Fam241a,0.0,-0.12561773,-0.053885967,-0.067196265,-0.077851176
9830132P13Rik,0.0,-0.119463794,0.08165168,-0.043904204,-0.05053816
Gm43824,0.0,-0.051983126,-0.027692642,-0.04547385,-0.046013676
Elovl6,0.0,0.11927291,-0.009902962,0.080200754,-0.15062553
Egf,0.0,0.08255403,0.1662381,0.49603608,0.19672821
Rrh,0.0,0.067674115,-0.015544824,0.079915814,0.08302855
Gar1,0.0,0.307153,0.080737315,0.13093683,0.13889791
Pla2g12a,0.0,0.17022976,0.10636966,0.030743957,0.0683433
Casp6,0.0,-0.014768891,0.0692639,0.050583165,-0.2492062
Mcub,0.0,-0.21497774,-0.12793197,-0.19726148,-0.21729581
Sec24b,0.0,0.13095279,0.2969023,0.33348903,0.157065
Col25a1,0.0,0.10714434,-0.013231866,0.29751277,-0.1849429
Etnppl,0.0,-0.18636353,0.008359218,-0.135655,-0.08201747
Ostc,0.0,-0.26353467,-0.18223144,-0.17583123,-0.022223163
Rpl34,0.0,0.033591922,-0.119687095,-0.31854573,-0.0042051147
Gm42997,0.0,-0.13699587,-0.10882204,-0.014826517,0.009807492
Lef1,0.0,0.33366573,0.17962341,0.33942646,-0.25442323
Hadh,0.0,-0.20567627,-0.11173683,0.08826081,-0.11389309
Cyp2u1,0.0,-0.24343914,-0.07688232,-0.381513,-0.40029144
4930534D22Rik,0.0,-0.043347076,-0.015581275,-0.061292503,-0.058671594
Sgms2,0.0,-0.1875536,0.09611715,-0.2834958,-0.13756181
Papss1,0.0,-0.17711934,0.062292792,0.10455541,-0.03293352
Gm29865,0.0,0.18161434,0.019822277,0.1922266,0.112949595
Dkk2,0.0,-0.02395466,-0.06738302,-0.0048596435,-0.045130186
Aimp1,0.0,-0.02085098,-0.26444846,-0.24605496,-0.067391455
Tbck,0.0,-0.09797566,-0.024971675,-0.13380112,-0.1265313
Npnt,0.0,0.028648432,-0.15271044,-0.113970816,-0.13028365
Gstcd,0.0,0.04756003,-0.09119396,0.15642355,-0.16420977
Ints12,0.0,-0.14237027,-0.08237839,-0.2152273,-0.09037293
Gm43254,0.0,0.04648873,-0.09312067,0.10395262,0.03640395
Ppa2,0.0,0.04517585,0.0018107425,-0.10204011,-0.11373983
Tet2,0.0,-0.12014483,-0.14571583,-0.0050253943,0.006058747
Gm42567,0.0,-0.14114845,-0.112016074,-0.027917143,-0.09650666
Gm26691,0.0,0.37223977,0.22402848,0.3068877,0.16117719
Gm43192,0.0,0.36403957,0.031089246,0.101655595,0.2042212
Gm30648,0.0,0.16251494,0.058533862,-0.00017751008,-0.08760497
Cxxc4,0.0,0.19231291,0.15437022,0.1410473,0.049462512
Gm26820,0.0,-0.036388356,-0.021294333,-0.043377995,-0.02093124
Tacr3,0.0,0.053602777,0.18923102,0.047540013,0.119136386
Cenpe,0.0,0.1760181,0.06713002,0.14754803,0.13501419
Slc9b2,0.0,0.15861459,0.059631832,0.05581614,-0.017367974
Slc9b1,0.0,0.043767005,-0.061542057,0.067986846,-0.0066795796
Cisd2,0.0,0.011279613,0.079242036,0.05778282,0.084654965
4930539J05Rik,0.0,0.21191743,-0.012411874,-0.067186415,-0.102237985
Ube2d3,0.0,0.014632635,0.11045801,-0.017519861,0.12301807
Manba,0.0,-0.15422703,0.040034015,-0.013013225,0.02984152
Nfkb1,0.0,-0.135792,-0.0054946896,0.030230643,-0.17106068
Slc39a8,0.0,-0.08434803,0.06836946,0.012079214,-0.081357464
Gm31243,0.0,-0.009202424,0.0137293,0.0146925375,0.044986494
Bank1,0.0,-0.045831844,0.0024104826,-0.06580383,0.021929825
Ppp3ca,0.0,0.16312978,0.2312205,0.11564961,0.07720004
Emcn,0.0,0.004133705,-0.086991504,-0.04525343,0.11136848
Ddit4l,0.0,-0.09841819,0.07106647,0.35537738,0.015567198
H2afz,0.0,0.088319,0.18164358,0.042445853,0.15764666
Dnajb14,0.0,-0.060252078,-0.060758203,-0.042298716,-0.08266154
Gm43689,0.0,0.26964676,0.18095575,0.17888305,0.0668527
Lamtor3,0.0,-0.0620754,-0.24271724,-0.08587873,-0.16808566
Dapp1,0.0,0.13447525,0.09786102,0.23808295,0.025628395
Gm5105,0.0,0.0052470937,0.041946203,0.0039316975,0.084765196
Mttp,0.0,-0.2129966,-0.3279909,-0.027991034,-0.39845166
Trmt10a,0.0,0.2272314,0.0013624653,0.06439466,0.009970143
Adh5,0.0,-0.10665183,0.1839389,-0.15879083,0.14668259
Metap1,0.0,-0.034180254,0.0032414235,-0.21963423,-0.33911586
Eif4e,0.0,-0.09372333,0.1363397,-0.060673088,0.1344576
Tspan5,0.0,-0.01713632,0.17374223,0.057753474,0.010960206
Rap1gds1,0.0,0.025293328,0.087190725,0.09663412,-0.011554249
Stpg2,0.0,-0.14977476,-0.40447515,-0.40802285,-0.29084727
Gm15688,0.0,0.10585282,0.109377265,0.07786719,0.056525547
Unc5c,0.0,0.44578207,0.37107468,0.5115923,-0.17486998
Bmpr1b,0.0,0.13549365,0.30699587,0.13907671,0.14333186
Pdlim5,0.0,0.23970157,0.25999185,0.105226696,0.14872755
Gbp7,0.0,-0.0739952,0.021499611,-0.051460598,0.029735817
Kyat3,0.0,-0.19492567,0.27629864,0.12146384,-0.062608026
Gtf2b,0.0,0.11990684,0.064684585,-0.034291826,0.054804247
Pkn2,0.0,0.06816126,0.15611055,0.004447922,0.004712388
Gm43646,0.0,-0.014542669,-0.13179356,-0.037044056,-0.081723094
Lmo4,0.0,0.06223367,0.010035828,0.22863686,0.23114584
Gm43445,0.0,-0.07976928,0.31667298,0.22930542,0.155987
Hs2st1,0.0,0.09768719,0.1588322,0.052720547,0.22056401
Gm43707,0.0,-0.11469256,0.2869232,0.09934234,-0.052694865
Gm43560,0.0,-0.10612005,0.40478396,0.1247093,0.0878427
Selenof,0.0,-0.04217001,-0.11937928,-0.036643855,0.098488435
Sh3glb1,0.0,0.40925992,0.3109505,0.4199899,0.31970266
Clca3a1,0.0,-0.0342588,-0.09357277,-0.09710899,-0.028684288
Odf2l,0.0,-0.018609995,-0.07711364,-0.02279639,-0.18673936
Col24a1,0.0,-0.11330042,-0.12262142,-0.25927687,-0.115366034
Znhit6,0.0,-0.014048606,0.13606349,0.010985196,-0.089628935
Ccn1,0.0,0.016541138,-0.14762959,0.09687804,0.13350338
Gm17501,0.0,0.11349081,0.2667843,0.32475722,0.0411714
Ddah1,0.0,-0.08009378,0.06945343,-0.13585202,-0.16304569
Bcl10,0.0,0.13398072,-0.3288299,0.08061953,-0.0043150354
2410004B18Rik,0.0,0.08129165,0.07908798,-0.023235869,-0.27746338
Syde2,0.0,-0.10687249,-0.3072801,-0.0047867447,-0.14504
Ssx2ip,0.0,0.22983181,0.042179275,-0.08797048,-0.116263315
Ctbs,0.0,0.31768554,0.09983769,0.25444663,0.26260948
Spata1,0.0,0.10731351,-0.118871115,0.05228418,0.041192748
Gng5,0.0,0.09886643,-0.16752209,-0.20561825,0.10150305
Rpf1,0.0,0.13463286,-0.19109592,0.23620129,0.052434728
Samd13,0.0,0.015544615,-0.024606822,0.008744877,-0.10113549
Prkacb,0.0,0.43435773,0.29240862,0.19299248,0.24600215
Ttll7,0.0,0.45376432,0.20296623,-0.13502824,0.023065686
Adgrl2,0.0,0.41573426,0.27772015,0.33805168,-0.051041096
Gm43573,0.0,0.054817457,-0.025433961,0.031867787,0.112696916
Gm10287,0.0,-0.014712532,-0.026998792,-0.0048674364,-0.015592286
Gm30382,0.0,-0.16576356,-0.16394077,0.034534607,-0.16467243
Gm5149,0.0,0.076388866,0.026782354,-0.038960032,-0.03326209
Adgrl4,0.0,0.13310802,-0.026446566,0.19047591,0.07944371
Gipc2,0.0,0.011822384,-0.28864747,0.04405826,-0.12272537
Gm31881,0.0,-0.0054194173,-0.020572659,0.02711585,0.004920665
Dnajb4,0.0,-0.08343695,-0.025724206,-0.07888253,0.02877012
Fubp1,0.0,0.22643143,0.19916883,0.26125914,0.102968454
Nexn,0.0,0.14561906,-0.10857469,-0.1669337,-0.35803726
Miga1,0.0,0.20638984,0.14485234,0.19509088,0.14494134
Usp33,0.0,0.059147198,-0.016603597,0.05971042,-0.09220794
Zzz3,0.0,-0.012492701,0.10851823,0.07161633,-0.16651037
Ak5,0.0,0.12577595,-0.20120768,0.04098594,0.0031349398
AI115009,0.0,-0.04071516,-0.027450778,-0.042951476,0.017181836
Pigk,0.0,0.08492316,0.07247771,0.10297148,0.013782367
St6galnac5,0.0,-0.33996665,-0.1228217,-0.19961457,-0.32482257
1700094M23Rik,0.0,-0.03790547,-0.05390768,0.00051864464,0.0043358826
St6galnac3,0.0,0.1859069,0.24818197,0.32496357,0.07255755
Msh4,0.0,-0.20110963,-0.0059925374,-0.035697065,-0.05582635
Rabggtb,0.0,0.012269044,-0.1974965,0.071057804,-0.2170219
Acadm,0.0,0.18795931,0.016216934,0.18754518,-0.1933335
Slc44a5,0.0,0.10488106,0.085552126,0.021457672,-0.115342274
Tyw3,0.0,0.20898211,0.22166267,-0.025496796,0.18009579
Cryz,0.0,0.11596275,0.18832564,-0.11742972,0.1455205
Erich3,0.0,0.27292743,0.24887636,0.16468662,-0.023948386
Tnni3k,0.0,-0.021839362,-0.036341555,-0.024851197,-0.03994873
Fpgt,0.0,-0.21883261,-0.13479964,-0.065334044,0.10944742
Lrriq3,0.0,0.16393512,0.19082224,-0.019421369,-0.014864683
4930570G19Rik,0.0,0.08270969,0.20422289,0.19729076,0.0049214214
Negr1,0.0,-0.0659007,0.012436472,-0.00071783364,-0.0071839467
Gm15577,0.0,0.5134566,0.03990943,-0.18948114,-0.1580356
Zranb2,0.0,0.1628114,0.17299393,-0.021476328,-0.07457118
Ptger3,0.0,0.1083928,-0.0023188288,-0.0625388,-0.16893004
Cth,0.0,0.03754539,0.2040245,0.0046106502,-0.0055624917
Ankrd13c,0.0,-0.060349282,0.05399522,-0.054560017,-0.102687046
Srsf11,0.0,0.011037588,0.08932827,0.10678014,0.05223602
Lrrc40,0.0,0.123132326,-0.36238968,-0.046792038,-0.20137438
B230334C09Rik,0.0,0.30470556,-0.0148602575,0.3730821,-0.021771848
Lrrc7,0.0,0.3534792,0.2367864,0.34436697,-0.079209596
Gm20752,0.0,0.191523,-0.039460868,0.22112784,0.08444302
Wls,0.0,-0.018918723,0.080343336,0.01439108,0.111174405
Tmem68,0.0,0.095551334,-0.08759041,0.04194137,0.04983079
Tgs1,0.0,0.09437882,0.14971037,0.15395407,0.060281634
Lyn,0.0,-0.14091615,0.045713145,-0.123228185,-0.10480329
Rps20,0.0,0.20501046,0.2880596,0.048527226,0.04473059
Plag1,0.0,0.017183013,-0.076759174,0.05379227,-0.17803374
Chchd7,0.0,0.1561639,0.10309069,0.019162416,0.048729576
Gm11808,0.0,-0.21412185,-0.051568277,-0.12813017,-0.11417958
Penk,0.0,0.12862691,0.16602509,0.0038548857,0.20727736
A830012C17Rik,0.0,0.040043667,-0.013681356,0.06067929,0.06075279
Impad1,0.0,0.20657489,-0.022505239,0.049093395,0.14988829
Fam110b,0.0,0.12434395,0.0896689,0.0614048,-0.02412691
Ubxn2b,0.0,0.018024229,0.017402645,-0.012575328,0.0352087
Sdcbp,0.0,0.1607215,0.005578175,0.13499708,-0.14885497
Nsmaf,0.0,0.35366562,0.14605288,0.08520439,-0.23855084
Tox,0.0,-0.05680339,0.11105214,0.11898266,0.11613656
Gm11802,0.0,0.23270476,0.13227329,-0.14899805,-0.09057873
Car8,0.0,0.2718667,0.36983374,0.342823,0.44250533
Rab2a,0.0,0.012999922,0.0662719,0.009808779,0.10580663
Chd7,0.0,-0.08078087,0.04229996,0.10975188,-0.0581583
Clvs1,0.0,0.19015399,0.04420836,0.09398268,-0.34689718
Gm11817,0.0,0.07967949,0.07415537,0.010056112,-0.04869264
Asph,0.0,-0.026675195,0.08032985,0.06515496,-0.018166065
4930412C18Rik,0.0,-0.0782751,-0.177826,-0.04084576,-0.22415729
1700123O12Rik,0.0,-0.053871468,-0.1011515,-0.07459642,0.013277974
2610301B20Rik,0.0,0.23401558,0.23019715,0.10247527,-0.027589247
Plekhf2,0.0,-0.19466254,0.12932138,0.08148,0.2104812
Ndufaf6,0.0,-0.027926415,0.071180426,-0.088389486,-0.029760882
Trp53inp1,0.0,0.0042976756,-0.02392631,0.021599617,-0.14192337
Ccne2,0.0,0.36546132,0.116382316,0.056747817,0.039604604
Ints8,0.0,-0.12894186,-0.05924126,-0.0832327,-0.010970835
Dpy19l4,0.0,0.16742869,0.1143795,0.16612305,0.07679651
Virma,0.0,0.17788894,0.24963926,0.22384807,0.06581077
Rad54b,0.0,0.09509161,0.14974286,0.1459417,0.2035606
Fsbp,0.0,0.10060127,-0.14846985,-0.17089134,0.05485181
Gem,0.0,0.16082355,-0.056460455,0.069044724,0.044319607
Pdp1,0.0,0.33104974,0.20543584,0.23560824,0.052067608
1700123M08Rik,0.0,0.02947846,0.19741866,0.034470454,-0.025147505
Tmem67,0.0,0.014321125,-0.08416851,-0.10173987,-0.011718026
Rbm12b2,0.0,-0.087678626,-0.0136650875,0.003478447,-0.1083336
Rbm12b1,0.0,-0.030327268,0.16192034,0.024608873,0.11038546
Fam92a,0.0,0.030262034,0.029926125,-0.13835888,-0.20916392
Triqk,0.0,0.194839,-0.046486862,-0.016966566,-0.009476997
Runx1t1,0.0,-0.06275736,0.13622962,-0.0118239,0.020913735
Lrrc69,0.0,0.123980336,0.093885645,0.22937167,-0.0013627186
Otud6b,0.0,0.28655836,-0.22574411,-0.29894015,-0.077343255
Pip4p2,0.0,-0.237837,-0.0135744335,-0.12649643,0.054626778
Gm11837,0.0,-0.2577256,-0.25258473,-0.09697855,-0.07997963
Necab1,0.0,0.22980517,0.067454934,-0.05118441,-0.1823248
Gm11844,0.0,0.060508326,0.016898075,-0.025789436,0.019795764
Tmem64,0.0,-0.011432416,-0.1771354,0.0035083452,-0.004659754
Calb1,0.0,0.21000522,-0.002943121,-0.12231452,0.08375395
Decr1,0.0,0.0028742105,0.077711165,0.21430714,0.10711159
Nbn,0.0,0.1774287,-0.06250459,0.06553897,-0.0052023083
Osgin2,0.0,0.10653022,0.10237917,0.037006646,0.08612777
Ripk2,0.0,0.14482798,0.08792779,0.19974422,-0.00965552
A530072M11Rik,0.0,-0.025818437,-0.0194972,0.17068526,0.09422279
Mmp16,0.0,0.20114873,0.1871308,0.31769466,-0.07991761
Gm11867,0.0,0.7166734,-0.56326115,-0.5034216,-0.65170324
Cpne3,0.0,0.04188949,-0.012541421,0.06979108,0.05752585
Rmdn1,0.0,-0.19135542,-0.18594469,-0.08680926,0.03686347
Gm12353,0.0,0.06473312,0.011897692,-0.23764344,-0.22796452
Wwp1,0.0,0.14607415,0.19921324,0.04498905,0.070480466
Ttpa,0.0,0.074380934,0.02433937,0.13338552,0.058969118
Ggh,0.0,-0.2022634,-0.054662913,-0.13156019,0.037460953
Nkain3,0.0,0.26002082,0.21800607,0.22494388,-0.0037034303
Ccnc,0.0,0.19614501,0.27628422,0.30373192,0.24339697
Tstd3,0.0,0.17682731,0.1478464,-0.081281394,-0.060623035
Usp45,0.0,-0.14530814,0.03199763,0.075265914,-0.07050204
Pnisr,0.0,0.10211387,0.25942388,0.14875461,-0.04841879
Coq3,0.0,-0.041641165,-0.110666275,0.15798263,-0.16938394
Faxc,0.0,0.026181845,-0.058493495,0.05360471,-0.064604335
Fbxl4,0.0,0.019197598,0.15851739,0.23280446,0.09277295
Pou3f2,0.0,-0.17272314,-0.041177347,0.15469119,0.15139669
Mms22l,0.0,0.3077584,0.19084471,0.44519266,0.15620694
Klhl32,0.0,-0.10151346,0.040330082,0.011317253,-0.08782376
Ndufaf4,0.0,-0.14066711,-0.07111894,-0.13696076,-0.10847313
C230012O17Rik,0.0,0.10343448,0.09049762,0.08050746,0.1443854
Gm11906,0.0,0.17494585,0.18543467,0.24177298,0.027557269
Ufl1,0.0,0.11682677,0.07521829,0.23400888,0.020929039
Fut9,0.0,0.05383317,0.19102208,-0.0017183721,0.110879555
Manea,0.0,0.16824332,0.039050788,0.017916523,0.014508806
Epha7,0.0,0.0916796,0.13436776,0.07175851,-0.21229085
Map3k7,0.0,0.15553209,0.18880473,0.2864491,-0.10799664
Bach2,0.0,-0.06259364,0.12841211,0.19224006,0.0432254
Casp8ap2,0.0,0.052410036,0.07980368,0.09440094,0.114234775
Mdn1,0.0,-0.0070991367,-0.09711413,0.15864049,-0.05210928
Lyrm2,0.0,0.10030693,-0.09652123,-0.05728355,-0.08813267
Ankrd6,0.0,0.09181273,0.18506654,0.2249107,0.084623285
Rragd,0.0,0.023914665,-0.062295817,0.20100328,0.17892541
4933421O10Rik,0.0,0.03139051,-0.046916574,0.31605887,-0.10538693
Ube2j1,0.0,0.08509019,-0.14241391,-0.18064094,-0.20206425
Gabrr2,0.0,-0.03123892,-0.106789835,0.050800852,0.030966323
Pm20d2,0.0,0.0227476,-0.05276532,-0.040296026,-0.052532073
Srsf12,0.0,0.2795955,0.11112584,-0.005757302,0.05898995
Pnrc1,0.0,-0.011701662,-0.05750924,-0.39084327,-0.12803061
Rngtt,0.0,-0.10639764,0.00023589283,-0.005153775,0.004644107
Cnr1,0.0,0.14831853,0.027585201,-0.036800675,0.19424336
Akirin2,0.0,0.2051022,0.10001428,-0.01833205,0.17134652
Orc3,0.0,-0.03233174,-0.016146023,0.061808348,-0.13139476
Rars2,0.0,-0.01925446,0.017257854,0.1148673,0.077268176
Slc35a1,0.0,-0.035903938,0.064812005,0.1413796,0.024675712
Cfap206,0.0,-0.13585708,0.07165148,-0.025894336,0.00014472986
Smim8,0.0,-0.04077868,0.027974099,0.15044478,0.14119074
Zfp292,0.0,-0.04290211,0.018503921,-0.047982614,-0.086342454
Mob3b,0.0,-0.015080087,0.11914014,0.08113581,0.14451699
C9orf72,0.0,-0.026055893,0.03655333,-0.17308232,-0.18953411
Gm12367,0.0,-0.28574747,-0.24652417,-0.18104845,-0.27532864
Lingo2,0.0,0.3936695,0.2501753,0.5805783,-0.30180824
Gm12371,0.0,-0.059510693,-0.021047655,-0.03346367,0.10315831
Aco1,0.0,0.16879906,0.24061531,0.36237746,0.056234002
Ddx58,0.0,-0.31985182,-0.14815247,0.1622101,-0.29680407
Topors,0.0,0.13575043,0.029453278,0.016665645,0.118742906
Smim27,0.0,0.027310014,-0.04012747,-0.09360447,-0.06858753
Ndufb6,0.0,-0.06584151,0.24780233,-0.02720046,0.05981037
Aptx,0.0,-0.0022896575,-0.15846929,-0.05124353,-0.13148588
Dnaja1,0.0,0.11531011,0.06407388,-0.23411104,-0.022233441
Smu1,0.0,-0.019528683,-0.02611484,0.052629918,0.005949937
B4galt1,0.0,-0.09074582,0.12740448,0.32572252,0.09251259
Bag1,0.0,0.15213883,-0.066707246,-0.20696646,-0.010449085
Chmp5,0.0,0.056983918,0.03883905,-0.26820514,0.031969327
Nfx1,0.0,0.17080474,0.11036328,0.052441508,-0.082293496
Nol6,0.0,0.25325787,0.13277033,-0.081574365,0.049828134
Ube2r2,0.0,-0.26531816,-0.14355046,-0.074540086,-0.123759866
Ubap2,0.0,-0.1485037,-0.01730419,-0.06418855,-0.0576654
Dcaf12,0.0,-0.25922322,-0.0016285852,-0.00575836,0.093532674
Ubap1,0.0,-0.024165992,-0.04437234,0.0828585,-0.100412354
Kif24,0.0,-0.07374367,-0.07763451,-0.022353986,-0.0908003
Nudt2,0.0,0.3809088,0.18877634,0.27959737,0.22418335
Myorg,0.0,-0.23442578,-0.31109163,-0.1620231,-0.20411554
1110017D15Rik,0.0,-0.31233376,-0.15149838,-0.3448652,-0.08853775
Fam219a,0.0,-0.19106008,0.06643292,-0.15417479,-0.25450897
Dnaic1,0.0,-0.100438915,0.0053491443,0.28915688,0.10052253
Enho,0.0,0.16229181,0.1705768,-0.023106903,-0.026911736
Cntfr,0.0,-0.21622612,0.034562953,-0.14481,-0.13424626
Il11ra1,0.0,-0.018665507,0.23099071,0.050999314,-0.012442686
Rpp25l,0.0,0.2719874,0.2592759,-0.018545926,0.1493842
Dctn3,0.0,-0.065083146,0.09228161,-0.23062009,-0.044623885
Sigmar1,0.0,-0.24290231,-0.16861036,-0.02698246,-0.11145487
Galt,0.0,0.0002642125,0.46749634,0.25471464,0.12569648
Ccl27a,0.0,0.07489574,0.0017537549,-0.0127397925,0.2144894
Gm20878,0.0,0.07044408,0.03575357,0.17069897,0.14072904
4930578G10Rik,0.0,-0.010242745,0.23677215,0.26123178,0.20733511
Gm12394,0.0,0.06671219,0.106397636,0.07075001,-0.0695225
Phf24,0.0,0.41576847,0.33023834,0.27267534,0.14695784
Dnajb5,0.0,0.038038526,0.020521048,-0.08648708,-0.12592451
1700022I11Rik,0.0,-0.18324427,-0.31064308,-0.18607214,-0.21883236
Vcp,0.0,0.16125423,0.2555508,0.09188285,0.04390925
Fancg,0.0,0.09258292,0.15704452,0.05021177,0.08200392
Pigo,0.0,0.04182763,0.018176097,0.08164268,-0.10038246
Stoml2,0.0,0.20448638,0.08321702,0.070796445,0.2681749
Fam214b,0.0,0.15953541,0.39516923,0.18270364,-0.2819216
Gm26881,0.0,-0.29398608,-0.1799922,-0.3447799,-0.3550143
Unc13b,0.0,0.19915447,0.14397563,0.33839744,0.1980162
Atp8b5,0.0,-0.099143185,-0.23231553,0.08173687,-0.09246944
Rusc2,0.0,-0.10426273,-0.02265842,-0.028621914,-0.044540003
Tesk1,0.0,0.32187453,0.12868395,-0.11980854,0.18376932
Ccdc107,0.0,0.21164636,0.2944209,0.20204248,0.20609145
Tpm2,0.0,0.19618325,-0.0059067532,0.07348513,0.037916966
Tln1,0.0,0.044942353,0.183669,-0.03372165,-0.04763262
Creb3,0.0,-0.06563647,0.17461637,0.042800117,-0.065258905
Gba2,0.0,0.16139947,0.29295915,0.366547,-0.05483313
Rgp1,0.0,-0.09748073,-0.23245294,0.019739818,-0.12956117
Gm12472,0.0,-0.0003533587,-0.24117886,-0.08490237,-0.10444775
Gm12473,0.0,-0.25036198,0.07228326,-0.20783065,-0.35261074
Npr2,0.0,0.3255306,0.25400525,0.53300464,-0.09521964
Hint2,0.0,0.3808212,0.014527768,0.27448696,0.012084484
Fam221b,0.0,0.029566323,0.103181474,-0.022879424,-0.11955005
Tmem8b,0.0,0.20834883,0.1872358,0.56599665,0.31914663
Reck,0.0,0.023093581,0.16412628,0.10353014,-0.040495038
Glipr2,0.0,-0.47750717,-0.2673149,-0.31781095,-0.28714144
Clta,0.0,-0.042406037,-0.028306194,-0.067326926,0.06861943
Gne,0.0,0.031256,0.01666575,0.21180174,-0.1405038
Rnf38,0.0,-0.119494,0.14900728,0.05626008,0.050597418
Zcchc7,0.0,0.02676078,0.07391927,-0.03719122,-0.033024676
Grhpr,0.0,-0.26535708,-0.006522611,-0.22414914,-0.09166319
Zbtb5,0.0,0.1713021,0.10308978,0.05151745,0.09591834
1700055D18Rik,0.0,0.20260574,0.20028768,0.1914305,0.13798521
Polr1e,0.0,0.10777564,0.054715432,0.060505956,0.2769202
Fbxo10,0.0,-0.059121676,-0.05731731,0.20361298,-0.04168815
Tomm5,0.0,7.839315e-05,-0.010884209,-0.24851927,0.072606996
Frmpd1,0.0,-0.47771752,-0.39365152,-0.5194096,-0.3266968
Trmt10b,0.0,0.12081927,0.20793007,0.32434118,0.09397569
Exosc3,0.0,-0.04427061,-0.031080328,0.023624953,-0.11920105
Dcaf10,0.0,-0.030418798,0.06442037,0.18226251,0.060058065
Slc25a51,0.0,0.18812731,0.2546994,0.1449295,0.07415657
Shb,0.0,-0.012660895,-0.10012334,-0.27476195,-0.09795302
Aldh1b1,0.0,0.022559758,0.03271623,-0.05239668,0.028452463
Tdrd7,0.0,0.18354362,0.09178789,0.07992529,-0.34928697
Tmod1,0.0,0.2947347,0.031567276,0.032221213,0.2500969
Tstd2,0.0,-0.090796106,-0.13565664,-0.18502963,-0.24082872
Ncbp1,0.0,0.0030360967,0.08109247,-0.042387404,-0.095174775
Xpa,0.0,-0.11480385,-0.006622445,0.094351485,-0.06736824
Gm12446,0.0,-0.0058915876,-0.03229251,0.008802592,0.018672679
Trmo,0.0,-0.08943128,-0.23449583,-0.008938428,-0.11013011
Anp32b,0.0,0.32215977,0.12567201,-0.006678134,0.15196688
Nans,0.0,0.13480483,0.29379624,-0.09979808,0.13079694
Trim14,0.0,-0.00856971,0.07440423,0.07533508,0.063812666
Coro2a,0.0,0.21432236,-0.12572524,0.040215787,0.027638804
Tbc1d2,0.0,-0.06396616,0.08830718,-0.06913994,0.14787942
Gabbr2,0.0,-0.31160796,-0.14771837,-0.14206763,-0.30277252
Anks6,0.0,0.016424429,-0.12620509,0.20568675,-0.004686348
Galnt12,0.0,-0.019587789,0.036749538,-0.00088045746,0.021926139
Col15a1,0.0,-0.08413206,-0.1416403,-0.20612857,-0.19289881
Tgfbr1,0.0,0.079547025,0.03090398,0.18430723,0.025418177
Alg2,0.0,0.07330434,0.04713561,-0.10990329,0.13345674
Sec61b,0.0,0.13674583,0.13182482,-0.036571637,0.26484838
Nr4a3,0.0,-0.07129425,-0.012583613,-0.0205299,0.024646271
Stx17,0.0,-0.26268345,-0.12942523,-0.06640565,-0.24326389
Erp44,0.0,-0.043261833,0.13918787,-0.20229658,0.057072673
Invs,0.0,-0.058858145,0.010706425,-0.081682645,-0.12903559
Tex10,0.0,-0.18984878,-0.17532295,-0.042699717,-0.037359796
Msantd3,0.0,0.033024732,0.020463284,0.12278144,-0.06311373
Tmeff1,0.0,-0.07486492,-0.36358005,-0.13913462,-0.27712905
Cavin4,0.0,-0.017020337,-0.0059078727,0.031552218,-0.008014448
Plppr1,0.0,-0.0028791912,-0.08645934,0.033631753,-0.0472401
Mrpl50,0.0,0.48189408,-0.05088453,-0.025460973,-0.016146451
Zfp189,0.0,0.3673237,0.07174971,0.13300377,0.20275451
Aldob,0.0,0.007925354,0.07894022,0.10787908,0.10929606
Tmem246,0.0,0.06992555,0.10216637,0.14052263,0.027841829
Rnf20,0.0,0.21107097,0.17655751,0.23456298,0.0014743209
Grin3a,0.0,0.20276739,0.20285043,0.22849835,0.14326525
Smc2os,0.0,-0.11329573,-0.08710578,-0.057698898,-0.15384635
Smc2,0.0,0.31968004,0.3854278,0.32414213,0.2426257
Nipsnap3b,0.0,0.11374992,0.00034870207,0.1291348,0.110689655
Abca1,0.0,0.15829092,0.04086241,0.15919141,0.027837291
Slc44a1,0.0,0.23833613,0.21497187,0.17383705,0.17528614
Fsd1l,0.0,0.20459524,0.045411646,-0.026631065,-0.11681635
Fktn,0.0,-0.03318896,-0.18743083,0.05721781,-0.06910743
Tmem38b,0.0,0.012352482,0.044521257,-0.15545024,-0.08074124
Zfp462,0.0,-0.21669267,-0.035307847,-0.090117775,-0.07931426
Rad23b,0.0,0.12796213,0.032100968,-0.07574371,0.021290518
Elp1,0.0,-0.054830417,-0.0032543372,-0.099368654,-0.03143145
Abitram,0.0,0.20097445,-0.11838745,-0.01940213,-0.16350427
Ctnnal1,0.0,0.07222426,0.05865128,0.19362679,-0.03741689
Tmem245,0.0,0.25227085,0.2163341,0.35264176,0.096640036
Frrs1l,0.0,0.37881997,0.33629867,0.32479408,0.04725647
Epb41l4b,0.0,0.31300968,0.045195825,0.29804385,-0.06563178
Ptpn3,0.0,0.41986322,0.15125775,0.28524178,-0.025506169
Gm12536,0.0,-0.22972226,-0.078677274,-0.1455202,-0.2168606
Pakap,0.0,0.18530048,-0.058343258,0.026165532,-0.16932578
Pakap-1,0.0,0.40178037,0.14285164,0.24332368,0.03249477
Gm12526,0.0,-0.014847898,-0.010137397,-0.022001088,0.017874662
Txn1,0.0,0.089896694,0.03738107,-0.17889574,0.043328945
Svep1,0.0,0.08906854,0.11959035,0.37538123,0.18368784
Lpar1,0.0,0.07141106,-0.09221047,-0.05940395,0.019780748
Olfr267,0.0,-0.2369602,-0.21890661,-0.16961238,-0.25040257
Ecpas,0.0,0.03760334,0.0689314,0.076746374,-0.025006048
Zkscan16,0.0,0.20957845,0.043105192,0.19070616,0.038763367
Dnajc25,0.0,-0.2504412,-0.3553967,-0.33033592,-0.21065028
Gng10,0.0,0.0538454,-0.026547052,-0.03648167,0.03711242
Shoc1,0.0,-0.038312674,-0.014274074,0.01934243,0.07586693
Ugcg,0.0,0.14693716,-0.15817665,0.05332205,-0.039682638
Susd1,0.0,-0.14872135,-0.010310657,-0.24362686,-0.17223896
Ptbp3,0.0,0.10256305,-0.0017686486,0.21635355,0.047801033
Hsdl2,0.0,-0.032924972,0.06256491,0.08133751,0.19563016
E130308A19Rik,0.0,0.16880564,0.12880582,0.22309047,-0.009834215
Inip,0.0,-0.012782876,0.06335174,-0.12598902,-0.17713448
Snx30,0.0,0.1068354,-0.020315908,0.08564787,-0.10568322
Slc46a2,0.0,-0.0019947588,0.2357016,0.06521091,0.012362868
Zfp37,0.0,0.20138267,0.08198803,0.2531846,0.18182105
Slc31a2,0.0,0.03720166,-0.007598661,0.06791194,0.07290069
Fkbp15,0.0,-0.027067091,0.069980845,0.015170131,-0.16381
Slc31a1,0.0,0.08422597,0.19644417,0.2892461,0.31750238
Cdc26,0.0,-0.17370167,-0.03279264,-0.069038935,-0.18540885
Prpf4,0.0,0.0130955875,0.024167579,0.21323365,-0.09377777
Wdr31,0.0,0.007902797,-0.16312182,-0.11009544,-0.110188186
Bspry,0.0,0.036180627,-0.086517766,0.09198089,0.080748305
Hdhd3,0.0,-0.008030957,-0.016314734,-0.069594435,-0.021768156
Alad,0.0,0.074901104,-0.021814648,-0.029676776,0.015353452
Pole3,0.0,0.24480206,-0.022989161,0.014639325,0.017517455
4933430I17Rik,0.0,0.0007707623,-0.0368766,-0.051093694,0.023666115
Rgs3,0.0,-0.23747066,-0.21585877,-0.48654214,-0.19300367
Zfp618,0.0,0.0513062,0.10208903,-0.10688105,-0.21344781
Col27a1,0.0,0.20293139,0.24215825,0.51327753,0.28320214
Akna,0.0,0.0571807,0.20929281,0.08397882,-0.09182897
Whrn,0.0,-0.48367757,-0.20612349,-0.41442236,-0.47892898
Atp6v1g1,0.0,0.16211222,0.07655456,-0.11487782,0.07786406
Tmem268,0.0,0.10913724,0.10594325,-0.07363516,-0.0999469
Tnc,0.0,-0.032364257,0.0527258,0.07655423,-0.11567573
8030451A03Rik,0.0,0.24189466,0.095159195,0.052865863,-0.039932586
Pappa,0.0,-0.08127072,-0.25304598,-0.120067574,-0.053814705
Astn2,0.0,0.02233713,0.16866271,-0.040668607,-0.17207378
Trim32,0.0,0.013593413,-0.012643854,-0.36087206,-0.08999513
Tlr4,0.0,0.13095656,0.17582297,0.11435667,0.2483156
Brinp1,0.0,0.065057464,0.16479945,0.20154746,-0.11343557
Cdk5rap2,0.0,-0.09127055,-0.04983158,-0.076610886,-0.12052292
Megf9,0.0,-0.42311838,-0.336126,-0.7498728,-0.33537468
Tle1,0.0,-0.20694987,-0.0060887598,-0.2584975,-0.14803812
Gm11250,0.0,-0.0446095,-0.017578624,-0.09353589,-0.0626772
C630043F03Rik,0.0,0.22003755,0.16677521,0.252422,0.29624373
Rasef,0.0,0.011200188,0.0026702397,-0.041988414,0.11817905
Frmd3,0.0,0.035436142,-0.08617771,0.15749235,-0.2833005
Kdm4c,0.0,-0.11449041,0.027779145,0.008910954,-0.066719
A230083N12Rik,0.0,-0.019795403,-0.03291955,0.13825437,0.118275136
Dmac1,0.0,0.20071906,-0.14072275,0.0060056224,-0.03366561
Ptprd,0.0,0.19512266,0.18900365,0.27679235,-0.009662926
Gm42303,0.0,-0.2153211,-0.16838905,-0.15258579,-0.40608534
B230208B08Rik,0.0,0.020249423,-0.093085885,0.0710366,-0.062038533
Lurap1l,0.0,-0.10109149,0.20278439,0.0696107,-0.020436473
Mpdz,0.0,0.061974842,-0.03493414,0.107422814,-0.08334575
Nfib,0.0,0.082747124,0.16214833,0.08465473,0.053241804
Gm11266,0.0,-0.030946061,0.078457,0.04266624,0.022277668
Zdhhc21,0.0,0.1499045,-0.05131969,-0.03185445,-0.03353539
Frem1,0.0,0.39350742,0.37408727,0.31296033,0.3025173
Ttc39b,0.0,0.37301236,0.18977138,0.3266417,-0.053183585
Snapc3,0.0,0.022232726,0.010592468,0.16107334,-0.0015728846
Psip1,0.0,0.20472738,0.17800534,0.009893537,0.013200268
Ccdc171,0.0,0.12374396,0.13296084,0.14474171,-0.024772301
Bnc2,0.0,0.032020617,0.06492494,0.10748243,0.00054147467
Cntln,0.0,-0.10916722,-0.055395335,0.05276949,-0.23967823
Sh3gl2,0.0,0.18549393,0.13104862,0.13042438,0.0045639575
Adamtsl1,0.0,0.002539117,-0.19342475,0.047994193,-0.2223026
Rraga,0.0,0.06696764,-0.06337854,-0.18767343,-0.0017710477
Haus6,0.0,0.26703423,-0.08797417,0.1742658,-0.04066751
Plin2,0.0,0.034310643,0.07182266,0.118595794,0.07622979
Dennd4c,0.0,0.018204808,0.015884928,0.08952607,0.01402019
Rps6,0.0,0.23623052,0.18694976,-0.21449515,0.0752507
Acer2,0.0,-0.047769167,0.042105474,0.06820858,-0.064991765
Slc24a2,0.0,0.52580863,0.27057427,0.39005104,-0.020192146
Mllt3,0.0,0.034968257,0.07189367,0.013651051,0.015145302
Gm12631,0.0,0.088465914,-0.06703586,0.09204078,0.016858177
Focad,0.0,0.09787469,0.17249392,0.13094439,-0.12588154
Hacd4,0.0,-0.09443311,0.061364353,0.06591361,0.22816396
Klhl9,0.0,0.18078843,0.11516045,-0.038603596,0.018192276
Gm13274,0.0,-0.020485057,-0.18050364,-0.026111355,0.04000654
Gm49890,0.0,-0.120919466,0.01585349,-0.051571123,-0.14538239
Mtap,0.0,0.064135335,0.13575491,0.09066635,0.21308897
Elavl2,0.0,0.21925867,0.29643705,0.24245867,-0.009596199
Tusc1,0.0,-0.09913872,-0.051103663,-0.08319546,-0.068235725
Gm12648,0.0,0.045933068,0.019051252,0.00891953,0.06292975
Gm12655,0.0,-0.14085726,-0.12695476,-0.060172834,-0.15052404
Caap1,0.0,-0.17578569,-0.049907148,-0.13759297,-0.1035617
Plaa,0.0,-0.00863912,0.07292977,-0.010278426,-0.016351596
Ift74,0.0,-0.03838104,0.10240194,-0.094750136,-0.1442018
Lrrc19,0.0,-0.25667942,-0.36134455,-0.53466666,-0.19349185
Tek,0.0,0.17542557,-0.054417282,0.026813874,0.011535179
Eqtn,0.0,-0.05694254,0.0520912,0.11316422,-0.0071788877
Mysm1,0.0,-0.020962156,0.09227255,0.041951302,-0.011474967
Jun,0.0,0.22581357,-0.05956547,-0.008262426,0.25986618
Junos,0.0,0.107948005,0.123635694,0.35119712,0.060098767
Fggy,0.0,-0.12496264,0.044758014,0.1280471,-0.008508436
9530080O11Rik,0.0,-0.121834755,-0.10565545,-0.1460885,-0.109106794
Hook1,0.0,0.29423618,0.2504487,0.1996136,-0.113612115
Cyp2j12,0.0,0.020402446,-0.14927359,-0.30056664,0.07149582
Cyp2j8,0.0,0.19030392,0.24469759,0.5959933,0.045527756
Cyp2j6,0.0,0.31132925,0.22293103,0.44817066,0.2900982
Cyp2j9,0.0,0.0020357966,0.037364934,-0.09034811,-0.056808632
E130114P18Rik,0.0,0.1558622,0.123523794,0.124108955,0.16600806
Nfia,0.0,-0.10534718,0.04094033,-0.080857255,-0.011778459
Tm2d1,0.0,-0.24747956,-0.17477891,-0.12809893,-0.06409587
Patj,0.0,0.15785182,-0.17455924,0.046857506,-0.19296813
Kank4,0.0,-0.0074364766,-0.091722876,-0.13155772,-0.16120636
Usp1,0.0,0.49410543,0.44088516,0.35926172,0.4310964
Dock7,0.0,0.15678786,0.1091179,0.2141791,0.061862275
Angptl3,0.0,0.33395103,0.037273064,0.13013485,0.13426358
Gm12681,0.0,-0.18086825,-0.40806562,-0.19765052,-0.25408697
Atg4c,0.0,-0.054231264,0.002230771,0.027695606,-0.06886425
Gm12689,0.0,0.087898076,0.07409516,0.16785288,-0.16753426
Alg6,0.0,-0.009635858,0.069126055,0.18300161,0.06656354
Itgb3bp,0.0,-0.010989465,0.06992559,0.049200714,0.0026068985
Efcab7,0.0,-0.07062009,-0.22397803,-0.03468007,-0.027706914
Pgm1,0.0,0.32927358,0.15499559,0.21141061,0.22497246
Ror1,0.0,-0.13163733,0.027741022,-0.07550594,0.08448877
Cachd1,0.0,-0.021588862,0.1708065,0.08913035,0.0025877357
Raver2,0.0,0.17178613,0.19759242,0.1348748,0.1261581
Jak1,0.0,-0.06380932,0.06431521,0.031718936,-0.055933535
E130102H24Rik,0.0,0.23065141,0.021766499,0.1780434,0.112577006
0610043K17Rik,0.0,-0.15137039,-0.21768539,-0.04970022,0.017597564
Ak4,0.0,-0.049730062,0.26102233,0.118655436,-0.03143637
Dnajc6,0.0,0.06119123,-0.17358112,0.0097595425,-0.23608577
Leprot,0.0,-0.018019602,0.082111806,0.21246624,0.13236885
Lepr,0.0,-0.120726764,-0.15528885,-0.19035843,-0.117083415
Pde4b,0.0,-0.07044921,0.05551041,0.04282453,0.012594014
Sgip1,0.0,-0.05434466,0.010705531,0.025571771,-0.08321313
Gm12709,0.0,0.3326545,-0.26784232,-0.2672937,-0.04596084
Tctex1d1,0.0,-0.007803662,-0.052230656,-0.0019574892,0.02860689
Insl5,0.0,-0.07797,-0.031125577,0.07175461,0.049218833
Wdr78,0.0,-0.241956,-0.26808178,-0.30294436,-0.38235396
Mier1,0.0,-0.094157696,-0.011468668,-0.042994324,-0.057385553
Slc35d1,0.0,-0.06546113,0.058176327,0.077098325,-0.085786015
Gm44037,0.0,0.023200186,0.035059743,0.04905247,-0.0603573
Oma1,0.0,0.17917585,0.18522319,0.16064225,0.18597113
Dab1,0.0,-0.45571092,-0.19134013,-0.26850036,-0.20404944
Fyb2,0.0,-0.0049395463,0.16102275,-0.18169083,-0.13362187
Prkaa2,0.0,0.2554126,0.18303676,0.24331306,0.083436966
Plpp3,0.0,-0.17530571,0.17012714,0.090182826,0.20600063
Usp24,0.0,0.106365666,0.09194325,0.16542493,-0.088661045
Dhcr24,0.0,-0.053233974,0.0891187,0.117367364,0.060138807
Ttc22,0.0,-0.009262368,0.08286066,0.027991202,0.034129113
Pars2,0.0,-0.058124576,-0.22629182,0.062340688,-0.1855747
Ttc4,0.0,0.32189268,0.123921245,0.06486374,-0.107097834
Mroh7,0.0,0.12162969,0.093765825,0.2554266,0.00842917
Acot11,0.0,-0.5459439,-0.15056467,-0.26079214,-0.21285015
Ssbp3,0.0,0.11352159,0.25890028,0.12560299,0.029659212
Mrpl37,0.0,0.1186544,0.20928392,0.08252093,0.17962597
Cyb5rl,0.0,0.15334433,0.02890908,0.061768487,0.05014794
Tceanc2,0.0,0.088219024,-0.006425336,0.026435118,-0.03623098
Tmem59,0.0,-0.16767168,-0.16843116,-0.18647005,-0.018619437
Lrrc42,0.0,0.12096823,0.31921446,0.29921037,0.059388667
Hspb11,0.0,0.06552758,0.0952342,0.3607228,0.06464373
Yipf1,0.0,-0.19996354,0.20009848,0.09003069,0.15300171
Ndc1,0.0,0.21374345,0.22740711,0.12899774,-0.028632522
Glis1,0.0,-0.011003032,0.22556484,0.60663164,0.008264184
Lrp8os3,0.0,-0.26754653,-0.32328868,0.06889645,-0.25258696
Lrp8,0.0,-0.13957068,-0.04448525,-0.01336388,-0.21230519
Lrp8os2,0.0,-0.19401784,-0.11891726,0.08864679,0.109921135
Magoh,0.0,0.045400545,-0.030625515,-0.10477413,-0.06626521
Czib,0.0,-0.19753066,-0.14390624,-0.039963603,-0.36631304
Cpt2,0.0,0.06252098,-0.06965132,0.13868862,-0.008993093
Podn,0.0,-0.032834392,0.18013507,0.076645195,-0.023695607
Scp2,0.0,-0.1147225,-0.1557419,-0.054793086,-0.05262127
Echdc2,0.0,0.25739214,0.5200516,0.30672807,-0.2119264
Zyg11b,0.0,0.069680795,0.1012374,0.049187668,0.116841145
Coa7,0.0,0.10248645,-0.056253944,-0.087129444,-0.040826015
Gpx7,0.0,-0.094111115,-0.25310928,0.15261023,-0.16498117
Tut4,0.0,-0.0070408136,0.05787767,0.12463124,-0.004915446
Prpf38a,0.0,0.15814123,0.11296248,-0.041172065,0.046698608
Orc1,0.0,0.10495259,-0.16220398,0.038937945,-0.17328338
Gm12743,0.0,-0.012444541,0.09451503,0.2624421,0.0649162
Cc2d1b,0.0,-0.011869639,0.24618837,-0.102855556,-0.13974017
Gm17354,0.0,-0.28664196,-0.13009435,0.03495176,-0.30169663
Zfyve9,0.0,-0.06699235,0.066828065,0.07557285,0.0033710524
3110021N24Rik,0.0,-0.19813049,-0.18036121,-0.19438624,-0.04255814
Btf3l4,0.0,-0.010923386,0.108061716,0.2714858,0.026013218
Txndc12,0.0,0.14307022,0.022455782,0.28450367,0.16373634
Kti12,0.0,0.036623996,-0.12509741,-0.13869481,0.08935583
Rab3b,0.0,-0.14570354,-0.0777498,0.07117726,-0.11864126
Nrd1,0.0,-0.09862883,-0.048152216,-0.06091717,-0.090070285
Osbpl9,0.0,-0.18227106,-0.013484806,0.0053050667,0.08771518
Eps15,0.0,0.060071394,0.19865344,0.19552624,0.13526931
Ttc39aos1,0.0,0.066830024,0.08815264,0.1388085,0.15349652
Ttc39a,0.0,-0.0013609184,0.08058289,-0.08834073,-0.07937757
Rnf11,0.0,0.33930764,0.1507147,0.18143868,0.30377567
Gm12811,0.0,-0.09863925,-0.13438025,-0.025027012,-0.06340808
Faf1,0.0,-0.10162923,-0.059601646,-0.06742802,-0.0595452
Dmrta2,0.0,0.01419013,-0.03459902,-0.04706233,-0.05570526
Elavl4,0.0,0.23810662,0.13414158,0.035085693,0.18876028
Agbl4,0.0,-0.22118795,-0.15946999,-0.10027369,-0.30700874
Bend5,0.0,0.17869997,-0.10318293,-0.06902497,-0.21270864
Spata6,0.0,-0.14997266,-0.05664151,-0.00078397617,-0.15256083
Skint6,0.0,0.15032136,-0.03283611,0.054446615,0.07301205
Trabd2b,0.0,-0.21761757,-0.28496853,-0.032390907,-0.06893214
Cmpk1,0.0,0.2842362,0.04776606,0.04599084,0.09138193
Stil,0.0,0.04422857,0.29771104,0.12796268,0.04888252
Tal1,0.0,0.07634888,-0.035225052,-0.028528923,-0.016315157
Cyp4x1,0.0,0.20349044,0.050625205,0.00329981,-0.09524322
Cyp4x1os,0.0,-0.070735246,0.0008841697,0.05112467,-0.03922436
Efcab14,0.0,-0.14773989,0.117622524,0.116949685,-0.13102862
Atpaf1,0.0,0.06645648,0.037956446,0.17872936,-0.07379273
Mob3c,0.0,-0.06870118,0.099915236,0.3028465,0.058835983
Mknk1,0.0,-0.34358966,-0.033359736,0.019460857,-0.13857135
Faah,0.0,-0.09643758,-0.17576605,-0.18540253,-0.2914799
Nsun4,0.0,0.10779613,0.13192776,-0.1022415,-0.038865484
Uqcrh,0.0,0.096051745,0.1554802,-0.13555138,0.2367858
Lrrc41,0.0,-0.08676331,-0.12515303,-0.0049776677,-0.02836341
Rad54l,0.0,0.03903305,-0.25518176,-0.098481804,-0.024065256
Pomgnt1,0.0,-0.09474816,-0.042247705,0.114965476,-0.09099485
Lurap1,0.0,0.06645917,0.028918728,0.15583333,0.24971539
Pik3r3,0.0,-0.29649323,0.0043924153,-0.1221852,-0.2929368
Mast2,0.0,0.19608706,0.21108949,0.23371261,0.19101821
Ipp,0.0,-0.04868716,-0.020154975,0.10666298,0.076408826
Tmem69,0.0,-0.1494747,0.032357983,-0.11361109,-0.06569718
Gm12953,0.0,-0.049568634,-0.10008495,0.041510426,-0.14522722
Gpbp1l1,0.0,0.07503736,0.04170893,-0.008202083,-0.040804617
C530005A16Rik,0.0,-0.03911744,-0.22223917,-0.15467411,-0.27656868
Ccdc17,0.0,0.035792414,-0.022366531,0.09118374,0.15952101
Nasp,0.0,-0.014380544,0.10579945,-0.0076749288,-0.13054894
Akr1a1,0.0,0.07795136,0.14377448,0.22755474,0.34641385
Prdx1,0.0,-0.154931,-0.06331998,-0.07988802,0.0106720505
Mmachc,0.0,0.11258851,-0.08540689,0.018387508,0.14530784
Ccdc163,0.0,-0.11561938,-0.020079616,0.036710445,-0.01297035
Tesk2,0.0,-0.04679156,-0.10023778,-0.020362534,0.040146388
Toe1,0.0,-0.034593243,-0.10905012,-0.31205913,-0.0042272545
Mutyh,0.0,0.0064077685,-0.24458563,0.06118307,-0.024245113
Gm12996,0.0,-0.100750856,-0.20666288,0.16321906,-0.08160086
Zswim5,0.0,-0.042095684,-0.04136136,-0.16873853,0.0011382811
Urod,0.0,0.042705305,0.19692135,0.038064986,0.13923159
Hectd3,0.0,0.07615393,0.22126044,0.17385769,0.18607743
Eif2b3,0.0,-0.23227882,-0.11130521,-0.2674556,-0.1159612
Ptch2,0.0,0.11630647,0.3060691,0.5447577,0.18099993
Btbd19,0.0,0.026967868,0.13961568,0.10591403,-0.058032326
Plk3,0.0,0.11499304,0.05992842,-0.046862394,0.22826055
Rps8,0.0,0.12179928,0.069180764,-0.26156238,0.056884646
Armh1,0.0,-0.0888854,-0.08333047,-0.030673832,0.0058450243
Tmem53,0.0,-0.064978294,0.31097543,0.10295836,0.012893915
Rnf220,0.0,0.22382635,-0.034999438,0.1691116,-0.2686144
Eri3,0.0,0.037516657,0.0840868,0.07707828,-0.119661756
Dmap1,0.0,0.2315492,0.13887449,0.025134236,-0.042557627
Gm12840,0.0,-0.27271202,-0.021710262,-0.038893443,-0.2553301
Slc6a9,0.0,0.49550426,0.3834965,0.6357953,0.12569562
Gm17114,0.0,0.16593404,0.23306435,0.22623819,-0.16981274
Ccdc24,0.0,0.104129046,0.17826152,0.55012417,0.14200166
B4galt2,0.0,0.15318285,0.037076734,0.1376243,0.044098727
Gm12841,0.0,0.11711341,-0.060138468,-0.051689442,0.04248529
Atp6v0b,0.0,-0.38945758,-0.18224032,-0.23498707,-0.12022026
Dph2,0.0,-0.029724278,-0.057625424,-0.034242257,-0.0071046664
Ipo13,0.0,0.12919132,0.27486765,-0.18979067,-0.00039204955
Artn,0.0,-0.007799385,-0.010024663,-0.022531629,0.046171322
St3gal3,0.0,-0.42540538,-0.16307984,-0.2657599,-0.19566181
9530034E10Rik,0.0,-0.09832662,0.07768344,0.04536965,-0.03654042
Kdm4a,0.0,-0.016749494,0.11785641,0.035810728,-0.12518573
Ptprf,0.0,-0.008367121,0.20679122,0.12947069,0.05679684
Szt2,0.0,-0.008736052,0.18928736,0.06470257,0.041846346
Med8,0.0,0.119990766,0.13456017,-0.15757704,-0.23473135
Elovl1,0.0,-0.20328987,-0.04711535,0.08579068,-0.019344114
Cfap57,0.0,-0.09934114,-0.14047304,-0.025486663,-0.0754104
Ebna1bp2,0.0,0.37697554,0.13241756,-0.10967103,-0.059049666
Slc2a1,0.0,-0.1552244,-0.1886285,-0.10091971,0.11211071
Zfp691,0.0,-0.3184571,0.049692184,-0.34277385,-0.27703497
Svbp,0.0,0.25694984,-0.059388902,-0.04624327,-0.14572047
AU022252,0.0,-0.10798616,-0.12439967,-0.021789111,-0.06552985
P3h1,0.0,-0.1593854,0.022492934,-0.027247028,-0.31261784
Ybx1,0.0,0.08592232,0.25433514,0.05644715,0.1302571
Ppih,0.0,0.095345095,0.27877083,-0.13126528,-0.0370138
Ccdc30,0.0,0.14505546,0.13528395,0.07367581,0.051710136
Ppcs,0.0,-0.10961141,0.14158791,0.110525966,-0.13780336
Zmynd12,0.0,-0.040275395,0.10767626,0.3957159,0.25737157
Rimkla,0.0,0.05571313,-0.039112028,0.07453254,-0.20424257
Frg2f1,0.0,-0.18084113,0.16914685,0.014148252,-0.11126813
Foxj3,0.0,-0.053772286,0.017021507,-0.03470864,-0.13433571
Hivep3,0.0,-0.045471683,0.038638413,0.050503615,0.00922481
Foxo6,0.0,0.041386615,-0.07554651,0.22171088,0.15224205
Scmh1,0.0,-0.16265044,-0.0046119504,-0.026004918,0.025038088
Ctps,0.0,-0.14919505,-0.027025841,-0.09205338,-0.24978527
Kcnq4,0.0,0.4628942,0.18226853,0.47389415,0.17300084
Nfyc,0.0,-0.2418695,0.051529057,-0.16035037,-0.1843509
Rims3,0.0,0.43902826,0.316471,0.17605017,0.31038657
Exo5,0.0,-0.03715673,-0.20072776,0.15423363,0.14174852
Zfp69,0.0,0.09856994,-0.053082712,0.24630338,0.05771915
Smap2,0.0,0.2802146,0.062142216,-0.015038356,0.05605191
Col9a2,0.0,0.16252661,0.26160356,0.52277374,0.17172119
Zmpste24,0.0,-0.044976734,0.023540309,-0.15713143,-0.22505015
Rlf,0.0,-0.19114524,-0.10465417,-0.1232759,-0.07971331
Ppt1,0.0,-0.037682034,-0.037380047,0.06913519,0.09710804
Cap1,0.0,0.12475699,-0.35771626,-0.13240913,0.049027015
Mfsd2a,0.0,0.14492795,-0.14392747,-0.26435545,-0.13113117
Mycl,0.0,0.029845877,-0.02391969,-0.1450761,0.00053991657
Trit1,0.0,-0.21312946,-0.056318514,-0.09282246,-0.035673372
Bmp8b,0.0,-0.18741812,0.060441352,-0.086552605,0.046373606
Ppie,0.0,-0.20022304,-0.24104774,-0.29496983,-0.39497775
Hpcal4,0.0,0.24526276,0.219426,0.09427505,0.14136766
Nt5c1a,0.0,0.09808722,-0.29551265,0.19168352,-0.10431424
Pabpc4,0.0,-0.020928986,-0.30051976,0.030714653,-0.05549421
Macf1,0.0,-0.078997925,0.07179664,0.10143806,0.07038205
Gm12925,0.0,0.03193631,0.1447307,-0.012154372,-0.428441
Ndufs5,0.0,0.04135561,0.2509278,-0.22321261,0.33706373
Akirin1,0.0,0.16864334,0.27405113,0.14912727,0.12806532
Rhbdl2,0.0,-0.2580262,0.17984544,0.1292614,0.1526312
1700121C08Rik,0.0,0.07488279,-0.029610544,0.0748402,0.15838736
Mycbp,0.0,-0.42196068,-0.16121407,-0.4931766,-0.15260328
Gm12905,0.0,-0.090721294,-0.11998865,0.1606246,-0.053699363
Rragc,0.0,-0.09450558,-0.112123355,0.078629486,-0.31565893
Gm2164,0.0,0.05563838,0.051812656,-0.19982743,-0.31444383
Pou3f1,0.0,0.15134147,0.21158513,0.032242693,-0.02436842
Utp11,0.0,-0.01584074,-0.13510346,-0.33299622,-0.06875838
Sf3a3,0.0,0.0007145703,0.35052451,0.2424005,0.28812587
Gm12915,0.0,-0.13795044,-0.24734768,0.09099716,-0.077728845
Inpp5b,0.0,-0.020569466,0.16432121,0.19628766,-0.06294041
Mtf1,0.0,-0.27504528,0.05200977,0.1425595,0.0058662742
1110065P20Rik,0.0,0.34334123,0.37706432,0.25223038,0.11966735
Yrdc,0.0,0.06726244,0.12725122,0.18031552,0.051956378
Maneal,0.0,-0.18438151,-0.19432506,-0.28439856,-0.11630867
Epha10,0.0,0.24157678,0.30312616,0.2572795,0.083787024
1700125G02Rik,0.0,-0.022230543,-0.038300812,-0.01784813,-0.006508419
Cdca8,0.0,0.05560971,0.010403983,0.00058479235,0.04793288
9930104L06Rik,0.0,-0.114785045,-0.100121565,-0.20052972,0.15046601
Gm12930,0.0,-0.03075496,-0.006886637,0.015899971,0.06625865
Rspo1,0.0,-0.14002416,0.10824597,-0.061566886,-0.09101547
Gnl2,0.0,-0.08371629,-0.0022241184,-0.15731072,-0.052276425
Snip1,0.0,-0.1053487,0.21214989,-0.017121565,-0.097596355
Gm12932,0.0,-0.05028461,0.039232016,-0.025185829,-0.027803605
Meaf6,0.0,0.3248659,0.3188035,0.20438245,0.10565688
Zc3h12a,0.0,0.004653277,-0.04354882,-0.11022088,-0.18780847
Grik3,0.0,0.2634856,-0.0070975944,0.2510795,-0.20680177
Csf3r,0.0,0.006964132,-0.14712296,-0.12966976,-0.12552997
Mrps15,0.0,0.041233517,-0.033483617,-0.31094408,-0.043211997
Oscp1,0.0,-0.7264036,-0.31489137,-0.43014842,-0.47367832
Lsm10,0.0,0.09737762,-0.12951496,0.08479274,-0.066032864
Stk40,0.0,-0.13674685,-0.05726987,-0.23134942,-0.44631243
Eva1b,0.0,0.06584488,0.3134208,0.26360852,0.09501398
Sh3d21,0.0,-0.59812,-0.42717597,-0.5374912,-0.5374682
Thrap3,0.0,-0.0031680837,0.08884265,0.06541979,-0.072690755
Map7d1,0.0,0.14096195,0.11934088,0.18432772,0.03400223
Trappc3,0.0,0.24020019,0.2593079,0.32417205,0.041568696
Adprhl2,0.0,0.1523937,0.122790016,0.21888101,0.30660665
Tekt2,0.0,-0.16895622,-0.029756978,0.026076082,0.0019747205
Ago3,0.0,-0.093623824,0.0006703511,0.022620682,-0.037055716
Ago1,0.0,0.1918344,0.22843437,0.2233663,0.05052325
Ago4,0.0,0.14881332,0.2676887,0.3864899,0.06035213
5730409E04Rik,0.0,0.098516315,-0.05280518,0.02239,0.054933872
Psmb2,0.0,-0.13314578,-0.070510305,-0.12182877,-0.00811638
Ncdn,0.0,0.2945843,0.2332518,0.10297607,0.32598153
AU040320,0.0,0.07681805,0.1762398,0.0822981,-0.04265231
Zmym4,0.0,-0.030757643,-0.022392012,-0.019383267,0.0061558485
Sfpq,0.0,-0.01901628,0.17836802,-0.045568183,0.07048898
Gm12940,0.0,-0.542829,-0.0041877776,-0.18793096,-0.3306725
Zmym1,0.0,-0.03613893,-0.09041568,-0.13598514,-0.16818629
Zmym6,0.0,-0.035330802,0.117291115,0.1155657,-0.02726169
Tmem35b,0.0,0.034554955,0.08797014,-0.025416672,0.08549808
Dlgap3,0.0,0.49344245,0.18210249,0.32242537,0.26782164
Smim12,0.0,0.18509296,0.085508466,0.036357567,0.08760709
Csmd2,0.0,0.10142959,0.012192473,0.36145318,-0.0046637654
Zscan20,0.0,-0.14736944,-0.052004904,0.18950032,-0.23788184
Phc2,0.0,0.11223763,0.22794235,0.37482056,0.19841781
A3galt2,0.0,-0.040311515,-0.03806944,0.07198268,-0.051759463
Zfp362,0.0,-0.113063306,-0.009113211,0.14012113,-0.01046944
Trim62,0.0,-0.14253595,0.3081238,0.3937265,0.19518375
Azin2,0.0,-0.015895225,-0.046385832,0.18881685,0.14184876
Ak2,0.0,0.33878297,0.47508496,0.5587623,0.43821007
1700086P04Rik,0.0,0.012411714,-0.21575396,-0.026287466,-0.14771353
Rnf19b,0.0,0.15636784,0.11433791,0.18216814,0.041241802
Hpca,0.0,0.39263374,0.16709122,-0.0848725,0.27726543
Fndc5,0.0,-0.013591543,0.0014018193,0.104539804,0.19134462
S100pbp,0.0,0.15204556,0.027322367,0.12951544,0.14753637
Yars,0.0,-0.27931976,-0.06617982,-0.0076694563,-0.20694956
C77080,0.0,0.06465443,-0.25469267,-0.29455492,-0.14159617
Gm12976,0.0,-0.053946596,-0.07791486,0.04157115,-0.02384584
Sync,0.0,0.008212006,-0.0012160726,0.028120305,0.039679274
Rbbp4,0.0,-0.095908865,-0.07364434,-0.030261494,-0.08264059
Zbtb8os,0.0,-0.0002636928,-0.09865232,-0.05378318,-0.04500693
Zbtb8a,0.0,-0.1711452,-0.033621,-0.07445414,-0.06273431
Zbtb8b,0.0,0.017152723,-0.022250824,0.059275642,0.0600674
Bsdc1,0.0,0.28343868,0.218124,0.41185942,0.276598
Tssk3,0.0,0.019842066,-0.015283558,-0.009211977,-0.0060351854
Marcksl1,0.0,0.5671263,0.43918055,-0.015678048,0.49838412
Hdac1,0.0,0.045914203,0.06339957,0.3092594,0.19775055
Lck,0.0,0.04256378,-0.008212389,-0.0058739968,-0.033742584
Eif3i,0.0,-0.01394498,-0.035883613,-0.33302456,-0.109571345
Tmem234,0.0,-0.30078617,-0.20215833,-0.2816856,-0.26690847
Dcdc2b,0.0,-0.2492506,-0.06945367,-0.27009314,-0.45091814
Iqcc,0.0,0.31628472,-0.036967307,0.19522192,0.056416906
Ccdc28b,0.0,0.25038487,0.4257964,0.18868266,0.10101679
Txlna,0.0,0.30387676,0.083885685,0.11481207,-0.11368723
Kpna6,0.0,0.14149708,0.20207521,0.15897538,-0.08736394
Tmem39b,0.0,-0.25319132,-0.07282491,0.18161581,-0.05417112
Khdrbs1,0.0,0.14177598,0.09297579,0.122957766,0.05290705
Ptp4a2,0.0,0.13532792,0.17538373,0.25433576,0.06548819
Spocd1,0.0,-0.049064633,0.016473005,0.05697603,0.06211427
1700003M07Rik,0.0,0.3251879,0.15269758,0.018555656,0.12456874
Adgrb2,0.0,0.20976704,0.4091257,0.5152974,0.18975154
Gm12963,0.0,0.038124114,0.063645214,0.23737712,0.0010840222
Col16a1,0.0,0.6293045,0.42534143,0.4414734,0.018536806
Pef1,0.0,0.09539692,-0.01438953,0.16565613,0.10422113
Hcrtr1,0.0,-0.084484436,0.03818479,-0.039033275,0.05198664
Serinc2,0.0,0.13472752,-0.0035308227,0.06306458,-0.07651511
Gm10570,0.0,0.007533811,0.07759669,0.09781478,0.005007006
Fabp3,0.0,0.017697468,0.1563031,-0.17503056,0.10184359
Zcchc17,0.0,-0.19833879,-0.07524148,-0.3838321,-0.16035904
Snrnp40,0.0,0.15252776,0.19017495,0.26942807,0.15542163
Nkain1,0.0,0.27876303,0.32991567,-0.023534432,0.039804667
Pum1,0.0,-0.008309908,0.10678176,0.06594306,-0.0002939254
Gm12971,0.0,-0.015984047,-0.039521873,-0.086694315,-0.0029982836
Sdc3,0.0,-0.0065395683,0.003604278,0.15598682,-0.16425475
Laptm5,0.0,0.068761334,0.057646446,-0.05276577,0.035657734
Ptpru,0.0,0.33855465,0.38883728,0.32125515,0.227579
Mecr,0.0,-0.068179004,0.07797091,0.24970973,-0.0047250465
Srsf4,0.0,-0.12923363,0.030027922,0.19090447,-0.024329633
Gm12992,0.0,0.029494673,0.12274578,0.044176847,-0.013651874
Epb41,0.0,0.031578794,0.0037147962,-0.12379718,-0.29224187
Oprd1,0.0,-0.047224775,-0.07367739,-0.04654902,-0.06411279
Ythdf2,0.0,0.1797539,-0.0109363645,-0.0775384,0.050378345
Gmeb1,0.0,0.062204607,0.1335379,0.23766302,0.07648259
Gm28874,0.0,-0.049837954,-0.0133186905,-0.02363289,-0.011215505
Taf12,0.0,-0.1784736,0.19377775,0.07489756,-0.13161065
Rab42,0.0,0.027932568,0.065630645,0.00026664883,0.026103176
Snhg12,0.0,0.2998247,-0.0004937798,0.11917447,-0.060786232
Trnau1ap,0.0,0.2117013,0.019579388,0.22804946,-0.07330105
Rcc1,0.0,0.1049403,0.16557801,-0.046663582,0.07825586
Snhg3,0.0,0.4406243,0.5454409,0.61381555,0.15344325
Phactr4,0.0,-0.0853288,-0.02460749,0.018620737,-0.015496213
Med18,0.0,-0.05311606,-0.23844579,-0.011745114,-0.092338145
Sesn2,0.0,-0.10528352,-0.016893653,-0.0808846,0.056412447
Atpif1,0.0,0.033939622,-0.0112424195,-0.115517505,0.010949243
Dnajc8,0.0,0.29104772,0.14219934,0.15526144,0.20243937
Ptafr,0.0,-0.039143585,0.046494603,-0.036263924,-0.03146996
Eya3,0.0,-0.14701357,0.08805601,0.048843004,-0.014977105
Xkr8,0.0,0.20721215,0.03420505,-0.04993075,-0.10045948
Smpdl3b,0.0,0.0044076284,-0.092658855,-0.0483006,0.031319898
Rpa2,0.0,0.13611546,0.32306746,0.31139725,0.21588168
Ppp1r8,0.0,-0.23429063,-0.23573515,-0.050115854,-0.07657261
Stx12,0.0,0.13286369,0.12748098,0.16331492,-0.0061158836
Fam76a,0.0,0.103093386,0.087195374,0.22455564,0.051425762
Ahdc1,0.0,-0.09835444,0.17557648,-0.05533869,-0.0046103
Wasf2,0.0,-0.14188859,0.11474486,0.09761343,0.056790996
Gpr3,0.0,-0.09400526,0.07720106,0.08562086,0.039361842
Cd164l2,0.0,-0.27831614,0.017509393,-0.13542598,-0.1600672
Map3k6,0.0,-0.01745424,-0.11798939,-0.107551575,-0.133311
Tmem222,0.0,-0.2170183,0.035904773,0.03545579,-0.08599453
Wdtc1,0.0,-0.0884122,-0.09848251,0.21562138,-0.0055117533
Slc9a1,0.0,-0.16509691,0.052905936,0.007739987,0.078872256
Trnp1,0.0,0.07134061,0.2597198,0.062434077,0.24509166
Nudc,0.0,0.02898857,-0.05809812,-0.4493802,-0.19807792
Gpatch3,0.0,0.03691855,0.12648606,0.13795881,0.10265892
Gpn2,0.0,-0.09810317,-0.15164997,0.10446199,-0.07352268
Zdhhc18,0.0,-0.029490635,0.09472183,0.2358562,-0.032874808
Pigv,0.0,-0.023640277,0.024179917,-0.22726041,-0.2961382
Arid1a,0.0,0.050960332,0.2735739,0.23226455,0.11137221
Rps6ka1,0.0,0.10465722,0.103842035,0.014591515,-0.0065667033
Hmgn2,0.0,0.327859,0.23515472,-0.049817756,-0.032870978
Dhdds,0.0,-0.30900413,0.011238337,-0.02899497,-0.24895933
Crybg2,0.0,-0.19127694,-0.10193522,0.042714987,-0.081143156
Cd52,0.0,-0.035425447,-0.01842011,-0.07074937,-0.12575255
Ubxn11,0.0,-0.53139484,-0.2274708,-0.36196882,-0.1349906
Sh3bgrl3,0.0,-0.104285866,-0.17904729,-0.32889843,-0.065703735
Cep85,0.0,0.08493997,0.259951,0.33936125,-0.029972896
Zfp593,0.0,0.08734033,0.28240365,-0.13759285,-0.06388287
Grrp1,0.0,0.09968126,0.18465826,0.10620495,-0.024610221
Pdik1l,0.0,0.24827285,0.19896439,0.26569644,0.32463166
Extl1,0.0,0.02174054,0.18869425,0.23495269,0.0965659
Pafah2,0.0,0.18393354,0.113989,0.116618775,0.06333436
Stmn1,0.0,0.29583362,0.26806924,-0.23933885,0.38255334
Paqr7,0.0,-0.08495278,0.024546474,0.15603146,0.07632376
Aunip,0.0,0.006901197,-0.059270665,0.004358923,0.012124641
Mtfr1l,0.0,0.14715436,0.259382,0.39092174,0.19813597
Selenon,0.0,-0.13198984,0.12483935,0.065201834,-0.14854176
Man1c1,0.0,-0.095182076,0.114159614,0.32483238,-0.052942708
Ldlrap1,0.0,-0.04987997,0.042851854,-0.05772855,0.09200835
Maco1,0.0,0.034115583,0.090687424,0.08860426,0.039973766
Rhd,0.0,-0.08196996,-0.13474339,-0.065479696,-0.14447242
Tmem50a,0.0,-0.1773016,-0.0637223,-0.03181181,-0.04546479
Rsrp1,0.0,1.395265,1.0523967,1.1072032,0.4355398
Syf2,0.0,0.30379575,0.013625585,-0.14328346,0.17212735
Clic4,0.0,-0.15716743,-0.08541723,0.053128686,0.08628117
Srrm1,0.0,0.15916918,0.21346778,0.11166774,0.10121464
Ncmap,0.0,-0.032541968,-0.12978418,-0.030998392,-0.052963033
Rcan3,0.0,0.008302331,0.13695627,0.03167723,0.28748858
Nipal3,0.0,0.021465667,0.058992237,0.19880357,-0.06219548
Stpg1,0.0,-0.29280806,-0.19557032,-0.052863054,-0.18937351
Ifnlr1,0.0,-0.064380914,-0.08658706,-0.00607715,-0.0018588975
Srsf10,0.0,0.2843839,0.18681693,0.09543759,0.21585827
Pnrc2,0.0,-0.14167957,-0.19621086,-0.1659823,-0.34109324
Fuca1,0.0,-0.10983565,-0.062100537,-0.05441133,-0.08963018
Hmgcl,0.0,0.07652904,0.23241952,0.23048507,0.11893973
Gale,0.0,0.43359184,0.05464025,0.40620774,0.18235336
Lypla2,0.0,0.1234597,0.34734446,0.12036989,-0.1514872
Pithd1,0.0,0.04305035,0.06864288,0.12939058,0.13028467
Eloa,0.0,0.310281,-0.23972762,-0.080465056,-0.028205581
Gm13008,0.0,0.006508426,-0.22067913,0.14874682,-0.11341436
Gm24362,0.0,-0.13110915,-0.05085233,-0.13704236,-0.12765133
Rpl11,0.0,-0.015138588,0.06716319,-0.4063164,-0.033907626
Id3,0.0,0.31992984,0.30365318,0.39422905,0.15994452
E2f2,0.0,0.09517613,0.035708956,-0.02969843,-0.036497794
Asap3,0.0,-0.1592134,-0.0019005686,-0.038666837,-0.29447123
Zfp46,0.0,0.18657611,-0.10711013,0.22758645,0.179356
Hnrnpr,0.0,0.11623189,0.19474049,0.14556512,0.061231643
Luzp1,0.0,-0.26867405,0.039288204,-0.11056111,0.05224192
Kdm1a,0.0,-0.08942634,0.060315732,-0.036758132,0.016181506
Ephb2,0.0,0.27384233,0.023644187,0.15900578,0.01284074
C1qb,0.0,-0.33728302,0.055006135,-0.24272344,-0.05438968
C1qc,0.0,-0.36386785,-0.11185401,-0.38620406,-0.04070036
C1qa,0.0,-0.26373726,-0.18406646,-0.19184384,-0.40080202
Epha8,0.0,-0.25121605,-0.021995889,0.113003194,-0.09219729
Zbtb40,0.0,-0.12956001,0.19152962,-0.108024985,-0.11065878
Wnt4,0.0,0.25366467,0.06034948,0.18520834,0.119843334
Cdc42,0.0,-0.037021853,-0.03164412,-0.2172781,-0.09230278
2810405F17Rik,0.0,0.26937628,-0.088237554,0.21183446,-0.14636047
Hspg2,0.0,-0.032344475,0.10419776,0.29374233,-0.008061148
Usp48,0.0,0.11363267,0.0027085096,0.028351456,-0.0066893697
Rap1gap,0.0,0.31061998,0.287159,0.36509326,0.13515407
Alpl,0.0,0.0030685067,0.47269344,0.24636206,0.44629753
Ece1,0.0,0.012721986,0.23288514,0.22353041,0.08969441
Eif4g3,0.0,-0.0096319765,-0.05005867,-0.044420138,-0.057039745
Hp1bp3,0.0,0.2652895,0.24024661,0.03922814,0.05541739
Sh2d5,0.0,0.055017613,-0.25439343,-0.1329497,-0.42495266
Kif17,0.0,-0.10520171,-0.03518521,0.06427489,-0.20767751
Ddost,0.0,-0.2195592,-0.16577326,0.044285875,-0.11037031
Pink1,0.0,0.008119114,0.21648797,-0.017384782,0.05788421
Cda,0.0,0.036170162,-0.024724893,0.15664627,0.15734836
Fam43b,0.0,-0.040076867,-0.16340828,-0.14517711,-0.028242178
AB041806,0.0,0.03877574,-0.10904095,0.045240752,-0.027706916
Mul1,0.0,-2.1032989e-05,-0.08193594,0.071827814,0.026452934
Camk2n1,0.0,-0.07760115,-0.22924697,-0.33772478,0.030041918
Vwa5b1,0.0,0.11265691,-0.024649188,0.0094418675,0.013352014
Ubxn10,0.0,-0.0014810748,-0.037214432,0.030156802,0.039827835
Otud3,0.0,-0.015442317,0.039626382,-0.17562273,-0.080494344
Tmco4,0.0,-0.4456975,-0.39054236,-0.27185842,-0.27374014
Htr6,0.0,-0.09103372,-0.034043036,0.029441841,0.04727324
Nbl1,0.0,0.008621782,0.22638875,0.1390142,0.30873796
Micos10,0.0,0.28875726,0.15404923,0.21908721,-0.048519477
Gm16287,0.0,0.04662522,0.019924147,-0.020917322,0.014871165
Capzb,0.0,0.057699695,0.20416218,0.0657732,0.12982695
Pqlc2,0.0,-0.002691675,0.008157276,-0.021699976,0.015973914
Akr7a5,0.0,0.14957657,0.32834002,0.15271533,0.17609689
Mrto4,0.0,0.12148547,-0.010832211,-0.1333113,-0.13596125
Emc1,0.0,0.03399542,0.106943145,0.14337438,-0.085217685
Ubr4,0.0,0.1274241,0.23464204,0.073864,-0.03273864
Iffo2,0.0,0.052988302,0.048598208,0.02790344,-0.05409774
Aldh4a1,0.0,-0.10820641,0.107914254,-0.0065675303,-0.0495241
Igsf21,0.0,0.06805903,0.35218728,0.5014086,0.04009822
Arhgef10l,0.0,0.042721972,0.121998966,0.3028584,0.02318132
Rcc2,0.0,0.24976987,0.15379706,0.34309852,0.055651814
Padi2,0.0,0.46989012,0.53232735,0.97687495,0.58131844
Gm13031,0.0,-0.1434241,0.21129724,0.20422736,0.017984405
Sdhb,0.0,-0.097891785,0.03632261,-0.13826516,-0.041384846
Atp13a2,0.0,0.33221015,0.40132317,0.4061364,0.19147368
Mfap2,0.0,-0.083394945,0.14886412,0.030509721,-0.06333695
Crocc,0.0,-0.28086302,-0.2202586,-0.02395758,-0.18689016
Necap2,0.0,0.23879787,0.42808527,0.23260197,0.11366959
Spata21,0.0,0.02160278,0.24542722,0.16477618,0.036049858
Szrd1,0.0,-0.02700828,-0.008648798,0.2707705,0.04356619
Fbxo42,0.0,0.012343124,0.27815494,0.43939045,-0.0025185794
Cplane2,0.0,-0.22742099,-0.12703776,-0.13089709,-0.09065054
Arhgef19,0.0,-0.007985115,0.18189672,0.065376855,-0.16602093
Fam131c,0.0,-0.16681395,-0.2006017,-0.104789734,-0.13819851
Zbtb17,0.0,-0.12305671,0.025687115,-0.05575942,-0.09304747
Spen,0.0,-0.064402506,0.13505073,0.055293716,0.07827155
Fblim1,0.0,-0.12599882,-0.30314448,-0.082156554,-0.20279826
Slc25a34,0.0,-0.016554683,-0.044887863,0.15795952,0.01108871
Plekhm2,0.0,-0.20763536,-0.05746875,-0.12937562,-0.10180426
Ddi2,0.0,-0.0030231625,0.13361971,0.25604695,0.027906328
Agmat,0.0,0.008778426,-0.015418722,-0.0296956,0.0060525723
Dnajc16,0.0,-0.011800095,-0.06757541,0.199538,-0.029275715
Casp9,0.0,0.1474224,-0.11967422,-0.06709729,0.19742905
Efhd2,0.0,0.035705566,-0.114157535,-0.18606883,-0.20274189
Gm29367,0.0,0.19464585,0.19082285,0.27388448,0.41588432
Fhad1,0.0,-0.01101087,0.19621572,-0.029341407,0.08247823
Tmem51,0.0,-0.14398411,0.051833026,0.17376254,0.086204395
Kazn,0.0,0.13550346,-0.14903365,0.31032237,-0.13040693
Gm13052,0.0,-0.3434859,-0.0062903613,-0.3331322,-0.2588036
6330411D24Rik,0.0,0.24108319,-0.3476605,-0.05568981,-0.110134915
Prdm2,0.0,-0.069567084,0.21543878,-0.0032948926,0.025186285
Pdpn,0.0,-0.21574798,0.026504688,-0.016675003,0.020357927
Lrrc38,0.0,-0.07534948,-0.06921961,0.0053200517,-0.07562033
Pramef8,0.0,-0.08462455,-0.19742787,-0.096484564,-0.088107094
Dhrs3,0.0,-0.002374269,-0.06929299,0.30722898,0.00719814
Vps13d,0.0,0.038480632,0.09815387,0.108850166,0.063605085
Tnfrsf1b,0.0,0.09972653,-0.0134435445,0.04102075,0.09505042
Zfp992,0.0,-0.038915485,-0.075842656,-0.06579129,-0.0071500097
Zfp991,0.0,-0.14678289,-0.18573388,0.08596723,0.21844356
Zfp982,0.0,0.11148791,-0.024105126,-0.0828673,-0.06998804
Zfp984,0.0,0.21502191,0.0010206923,0.1190129,-0.048522256
Zfp933,0.0,-0.24652952,-0.11318987,-0.13252121,-0.21102771
Miip,0.0,-0.2062623,0.015337639,0.20953259,-0.010976721
Fv1,0.0,-0.052566275,0.28486508,0.018406134,-0.062739894
Mfn2,0.0,0.26302323,0.22126645,0.18295468,0.0072714984
Plod1,0.0,0.18394889,0.23660259,0.3433494,0.08865914
2510039O18Rik,0.0,-0.14091219,-0.12126073,0.21188831,-0.061022673
Gm13054,0.0,-0.012798036,-0.07236855,-0.08297503,-0.01732837
Clcn6,0.0,0.08947185,0.2591302,0.14870846,-0.060766295
Mthfr,0.0,-0.021872364,0.119040176,0.14100705,-0.2576807
Agtrap,0.0,-0.029137634,0.14849345,0.086490095,0.12773098
Draxin,0.0,-0.035151504,-0.041634668,0.003313338,-0.0067979484
Mad2l2,0.0,-0.18597376,-0.13487893,-0.10562524,-0.03427205
Fbxo6,0.0,-0.26779434,-0.1783753,0.17839311,-0.13013408
Fbxo44,0.0,0.19807479,0.2515427,0.09001105,0.05839996
Fbxo2,0.0,-0.10456584,0.079140574,-0.104749195,-0.14003922
Disp3,0.0,-0.17240113,-0.18429296,-0.021029215,-0.30714512
Ubiad1,0.0,-0.174045,-0.16137025,-0.087970294,-0.19596195
Mtor,0.0,-0.009474836,0.08772634,0.114706226,-0.039920643
Angptl7,0.0,0.0016709939,0.3865919,0.01379028,-0.085165985
Exosc10,0.0,-0.015437353,0.020606842,-0.0497055,-0.10646795
Srm,0.0,-0.14296734,0.036822226,-0.23382679,-0.13723113
Masp2,0.0,0.42972344,0.028805628,0.34673163,0.042978883
Tardbp,0.0,0.3376762,0.32694414,0.32495522,-0.038759917
Casz1,0.0,-0.09941182,-0.18612224,-0.089342244,-0.2844667
Gm13205,0.0,0.03542369,0.16922055,0.0060727894,0.06807369
Gm17029,0.0,0.143284,-0.07290451,-0.052039564,-0.22630055
Pex14,0.0,-0.2911327,-0.012112614,0.004538944,-0.080864936
Dffa,0.0,-0.22470021,-0.15505052,-0.09632936,-0.15776896
Cenps,0.0,0.15298562,-0.036540247,-0.038571373,-0.050655425
Pgd,0.0,0.17412357,0.011454791,0.2535557,0.099528
Kif1b,0.0,0.03881082,0.10220189,0.14178102,0.05133096
Ube4b,0.0,0.039484434,0.18071657,0.17656732,-0.073642015
Ube4bos1,0.0,-0.18386732,0.17455451,-0.103277214,-0.093081266
Nmnat1,0.0,-0.09546842,-0.14553495,0.08565439,-0.3098166
Lzic,0.0,0.11814897,0.026262604,0.19360274,-0.06874742
Ctnnbip1,0.0,0.22044955,0.25373703,0.35025874,0.16897222
Clstn1,0.0,0.1574826,-0.025549144,0.118852355,-0.03231187
Pik3cd,0.0,0.2120048,0.14754453,0.35979843,0.17912441
Tmem201,0.0,-0.11371801,0.051078044,0.08596599,-0.1576672
Slc25a33,0.0,-0.046819188,-0.07903263,-0.036988214,-0.15099406
Spsb1,0.0,-0.3757923,-0.29988545,-0.35508963,-0.33260998
H6pd,0.0,0.03171139,-0.22144808,-0.10632498,0.09988778
Gpr157,0.0,0.013420643,-0.04699154,0.016106635,0.07377207
Slc2a5,0.0,-0.060814537,-0.06399421,0.05881644,-0.079275236
Eno1,0.0,0.36098984,0.31727606,0.27208632,0.2123783
Rere,0.0,-0.24383332,-0.049458712,-0.019687494,-0.08949577
Gm13091,0.0,-0.0013527381,-0.011547213,-0.20204227,0.08016591
Slc45a1,0.0,0.050307855,0.22434616,0.06567567,0.20952046
Errfi1,0.0,0.14772868,0.13161516,0.1314145,0.114196554
Park7,0.0,-0.04121312,0.015488658,-0.11303499,0.02542592
Tnfrsf9,0.0,-0.18825412,-0.08091693,0.04850904,-0.017878199
Camta1,0.0,0.15296209,0.19746718,0.11810237,-0.026235163
Per3,0.0,0.15550141,0.25780866,0.24829301,0.108328894
Vamp3,0.0,-0.04707352,0.05523439,-0.07023949,-0.179197
Dnajc11,0.0,-0.060690895,-0.017215274,0.09648276,-0.18756315
Thap3,0.0,-0.047057606,-0.080511324,0.12640443,0.046883184
Phf13,0.0,-0.00574651,0.17250231,-0.053865273,-0.08617802
Klhl21,0.0,-0.038693283,0.028212665,-0.028295029,-0.08860424
Zbtb48,0.0,0.057508506,0.059484567,0.0074188574,-0.23465623
Tas1r1,0.0,0.013781869,-0.0039816434,-0.061212536,-0.023519475
Nol9,0.0,-0.041277155,0.22266588,-0.0003283918,0.03719168
Plekhg5,0.0,0.21772593,0.12785329,0.2705748,0.09439324
Espn,0.0,0.008458117,-0.038353797,0.025482848,-0.020941209
Acot7,0.0,-0.082403615,0.2478,0.056323856,0.24184999
Gpr153,0.0,0.035305098,0.12698963,0.47469598,0.22331586
Icmt,0.0,0.06458003,0.09724706,0.090917334,0.13513379
Rnf207,0.0,-0.097924516,-0.23711571,-0.012879983,-0.26948896
Rpl22,0.0,0.3790636,0.20757902,0.11951356,0.3939368
Chd5,0.0,0.54435354,0.16840422,-0.14854257,0.079680696
Kcnab2,0.0,0.34773386,0.0011279136,-0.11016427,0.17915025
Nphp4,0.0,-0.24352896,-0.19775379,-0.2402873,-0.23226061
Ajap1,0.0,0.2374559,0.11293255,0.2704624,0.202894
A430005L14Rik,0.0,-0.04861814,-0.05674161,-0.09328914,-0.23440209
Dffb,0.0,0.10229382,-0.028032225,0.11807634,-0.19637068
Cep104,0.0,0.05450824,0.0469682,0.08161465,-0.058843218
Lrrc47,0.0,-0.17351744,0.02333361,-0.2500452,-0.3131564
Smim1,0.0,0.2933916,0.17904025,0.26843956,0.30774957
Wrap73,0.0,0.0025328994,0.058912255,0.21148999,-0.07373461
Tprgl,0.0,0.2727174,0.043753706,-0.28247857,0.071509525
Megf6,0.0,0.103125066,0.0068977457,-0.04622056,-0.013545524
Prdm16,0.0,-0.07966074,0.16674237,0.11359927,-0.015203208
Prdm16os,0.0,-0.34383303,-0.2591482,-0.1541366,-0.3994195
Ttc34,0.0,0.09484776,-0.050617408,-0.020113144,0.0007883031
Gm13112,0.0,-0.039852675,0.12549065,-0.062178653,0.053151965
Mmel1,0.0,-0.04921412,0.0137242,0.041196655,0.09018247
Prxl2b,0.0,0.21528547,0.29086775,-0.051547155,0.17068306
Hes5,0.0,0.58762616,0.7413366,0.78259665,0.25869283
Pank4,0.0,-0.049349938,0.023456158,0.25059226,-0.22941977
Plch2,0.0,0.328678,0.14695476,0.305308,0.15765753
Pex10,0.0,-0.14803633,-0.12561022,-0.17279078,0.012017209
Rer1,0.0,-0.09685403,-0.20386215,-0.15499099,-0.0062428284
Morn1,0.0,-0.17057055,-0.017735772,0.32163465,0.09787755
Ski,0.0,0.1338579,0.32642394,0.16145971,-0.071084276
Faap20,0.0,-0.20672855,0.12213892,0.010820612,-0.017896755
Prkcz,0.0,0.13212124,0.17614895,0.024529897,-0.11283278
Gm27200,0.0,-0.06180127,-0.023008095,-0.05110053,-0.015156934
Gabrd,0.0,-0.14580722,0.19535598,0.2248188,0.056256726
5830444B04Rik,0.0,0.106182665,-0.066325404,-0.14977014,-0.050204936
Cfap74,0.0,-0.17077264,-0.008548498,-0.11525597,-0.3725009
Gnb1,0.0,0.05444487,0.03365373,0.060428016,0.10985412
Nadk,0.0,0.07036058,0.079640225,-0.06544871,-0.0552283
Slc35e2,0.0,-0.2744905,-0.18004155,-0.19146043,-0.2301017
Gm16023,0.0,-0.107895866,0.016080543,-0.20157304,-0.33306178
Gm10563,0.0,0.0051688673,-0.122309074,0.04135514,-0.06793575
Cdk11b,0.0,0.09852046,0.14000335,0.09345918,0.2495024
Mmp23,0.0,0.012251115,0.05687107,-0.060513757,-0.027071362
Mib2,0.0,-0.06782268,0.024137655,0.10854505,-0.07494591
Fndc10,0.0,0.014792469,-0.033052932,0.039939664,-0.1262459
Ssu72,0.0,0.03825596,0.048047777,-0.19546837,0.033651788
1500002C15Rik,0.0,-0.037764184,0.10465823,0.121111885,0.023471408
Tmem240,0.0,0.12374914,0.30120507,0.3183437,0.20787331
Atad3a,0.0,0.2694924,0.3610683,0.1612234,-0.106008604
Atad3aos,0.0,0.064000614,-0.058863062,0.084405914,-0.17506365
Vwa1,0.0,0.39000607,0.17865255,0.4241615,0.230584
Tmem88b,0.0,0.48782033,0.041789725,0.0701596,0.15287828
Mrpl20,0.0,0.32623643,0.4123556,0.07475498,0.11715168
Ccnl2,0.0,0.07410846,0.12702906,0.17219633,-0.1262104
Aurkaip1,0.0,0.14353211,0.20462734,-0.025860958,0.049965836
Mxra8,0.0,-0.020500537,0.16419974,-0.17582789,0.009929078
Dvl1,0.0,0.47889394,0.7144581,0.6487248,0.033034146
Cptp,0.0,0.17407757,-0.025242662,-0.1977483,-0.11398549
Ints11,0.0,0.05188453,-0.004723668,-0.13449244,0.21044768
Pusl1,0.0,0.15581101,0.42521608,0.16099682,0.17496736
Acap3,0.0,0.10063291,0.122111194,0.09017084,0.070589066
Ube2j2,0.0,-0.020042881,0.042149764,0.1275622,0.050899405
C1qtnf12,0.0,-0.11873398,-0.17843103,0.0076343715,-0.24795544
B3galt6,0.0,-0.1625925,-0.11395829,-0.031282462,-0.11163549
Sdf4,0.0,0.1860088,0.12596108,0.08646147,0.03920328
Gm16008,0.0,0.031161759,-0.13869822,-0.053264406,-0.2270728
9430015G10Rik,0.0,0.15639926,0.15494229,0.25627205,0.19834752
Rnf223,0.0,-0.042467386,0.04635223,0.026926823,0.008616333
Agrn,0.0,0.7090147,0.5166832,0.58786994,0.14354867
Isg15,0.0,0.09267314,0.014682718,0.0023762733,0.053721905
AW011738,0.0,0.26275355,0.24570125,0.3316204,0.058293387
Plekhn1,0.0,0.29551566,0.4778546,0.33102435,-0.06965822
Noc2l,0.0,0.1904361,0.106865376,0.2233404,-0.090494156
Samd11,0.0,-0.0025771167,-0.08046882,-0.14085266,-0.0674358
Cdk6,0.0,0.025913358,0.065852374,0.16685662,0.06451616
Fam133b,0.0,0.09703381,0.098181084,-0.19160901,-0.0061763898
1700109H08Rik,0.0,0.19448355,0.19442621,0.47093755,0.22868441
Rbm48,0.0,-0.042231668,-0.034182545,0.11387859,-0.020800393
2510017J16Rik,0.0,-0.10422736,-0.07263642,-0.044460874,-0.28987536
Pex1,0.0,-0.061075665,-0.058030464,0.13808465,0.019082405
4833413G10Rik,0.0,0.012419425,-0.14699262,0.03876486,-0.06040173
Gatad1,0.0,0.16226654,0.14019236,0.032300048,0.0009988844
Ankib1,0.0,0.15658489,0.19790632,0.08137441,0.16346103
Krit1,0.0,-0.12185812,0.03351391,-0.031376872,-0.077864826
Lrrd1,0.0,-0.107020885,-0.028703123,-0.025953647,-0.09964964
Mterf1a,0.0,0.17760599,0.16576655,0.18167894,-0.14540662
Akap9,0.0,0.06962264,0.07069742,0.013445742,0.03200005
Gm43031,0.0,0.21843977,-0.11316612,-0.036748454,-0.114237115
Cyp51,0.0,0.19180475,-0.021987706,0.13251333,0.26286727
Mterf1b,0.0,-0.0542715,0.00512762,0.06421651,-0.08689232
Fzd1,0.0,-0.2543427,-0.29291496,-0.20147246,0.027022026
Gm42744,0.0,0.011455497,0.011643749,0.0070194416,0.044492316
Cdk14,0.0,0.042471603,0.10730613,0.08562516,-0.019172445
Gm43112,0.0,-0.14983538,-0.10818836,0.010213658,-0.118602484
Gm43113,0.0,-0.09946663,-0.10241538,-0.061648708,0.033447474
Gm43111,0.0,-0.047388792,0.20889616,0.3077832,0.022717357
Gm43623,0.0,0.0149706155,-0.018466752,0.037804123,0.079898305
Gm10484,0.0,0.1113046,-0.08502205,-0.123233706,-0.007716028
Gm43727,0.0,0.009290464,0.10928825,0.09520535,0.13078743
1700015F17Rik,0.0,-0.04822935,-0.020289956,-0.04809396,-0.0036412925
Cldn12,0.0,0.059026625,0.03203793,0.15273514,0.039431237
Gtpbp10,0.0,0.2472505,-0.07504144,0.28087842,-0.088479385
Cfap69,0.0,-0.04198796,-0.12702373,0.053612337,-0.09963362
Steap2,0.0,0.1084081,0.115923,0.28498888,0.12822339
Zfp804b,0.0,0.17371726,0.054547507,0.2475559,-0.26356673
Gm30835,0.0,-0.1073399,-0.06139542,-0.02680236,-0.11094543
Sri,0.0,0.022718858,-0.04774826,0.14956638,-0.08161407
Adam22,0.0,0.11582714,0.060625836,0.12838289,-0.12714747
Dbf4,0.0,0.13685127,0.16327634,0.029400334,0.262435
Slc25a40,0.0,0.08888219,0.050111473,0.3707145,0.13408825
Rundc3b,0.0,0.26080298,-0.06492633,0.12049276,0.10229914
Abcb1a,0.0,0.06079356,-0.049675517,0.05595852,0.00616939
Gm5106,0.0,-0.17996159,0.0032588523,0.00799337,-0.038852397
Abcb1b,0.0,0.11261906,0.21419378,0.29098642,-0.013439938
Abcb4,0.0,-6.1392784e-05,-0.044626214,0.23736492,0.116868846
Crot,0.0,0.054551892,0.06031999,-0.10659393,-0.17045158
Tmem243,0.0,-0.22881314,-0.25179198,-0.3755923,-0.12617943
Dmtf1,0.0,-0.038163804,0.09883036,0.059207827,-0.00886447
9330182L06Rik,0.0,0.32561824,0.25760248,0.23416483,0.109187976
Grm3,0.0,0.108010896,0.21734689,0.053258747,0.034368247
Sema3d,0.0,0.031520437,0.038774118,-0.16749518,-0.043117806
Sema3a,0.0,0.17576075,0.06521056,0.019872326,-0.02295924
Sema3e,0.0,-0.041569714,0.048239343,0.023144737,-0.14728305
Gm4128,0.0,0.010626511,-0.02108768,-0.022109719,-0.026926141
Pclo,0.0,0.12641908,-0.052278392,0.03375303,-0.08272231
Gm26954,0.0,0.54804146,0.3208509,0.11888844,0.14345072
Gm3510,0.0,-0.066153474,-0.27488726,-0.18474379,-0.35723412
Cacna2d1,0.0,0.49007064,0.20016661,0.35562515,-0.12361911
Hgf,0.0,-0.059791196,-0.020480355,-0.031209975,-0.08426559
Sema3c,0.0,0.08755742,-0.32246962,0.002703797,-0.16130239
Cd36,0.0,0.106144086,-0.044695,0.042185508,-0.008200768
Gnai1,0.0,0.32889152,0.0009973422,-0.18803981,-0.09999225
4921504A21Rik,0.0,-0.07643936,-0.36735672,0.18737528,-0.039518833
Magi2,0.0,-0.12139137,-0.030445348,-0.08016825,-0.039853986
Phtf2,0.0,0.18287015,0.14627206,0.17106439,0.013710022
Tmem60,0.0,0.01482049,-0.09914729,0.026772186,0.08624907
Rsbn1l,0.0,-0.18051168,0.027456071,-0.14666387,-0.05407746
A630072M18Rik,0.0,-0.053339392,0.08412792,0.33307347,-0.033962727
Ptpn12,0.0,0.051381156,0.177275,0.090945266,-0.051580593
Gsap,0.0,0.14002448,0.32262492,0.31567276,0.10272533
Ccdc146,0.0,0.020782715,-0.04275645,-0.04019474,-0.047841635
Fam185a,0.0,0.010219559,0.13833977,0.03881099,-0.30387276
Fbxl13,0.0,-0.03312783,-0.00014579855,0.021780647,0.032499176
Armc10,0.0,0.3228718,-0.05573067,0.19044453,-0.17991282
Napepld,0.0,-0.079511955,0.2365651,-0.047296464,-0.062083647
Pmpcb,0.0,0.16987398,-0.056285318,0.16390778,-0.19062318
Dnajc2,0.0,-0.012638487,-0.05575482,-0.15472005,-0.095790066
Psmc2,0.0,-0.050263427,-0.013724632,-0.19105144,-0.20411079
Reln,0.0,0.23659325,0.1818848,0.45798975,0.09039542
Gm10475,0.0,0.10955572,-0.16842385,0.02815962,-0.17546506
Orc5,0.0,0.00618992,0.068339705,0.082242504,-0.09056972
6030443J06Rik,0.0,0.026815467,0.056531217,0.19245982,-0.025299318
A930003O13Rik,0.0,-0.050387092,0.05831301,0.0040631834,0.02187362
Lhfpl3,0.0,0.17976652,0.012206346,0.20354156,-0.16150591
5031425E22Rik,0.0,-0.048026375,0.0129620135,0.09180507,0.006290205
Kmt2e,0.0,0.031903908,0.14860536,0.040365294,0.1368698
Srpk2,0.0,-0.13590199,0.020847749,-0.04038302,0.012664061
Gm43566,0.0,0.27399904,0.012574673,0.1708947,0.13633764
AI506816,0.0,0.09025701,0.018251719,0.071315385,-0.08991371
Pus7,0.0,0.029747002,0.031870402,0.34357968,0.03262168
Rint1,0.0,-0.1395978,0.05421649,-0.08875512,-0.24551849
Tomm7,0.0,0.44730693,0.09660209,-0.21452297,0.07445287
2700038G22Rik,0.0,0.052981235,-0.12776032,-0.008005953,-0.060767192
Fam126a,0.0,-0.12456255,0.039600935,-0.052461606,0.06025056
Klhl7,0.0,-0.034540184,0.11957726,-0.015756339,-0.096785724
Nupl2,0.0,-0.01618864,0.02607317,0.14493959,-0.11646566
Kcnh2,0.0,-0.0401792,0.017369986,0.3575932,0.046350874
Nos3,0.0,-0.07671448,0.02373774,-0.004478896,0.080483265
Gm15587,0.0,0.08526942,-0.014946815,0.101570085,0.06609784
Atg9b,0.0,3.478676e-05,-0.061792474,-0.21135363,-0.07262148
Abcb8,0.0,0.13696402,0.15629226,0.28543773,0.014664546
Cdk5,0.0,0.22017457,0.18701407,0.2486414,-0.010507628
Slc4a2,0.0,0.029786397,-0.036531903,0.071335815,-0.14856407
Fastk,0.0,0.6305701,0.3408234,0.64627844,0.06909382
Tmub1,0.0,-0.2021482,-0.0882956,-0.065461956,-0.19010201
2310074N15Rik,0.0,0.03303061,-0.026005019,0.06916717,-0.050781537
Agap3,0.0,-0.025833815,0.0015911758,0.009859851,-0.09555137
Abcf2,0.0,0.021456122,-0.02460271,-0.2965387,-0.20019889
Chpf2,0.0,0.35113016,0.24542862,0.5097873,0.0417327
Smarcd3,0.0,-0.10992015,0.09794602,0.19227928,0.015678316
Nub1,0.0,0.055856403,-0.06824086,0.06966545,0.089659244
Rheb,0.0,-0.04237549,-0.065100946,-0.044539943,0.044074923
Prkag2,0.0,0.34,0.10843542,0.3065505,0.00978674
Prkag2os1,0.0,-0.014923885,0.0628611,0.08364266,-0.0077349953
1500035N22Rik,0.0,-0.063926734,-0.28480342,-0.22467092,0.05531741
2900005J15Rik,0.0,-0.3320622,0.07308095,0.2446766,-0.051858734
Galnt11,0.0,0.19819856,0.042781726,0.11954546,0.032152906
Kmt2c,0.0,-0.011066437,0.11254087,0.021766007,0.010424763
1700096K18Rik,0.0,-0.14518803,-0.12376933,0.29582098,-0.11598793
Xrcc2,0.0,0.24830332,0.28869787,0.09801989,0.058753327
Actr3b,0.0,0.044654213,0.15548319,-0.032197654,-0.009340614
Dpp6,0.0,0.36927262,0.17391224,0.21427454,-0.10492909
Paxip1,0.0,0.17495538,0.12819079,0.23023178,-0.076204866
Htr5a,0.0,0.12458055,-0.0006635785,0.047534216,0.053907834
Gm26608,0.0,-0.14164248,-0.1692403,-0.11058834,-0.13787755
Insig1,0.0,0.2842497,0.19221708,0.23773906,0.25821352
Rbm33,0.0,-0.065960795,0.009150604,-0.035501506,-0.12490727
Shh,0.0,0.1564134,-0.07565183,-0.10036511,0.17612289
9530036O11Rik,0.0,0.2181111,-0.0694237,-0.0071376488,0.18493643
Rnf32,0.0,0.23541223,0.185422,0.17092702,0.13608852
Lmbr1,0.0,0.068578325,0.056932136,0.13349284,-0.012601972
4632411P08Rik,0.0,0.015523529,0.013127355,-0.07722945,-0.050579295
Nom1,0.0,0.11259603,-0.09292536,-0.061110422,-0.17013307
Ube3c,0.0,0.007826,0.11211023,0.108569294,0.05847887
Dnajb6,0.0,0.07314871,-0.027752317,-0.06761537,0.121660635
Tyms,0.0,-0.1710775,-0.04229924,-0.09032434,0.013375247
Garem2,0.0,0.24888384,0.3826794,0.17228208,0.04057136
Hadha,0.0,-0.00095924735,0.1147338,0.15709034,0.03007552
Hadhb,0.0,-0.14447534,-0.010089546,-0.011138596,0.015832923
Selenoi,0.0,0.0068972334,-0.0019977167,0.113432646,-0.122706115
Drc1,0.0,-0.16269496,-0.08070878,-0.28493854,-0.08974271
Otof,0.0,-0.07872652,-0.1103243,-0.15372668,-0.1191081
Gm9899,0.0,0.031058602,0.08634935,0.013551753,0.0046721436
Kcnk3,0.0,0.08570747,0.4552888,0.27824047,0.13514465
Slc35f6,0.0,0.18063729,0.13615584,0.1179597,0.083281174
Cenpa,0.0,-0.18812722,-0.1589162,-0.21023555,-0.14515513
Dpysl5,0.0,0.12676582,0.059691,0.050388582,-0.090054676
Mapre3,0.0,-0.019053042,0.06988009,-0.06174282,-0.058405474
Gm19409,0.0,-0.18391366,-0.024890102,0.03404656,0.021978915
Gm15461,0.0,0.17474692,0.37033707,0.11684925,0.07239452
Tmem214,0.0,0.017877769,0.046018228,-0.055461362,-0.20974152
Agbl5,0.0,0.28570172,-0.005208969,0.05388874,-0.18376142
Ost4,0.0,0.18228692,-0.23082176,-0.09255576,0.012804482
Khk,0.0,-0.058698393,-0.08248127,-0.05729104,-0.033739522
Cgref1,0.0,0.008944555,0.051748008,-0.06733646,-0.16608298
Preb,0.0,-0.15589926,-0.0461408,0.08930461,-0.012853131
Slc5a6,0.0,0.22367346,0.39846474,0.28861052,0.00651823
Atraid,0.0,-0.32766253,-0.122373775,-0.067297585,-0.12332018
Cad,0.0,0.023761261,-0.1290154,-0.038264766,-0.23216203
Slc30a3,0.0,0.081243224,0.12795748,-0.004266184,-0.0873859
Mpv17,0.0,-0.25706053,-0.3423733,-0.17994702,-0.26255307
Gtf3c2,0.0,-0.15362735,0.016305624,0.0016859742,-0.15866563
Eif2b4,0.0,-0.13627833,0.02031196,-0.14949116,-0.17810248
Snx17,0.0,0.06457228,0.14172338,0.024120815,-0.03804817
Zfp513,0.0,0.4192668,0.028038487,0.23005843,0.063222826
Ppm1g,0.0,0.011776999,0.15658242,0.039722644,0.21371828
Gm9970,0.0,-0.007870935,-0.061841346,-0.06407465,0.25037348
Nrbp1,0.0,0.18630002,0.10022164,0.07173291,0.088142715
Krtcap3,0.0,0.15173328,-0.16764787,0.16444021,0.06037054
Ift172,0.0,-0.19844735,-0.099710494,-0.041676853,-0.18940876
Fndc4,0.0,0.26862276,0.43380755,0.34566247,-0.11824462
Zfp512,0.0,0.11144228,0.025591567,0.21219751,0.029575877
Gpn1,0.0,-0.17296165,-0.117705636,0.026618998,0.077240296
Supt7l,0.0,-0.31774825,0.060147487,0.16181698,0.10936031
Slc4a1ap,0.0,0.13727778,0.21951488,0.2709257,0.14440504
Gm43660,0.0,-0.15595701,-0.046032146,0.032304153,-0.07027377
Mrpl33,0.0,0.05977262,0.0020328574,0.008848324,-0.19823447
Rbks,0.0,-0.18476877,-0.016168067,0.03572289,-0.106474
Babam2,0.0,-0.23303194,-0.0746842,-0.09595582,-0.13631651
Gm17130,0.0,0.07539821,-0.03591314,0.23806381,-0.05288642
Fosl2,0.0,-0.1981496,-0.021855736,-0.06977967,0.03670899
Ppp1cb,0.0,0.0765931,0.19410701,0.050009027,0.07038341
Gm15614,0.0,0.01924381,-0.15162444,-0.01489355,0.15413979
Yes1,0.0,0.10172634,0.045526043,0.10696849,0.08573684
Pisd,0.0,0.33042622,0.15234198,0.41382787,-0.19221218
Prr14l,0.0,-0.40627074,-0.13896236,-0.18091035,-0.096275695
Depdc5,0.0,-0.064984165,0.08768946,0.09578639,-0.10834954
Ywhah,0.0,0.20827301,0.142117,-0.241249,0.3295043
Ctbp1,0.0,0.38456345,0.30352876,0.14709127,0.076912865
Maea,0.0,0.004091792,0.06362645,0.051473364,0.048569523
Uvssa,0.0,-0.1166394,0.18602887,0.16620809,-0.07885898
Fam53a,0.0,0.0074698925,0.18030217,0.10691954,-0.1840806
Gm9903,0.0,0.025203358,-0.056978844,-0.038939975,-0.028020298
Slbp,0.0,-0.079935916,-0.071905404,-0.42360526,-0.03161417
Tmem129,0.0,0.0046434626,0.029762685,0.10727543,0.052908547
Tacc3,0.0,-0.030699514,0.14930317,0.11250323,-0.06933875
Fgfr3,0.0,0.2856478,0.2698978,0.38157648,0.153971
Letm1,0.0,-0.022982948,-0.0085630715,-0.07607594,-0.07631947
Nsd2,0.0,0.25316173,0.12645002,0.17083499,0.032934353
Nelfa,0.0,0.0039035454,0.035547502,0.08915522,0.006819874
Gm42851,0.0,0.025242642,0.13071565,0.19699839,0.1278161
Gm1673,0.0,-0.113102645,-0.059452385,0.070959665,0.12344528
Nat8l,0.0,0.06555647,0.28346345,0.25152582,0.24258399
Poln,0.0,0.011035569,-0.14880729,0.12065706,-0.35784137
4930557J02Rik,0.0,-0.11512612,-0.118675515,0.042114787,-0.08918471
Haus3,0.0,0.5034795,0.120750144,0.113311544,0.32190287
Mxd4,0.0,-0.13193175,-0.3909934,-0.40105802,-0.33126026
Zfyve28,0.0,0.21191786,0.17519291,0.38008314,0.04735157
Gm15513,0.0,-0.10074957,-0.009253614,-0.1152221,-0.16054481
Cfap99,0.0,-0.021107288,0.02979942,0.013441087,0.019274645
Gm43458,0.0,-0.01857093,0.004502156,-0.0045424933,0.02498031
Rnf4,0.0,-0.10588987,-0.09311388,-0.2251986,-0.35620505
Fam193a,0.0,-0.08958379,0.12924212,0.035740554,-0.027801447
Tnip2,0.0,0.051622443,0.18552932,0.13875157,-0.0103822425
Sh3bp2,0.0,0.051471636,-0.10209137,-0.0042704586,0.074805185
Add1,0.0,0.045897096,0.084947124,0.24037671,-0.06512226
Mfsd10,0.0,-0.19759946,0.040522017,-0.03404601,0.072721295
Nop14,0.0,0.14168003,-0.04056646,0.019878708,0.19318905
Grk4,0.0,0.053480104,0.039960906,0.2706104,0.057433866
Gm42560,0.0,-0.08935609,-0.20306008,0.09717899,-0.03386092
Htt,0.0,0.01736129,0.148748,-0.002744317,-0.04015413
Msantd1,0.0,-0.08860688,-0.0023055226,-0.24999502,-0.2653368
Rgs12,0.0,0.18964902,0.347543,0.45291644,0.06838854
Dok7,0.0,0.178695,0.048435435,0.23506601,-0.11696439
Lrpap1,0.0,-0.0445747,-0.047959417,-0.014219835,-0.033647083
Adra2c,0.0,-0.049423177,0.00061566755,-0.09562473,-0.035004012
Trmt44,0.0,0.01425381,0.054933675,0.19663638,0.20815372
Acox3,0.0,0.2262539,0.22917844,0.3936295,0.023268908
Htra3,0.0,0.0021154657,0.27885386,0.014200509,0.027310245
Ablim2,0.0,0.12005466,0.1784845,0.14115298,-0.046743125
Afap1,0.0,-0.04956758,0.1628758,0.07381795,-0.041084148
Sorcs2,0.0,-0.080546305,0.22315302,0.13135207,0.06199029
2210406O10Rik,0.0,0.00024693832,-0.024966616,-0.1352483,-0.24294646
Grpel1,0.0,0.07257603,0.12210581,-0.05161245,-0.07089958
Tada2b,0.0,0.021907859,0.1158425,-0.10149513,0.084246606
Ccdc96,0.0,0.091267705,0.09499952,-0.049836915,-0.048825484
Tbc1d14,0.0,0.135745,0.22800273,0.015149958,-0.11122323
D5Ertd579e,0.0,-0.021083668,-0.042733222,0.024346545,0.028338611
Bloc1s4,0.0,0.09153397,0.24691546,0.37485084,0.1147361
Mrfap1,0.0,0.27833873,-0.070836596,-0.2972066,0.06526181
Man2b2,0.0,0.07204358,0.046195094,-0.09136857,-0.028715711
Ppp2r2c,0.0,0.23867972,0.09201122,0.21975385,0.061902337
Wfs1,0.0,-0.04660131,-0.021753043,0.31881064,0.257009
Jakmip1,0.0,-0.22440523,-0.027851772,-0.0033409784,-0.120584674
Gm1043,0.0,-0.17612797,-0.09427127,0.051727235,-0.37695858
Crmp1,0.0,0.4573143,0.23857298,0.0878617,0.035083085
Evc,0.0,-0.13484773,0.041670702,-0.3382071,-0.2045703
Evc2,0.0,0.0658391,0.26858872,0.22812653,0.14550802
Stk32b,0.0,-0.14933601,-0.14330451,-0.13821846,-0.11455058
Stx18,0.0,-0.27157986,0.051498614,0.044491,-0.008468181
Nsg1,0.0,0.08512545,-0.08091325,-0.092768826,0.23340374
Zbtb49,0.0,-0.22879331,-0.0407735,0.018368244,-0.35829598
Lyar,0.0,-0.018342718,-0.00051774504,-0.043836284,-0.086369745
Tmem128,0.0,-0.35182106,-0.4002506,-0.26891634,-0.33122098
Drd5,0.0,0.15563558,0.14218347,0.018160306,-0.09512362
Slc2a9,0.0,-0.19579893,-0.20677212,0.27552313,-0.0922893
Wdr1,0.0,0.21611317,0.11131798,0.2112813,0.08853166
Zfp518b,0.0,0.19611828,0.13982776,0.054943837,0.11708418
Clnk,0.0,-0.0152661,0.0677472,-0.070288226,0.065286174
4930513D17Rik,0.0,0.056476552,-0.04689404,-0.066153616,0.0233037
Hs3st1,0.0,-0.19940214,0.10105127,-0.039353114,-0.019964125
Rab28,0.0,-0.09397075,-0.009345391,-0.1696712,-0.10796882
Bod1l,0.0,-0.080633536,-0.0077082105,-0.094534844,-0.034862414
Gm16223,0.0,-0.0062808804,0.05728773,0.03741883,0.09473035
Gm7854,0.0,0.17353544,0.024599195,0.27446994,0.1343311
Cpeb2,0.0,0.050452083,0.23036258,0.17866163,0.080734834
C1qtnf7,0.0,0.027689174,0.014974678,-0.003639374,-0.021121118
Cc2d2a,0.0,0.17207533,0.256918,0.33714405,0.06332937
Fbxl5,0.0,0.16058442,0.08286503,0.09452729,0.04940331
Cd38,0.0,-0.37014025,-0.3305434,-0.28732768,-0.27242053
Prom1,0.0,0.0975488,0.053765263,-0.0056261607,0.042615373
Tapt1,0.0,-0.104886495,-0.07286503,0.11762133,-0.122210234
Gm42982,0.0,-0.17031716,-0.11243065,-0.070072964,0.019283336
Gm42984,0.0,-0.3339442,-0.35034496,-0.3288964,-0.33777803
Ldb2,0.0,-0.06412715,0.12234552,0.0731471,0.10702266
Gm43507,0.0,-0.06320205,-0.08929075,-0.061521742,-0.2466004
Gm3364,0.0,-0.067478135,-0.00554002,0.033656996,-0.05672959
D5Ertd615e,0.0,-0.06715919,0.100346945,0.08929355,0.066276506
Qdpr,0.0,0.43501037,0.046659812,0.0015074611,0.164754
Gm42413,0.0,-0.09183085,0.033986397,-0.13360654,-0.092974305
Lap3,0.0,0.06689035,0.021353163,0.272162,0.022034109
Med28,0.0,0.3844983,0.15491766,0.17224196,0.27200475
Fam184b,0.0,0.017409315,-0.064824186,-0.0017989241,0.064900264
9630001P10Rik,0.0,0.0116012525,0.06267089,-0.04933704,0.016657768
Lcorl,0.0,0.2720272,0.13152455,0.31348276,0.2249537
Slit2,0.0,-0.11020723,-0.11816483,-0.30808908,-0.32639176
5730480H06Rik,0.0,0.060596608,0.19952236,-0.054065272,-0.05767739
Kcnip4,0.0,0.37872267,0.15526786,0.56233716,-0.2460779
Gm20700,0.0,-0.16584341,-0.10777998,-0.094742574,-0.133999
Adgra3,0.0,-0.039386243,0.058870655,0.047638014,0.005957179
Gm43016,0.0,-0.004248568,-0.0063590007,-0.019642405,0.026075773
Ppargc1a,0.0,0.03599804,0.18359813,0.07155967,0.03988862
Dhx15,0.0,0.22803935,0.19603346,-0.13968448,-0.032023937
9230114K14Rik,0.0,0.097074226,0.33142382,0.33232248,0.2767022
Ccdc149,0.0,0.07993944,0.1067989,0.2527866,-0.044883095
Lgi2,0.0,0.4576463,0.32186705,0.36826694,0.109224275
Sepsecs,0.0,0.01974586,-0.043451764,0.073732674,0.006308228
Pi4k2b,0.0,-0.04390058,-0.107636616,-0.10796098,-0.10988484
Zcchc4,0.0,0.017325016,0.040579315,-0.050179534,-0.07307185
Anapc4,0.0,0.07952433,0.03481242,0.17284809,-0.042761676
Sel1l3,0.0,0.080946214,0.18513814,0.047189318,0.052938566
Smim20,0.0,-0.16317298,0.06648076,-0.017801728,0.08176881
Gm45495,0.0,0.17002045,-0.049251184,-0.015498258,0.024343861
Rbpj,0.0,0.01129131,0.06884161,0.13452892,0.116678104
Tbc1d19,0.0,0.015164059,0.041504785,-0.11818449,-0.12894155
Stim2,0.0,-1.8209219e-05,0.14364593,0.3178683,0.049665123
4932441J04Rik,0.0,0.199604,-0.15042391,0.057118177,-0.039185137
Pcdh7,0.0,-0.018441804,0.082977034,-0.039764084,0.029896677
Arap2,0.0,-0.032229923,0.017002188,0.015788548,0.08494118
Nwd2,0.0,0.2068616,-0.05925018,0.16099295,-0.33955258
0610040J01Rik,0.0,-0.038517646,0.12978975,0.06579472,-0.1323209
Rell1,0.0,0.2561962,0.27599543,0.16065189,0.23763527
Pgm2,0.0,-0.021994008,-0.12767407,-0.07812811,-0.18525171
Tbc1d1,0.0,-0.14280216,-0.009583792,-0.12825638,-0.23245
Gm20033,0.0,0.59498954,0.5585374,0.8644249,0.41266078
Klf3,0.0,-0.006368935,0.10619502,0.18724439,-0.050248586
Fam114a1,0.0,-0.07600174,-0.016759783,0.25955576,0.044584207
Klhl5,0.0,0.12801127,0.28090763,0.2941544,0.11570992
Wdr19,0.0,-0.14193708,0.04608637,0.1601323,-0.36724925
Rfc1,0.0,0.036746208,-0.010164127,-0.05273568,0.07755318
Klb,0.0,-0.07307616,-0.054146886,-0.07483253,-0.117683016
Rpl9,0.0,0.064902365,-0.054074816,-0.37738904,0.059127197
Lias,0.0,0.17934287,0.045725033,0.12583102,-0.077108055
Ugdh,0.0,0.0046383366,0.020223022,0.19246027,0.12226229
Smim14,0.0,-0.23134743,-0.10306062,0.054026566,-0.07242522
Ube2k,0.0,0.033610605,0.052736532,-0.09672271,-0.06922963
Gm42726,0.0,-0.08345163,-0.21517259,-0.124665126,-0.21316752
Pds5a,0.0,-0.088694215,-0.04128823,0.043150134,-0.01994839
N4bp2os,0.0,0.40937465,0.17685524,0.5880893,0.17004412
N4bp2,0.0,-0.10791153,-0.12886958,-0.16433384,-0.00090430677
Rhoh,0.0,-0.029529298,-0.028897343,0.14426714,0.03157046
Chrna9,0.0,0.0011676624,0.0032052398,-0.014427552,0.015737887
Rbm47,0.0,0.0054833274,0.000289144,-0.032137312,0.02084712
Nsun7,0.0,-0.21379128,-0.08543673,-0.04690454,-0.4362231
Apbb2,0.0,0.09741698,0.19089173,0.19925639,0.04648307
Uchl1os,0.0,0.0051886886,-0.10092987,0.1064993,0.00014391355
Uchl1,0.0,-0.016502336,0.093327194,-0.2383547,0.13099009
Limch1,0.0,-0.16670325,0.047429316,-0.026053682,-0.006324291
Gm42670,0.0,-0.07982348,-0.2505021,-0.22571191,-0.17627604
Tmem33,0.0,-0.09878916,-0.0069513307,-0.1371449,-0.09311237
Slc30a9,0.0,-0.035321455,-0.09935548,-0.06486091,-0.12330341
Bend4,0.0,0.05377522,0.109378815,0.057133492,0.10569931
Gm26756,0.0,-0.105464645,-0.1688466,-0.06423707,-0.20845872
Atp8a1,0.0,0.03718464,0.121373,0.15178406,0.06814688
Gm15478,0.0,-0.29880708,-0.11628643,0.07090135,0.08872034
Gm15477,0.0,0.12768507,-0.05894775,0.017316103,0.057925824
Kctd8,0.0,-0.13231069,-0.16781741,0.073146395,-0.100372836
Guf1,0.0,0.18961969,0.0035619587,0.25142378,0.09332334
Gnpda2,0.0,0.13649711,0.00051005185,-0.15692596,0.020768149
Gabrg1,0.0,0.051927015,0.15288894,0.0023051947,0.20043893
Gabra2,0.0,0.19855271,0.25038585,0.21066757,0.11122872
Cox7b2,0.0,-0.14127885,0.090453625,-0.23328131,-0.4098961
Gabra4,0.0,0.28224212,0.28375125,0.23551139,0.15132228
Gabrb1,0.0,-0.025787324,0.08505814,-0.007353395,0.08062978
Gm38562,0.0,0.20317377,0.005514577,0.17449887,0.03115616
Commd8,0.0,0.15579478,-0.10010265,-0.27578866,0.052011143
Nfxl1,0.0,0.4014023,0.32723072,0.27403504,0.16288263
Tec,0.0,0.01323314,0.46611935,0.23379572,0.112125166
Slain2,0.0,-0.2413468,0.02466072,-0.16115549,-0.1040349
Gm10135,0.0,0.24070874,0.26169145,-0.10020705,-0.067004226
Fryl,0.0,-0.028190255,0.0805148,0.061481513,0.010338508
Ociad1,0.0,0.05371181,0.04872706,0.036544576,-0.014457494
Ociad2,0.0,-0.11037296,-0.18029888,-0.39640874,-0.6519352
Cwh43,0.0,-0.0463558,-0.19737546,0.0665196,-0.2393253
Dcun1d4,0.0,0.2162324,0.12158315,0.123297274,-0.05971864
Sgcb,0.0,0.097086184,0.085325316,0.14872907,0.076830566
Usp46,0.0,-0.066018075,0.11355671,-0.03405688,-0.12616354
Usp46os1,0.0,-0.0004965868,0.17504492,-0.19292936,-0.24314584
Dancr,0.0,0.21120238,0.52647406,0.6301596,0.110551804
Rasl11b,0.0,0.51452565,0.14067283,0.36943826,0.43427265
Scfd2,0.0,0.068453506,0.029559687,0.1700719,0.056726567
Fip1l1,0.0,0.05232209,0.06279248,-0.031155944,-0.010023966
Lnx1,0.0,0.2742543,0.31754816,0.39182255,0.04689309
Chic2,0.0,-0.067508355,0.13259485,0.029643375,-0.07172099
Pdgfra,0.0,0.5600119,0.035016492,0.25912473,-0.027213722
Kit,0.0,0.06791989,-0.28363273,-0.29784253,-0.050755724
Kdr,0.0,-0.070115566,0.0073707085,0.06324201,0.018096417
Srd5a3,0.0,-0.15220109,-0.13013937,-0.17225094,-0.2700307
Tmem165,0.0,0.06076388,0.12627082,0.19668484,0.0972683
Clock,0.0,0.0021719486,0.050487548,0.014190391,-0.037213095
Gm7467,0.0,-0.09423368,-0.035237774,-0.20806688,-0.18737918
Exoc1,0.0,0.21133745,0.13040994,0.080060974,-0.04828699
Cep135,0.0,-0.12211451,-0.10690063,0.16426879,-0.020215806
C530008M17Rik,0.0,-0.011809789,0.072623596,0.14069697,-0.012017861
Aasdh,0.0,0.020417854,0.22049445,0.36259648,-0.053231567
Ppat,0.0,0.16769105,0.2853655,0.42793012,0.12173933
Paics,0.0,0.05319649,-0.011901568,-0.19064148,-0.14764437
Srp72,0.0,0.07770717,0.14634153,0.14277606,0.17090887
Hopx,0.0,-0.04571163,-0.13904324,-0.004552271,0.12155509
Rest,0.0,0.10360886,0.18276063,0.40301716,0.24103071
Noa1,0.0,0.15327527,0.050994724,0.1030262,0.14781064
Polr2b,0.0,0.07498994,0.13054599,0.14735985,0.027377434
Igfbp7,0.0,0.21702883,0.26752448,0.5632127,0.4544937
Adgrl3,0.0,-0.08906707,0.03372527,-0.09781204,0.031136539
Gm16054,0.0,0.32680544,-0.4830141,-0.36198077,-0.36677858
Epha5,0.0,0.20723332,0.17257623,0.22554925,0.13510059
Cenpc1,0.0,0.09656649,0.06631222,0.0475553,-0.032120466
Stap1,0.0,0.022942228,-0.064175054,-0.05981198,-0.079232685
Uba6,0.0,0.1776185,0.10395393,0.089520425,0.077858604
Ythdc1,0.0,-0.1845476,-0.17005898,-0.24143726,-0.08268958
Jchain,0.0,0.01352847,-0.03452623,0.12626193,-0.08860431
Utp3,0.0,0.244683,0.06711943,-0.125316,-0.1381467
Rufy3,0.0,-0.20802829,-0.11600749,-0.1575881,-0.043507114
Grsf1,0.0,0.24605522,0.19914667,0.18362933,-0.07899806
Mob1b,0.0,0.045466453,0.18808237,-0.054757357,0.028299972
Dck,0.0,0.18970472,-0.037761837,-0.015275635,0.111276865
Slc4a4,0.0,-0.23970808,-0.047338635,-0.15283406,-0.03288909
Adamts3,0.0,0.3027387,0.21967486,0.36264667,0.145608
Cox18,0.0,0.070558794,0.0759701,0.019101206,0.05316942
Ankrd17,0.0,0.05640038,0.2535724,0.14423028,-0.026081488
Gm9958,0.0,0.15933344,0.028219,0.32176378,-0.073378615
Mthfd2l,0.0,-0.09240138,-0.033950157,0.05675188,-0.08863476
Gm19619,0.0,-0.03865869,-0.03574963,0.020497378,0.04320877
Parm1,0.0,-0.08377172,-0.21881641,-0.08143168,-0.027146963
Rchy1,0.0,-0.25526366,-0.19989383,-0.07680449,-0.0827488
Cdkl2,0.0,0.20411873,-0.0067436434,-0.19556482,-0.018265508
G3bp2,0.0,0.50079054,0.48308453,0.36890012,0.33052084
Uso1,0.0,0.03147588,0.16822168,0.08229074,-0.13081227
Ppef2,0.0,-0.032341797,-0.100457564,-0.014821793,-0.060377866
Naaa,0.0,0.019562103,0.055543907,0.054422546,0.075563475
Sdad1,0.0,-0.18109046,0.04118891,0.13124062,0.058411676
Art3,0.0,0.23129669,-0.018500999,0.116089456,0.24159911
Nup54,0.0,-0.13924605,-0.2988363,0.030777566,-0.17463422
Scarb2,0.0,0.09507959,0.12757502,0.15848544,0.09259451
Ccdc158,0.0,-0.06187845,-0.059171267,-0.032733615,-0.007893449
Shroom3,0.0,0.075909406,0.27845335,0.50471807,0.2970368
Sept11,0.0,0.31264225,0.2265507,0.41171727,0.27462882
Ccni,0.0,-0.2605142,-0.1616743,-0.01738077,-0.016954448
2010109A12Rik,0.0,-0.13721561,-0.18816867,0.1234706,-0.056225352
Ccng2,0.0,0.1761249,0.055533573,0.06334662,0.18014485
Cnot6l,0.0,0.07949724,0.20512146,-0.009449467,0.06124121
Mrpl1,0.0,-0.04369229,0.018720869,-0.13215454,0.0853098
Fras1,0.0,0.20206352,0.05556546,0.2688694,-0.25283465
Anxa3,0.0,0.07395382,0.033897046,0.033408448,0.027428575
Gm9484,0.0,0.19418705,-0.12524028,0.002147831,-0.007913817
Bmp2k,0.0,0.021816373,0.13484941,0.06844719,-0.024625175
Paqr3,0.0,0.2258533,0.21721205,-0.048401073,-0.08324736
4930467D21Rik,0.0,-0.02083747,-0.061460655,-0.010236826,0.043497372
Antxr2,0.0,0.044770375,0.13667798,0.12629326,0.016395412
Fgf5,0.0,0.013666127,-0.022370454,0.0070455223,0.09711215
Cfap299,0.0,-0.05341914,-0.091857925,-0.057772085,-0.01916613
Bmp3,0.0,0.08057215,0.010183107,0.007827757,-0.07702154
Prkg2,0.0,0.09812161,0.013152875,0.098963976,0.018780328
Rasgef1b,0.0,0.1827452,-0.018858735,0.047503084,-0.30412883
Gm16226,0.0,0.034305274,0.05925497,0.0064414944,-0.09988255
Gm38413,0.0,-0.0006249398,0.023447594,0.10633872,0.0029870719
Vamp9,0.0,0.28379962,0.07702618,0.18436034,0.066796616
Hnrnpd,0.0,0.17955478,0.136141,0.027580336,0.11577554
Gm17092,0.0,0.12861444,0.123796746,0.2896275,0.13309015
Hnrnpdl,0.0,0.28839427,0.27584052,0.2520902,-0.043892696
Enoph1,0.0,-0.03570062,0.013561409,0.18468472,-0.111265466
Tmem150c,0.0,0.2974893,0.1142565,0.4452487,0.23290616
Sec31a,0.0,0.02571803,0.10929499,-0.07526056,-0.0874555
5430416N02Rik,0.0,-0.16179085,-0.070051216,-0.1158951,-0.061967272
Lin54,0.0,-0.15668589,-0.07795222,0.06161721,-0.14689206
Cops4,0.0,-0.00792351,0.03396543,-0.13757035,-0.13036889
Coq2,0.0,0.35230595,0.24973173,0.23034671,0.15507504
Helq,0.0,0.024201978,0.07362662,-0.07274943,0.039028257
Mrps18c,0.0,-0.00926137,-0.0971401,-0.014379233,0.028548948
Abraxas1,0.0,-0.07909511,-0.009871099,-0.12571613,-0.13363332
4930458D05Rik,0.0,0.005873238,-0.0623428,-0.04219899,-0.017341822
Gpat3,0.0,-0.007579623,0.019035522,-0.10899047,-0.115176655
9430085M18Rik,0.0,-0.01995055,-0.02201343,-0.046821885,-0.07278088
Cds1,0.0,0.016983077,-0.010863923,0.16454862,0.07601842
Wdfy3,0.0,-0.011399448,0.041907236,0.16312732,-0.004863411
Gm20548,0.0,0.07505492,0.11050646,0.023644518,0.0673711
Gm29707,0.0,-0.10739535,0.011738939,-0.08822667,-0.039768483
Arhgap24,0.0,0.17394008,0.26590312,0.30991393,0.041608617
Mapk10,0.0,-0.15585592,0.018753558,0.037965782,-0.124485895
Ptpn13,0.0,-0.08735263,-0.0054983273,0.053324223,-0.026723586
Aff1,0.0,-0.3818791,-0.23091729,-0.37916586,-0.10837564
Klhl8,0.0,-0.07959501,0.09116585,0.035950407,-0.028904088
Hsd17b11,0.0,-0.06976618,0.10682373,-0.03174208,-0.06521293
Nudt9,0.0,-0.14445975,0.021782555,-0.22419119,-0.20334505
Sparcl1,0.0,-0.058591872,-0.015361309,0.050370008,0.1664112
Gm26703,0.0,0.2023875,-0.059347346,0.23653874,0.18198512
Spp1,0.0,0.13625154,0.36714414,0.3877662,-0.045786113
Pkd2,0.0,0.17146957,0.23584718,0.21563955,-0.116812035
BC005561,0.0,-0.080504894,0.048280865,0.088762,0.11373569
D930016D06Rik,0.0,-0.14180383,0.17016557,-0.117641374,-0.31944034
Zfp951,0.0,-0.13168386,-0.25331235,-0.33699238,-0.46646476
Lrrc8b,0.0,0.1819256,-0.09927407,-0.076775976,-0.12729742
Lrrc8c,0.0,-0.19810313,-0.0825766,-0.27160874,-0.27306372
Lrrc8d,0.0,0.08925397,0.16714598,0.33441156,0.11448819
Zfp326,0.0,-0.01709065,0.11404237,-0.18336298,-0.0988507
Gm28050,0.0,0.30381063,0.020121127,0.28694868,0.044729702
Zfp644,0.0,0.023857743,0.098431796,0.03417278,0.06308822
Hfm1,0.0,0.065448225,-0.115496606,0.13653266,0.056949914
Cdc7,0.0,0.2664081,0.034075998,0.12637791,-0.07194019
Tgfbr3,0.0,-0.36425114,-0.13396624,-0.30822134,-0.42258364
Brdt,0.0,-0.23901296,0.10944013,0.17148666,-0.29894185
Gm42902,0.0,0.10424297,0.088497326,0.013795599,0.117552206
Ephx4,0.0,-0.09611804,-0.024866015,0.18922183,0.028057028
Gm17202,0.0,-0.053633854,0.05347835,-0.014507544,0.017743126
Btbd8,0.0,0.41745597,0.23800188,0.22731447,0.041164055
1700028K03Rik,0.0,0.2537754,0.038027085,0.11893731,0.05020842
Glmn,0.0,0.223996,0.21078843,0.4311037,0.16828474
Rpap2,0.0,0.23069322,0.14179403,0.22309145,0.10432233
Gm26692,0.0,0.022623096,0.0022183582,0.1437254,0.036606077
Evi5,0.0,0.056103524,0.051975906,0.035316363,-0.08411418
Rpl5,0.0,0.2310982,0.17752513,-0.31190807,0.0040990487
Dipk1a,0.0,0.3864573,0.39877146,0.32053402,0.3604135
Mtf2,0.0,-0.08549626,-0.2025807,0.016171688,-0.07509264
Tmed5,0.0,-0.28698373,-0.14257595,-0.12850775,0.03387937
Ccdc18,0.0,0.010163948,0.04840958,0.09476596,0.10935962
Dr1,0.0,0.2229583,0.0007561445,-0.055745654,0.07662571
Pigg,0.0,0.19684047,-0.032375835,0.03429818,0.023361236
Gm42517,0.0,-0.025643498,-0.031882986,-0.1620493,0.01592417
Gm10419,0.0,-0.01173177,-0.11951472,-0.004034452,0.012469208
Pde6b,0.0,-0.05391465,-0.0885823,-0.026653579,-0.0667025
Atp5k,0.0,0.47428083,0.048636287,-0.25194347,0.20919517
Pcgf3,0.0,0.044828888,0.17745063,0.016542695,-0.11236998
Cplx1,0.0,0.3292306,0.106920555,-0.13545793,-0.06742075
Gak,0.0,0.045902237,0.16454573,0.08731278,-0.000763759
Tmem175,0.0,-0.23340866,-0.104531765,-0.13140255,-0.13638619
Dgkq,0.0,-0.014824688,0.30331853,0.27620342,0.032880694
Idua,0.0,0.36239046,0.2829794,0.11912855,0.019591868
Slc26a1,0.0,0.024421223,0.2509729,0.16040677,0.16451299
Fgfrl1,0.0,0.23689422,0.1662132,0.18430163,0.047926545
Gm20629,0.0,-0.10259368,-0.045404848,-0.00741831,0.07004987
Crlf2,0.0,-0.24865034,-0.23646642,0.039002858,-0.25613275
5430403G16Rik,0.0,0.22219872,-0.1732733,0.28449643,0.22699697
4930522L14Rik,0.0,-0.11274436,0.15555182,0.19373716,-0.028073609
A430073D23Rik,0.0,0.062720306,0.20225267,0.06989483,0.01236096
Gm26779,0.0,0.077730425,-0.21248995,-0.08544004,-0.1404793
Gm15446,0.0,0.00489828,0.14146337,0.15371704,0.15778898
Zfp932,0.0,0.19855876,-0.028743245,-0.0662382,-0.022966899
Gm17655,0.0,-0.21093246,-0.03848484,0.16185258,0.011121683
Gm35315,0.0,-0.16719487,-0.31484246,-0.057749193,-0.16790909
Plcxd1,0.0,-0.060783707,0.06550737,0.11522308,0.060436316
Gtpbp6,0.0,0.16078536,0.21507752,0.13623238,-0.0038030297
Zfp605,0.0,-0.09846624,-0.04248503,0.20212567,-0.07489375
Chfr,0.0,0.007455796,0.034481365,-0.026819862,0.021771252
Gm15787,0.0,-0.07313741,-0.13646147,0.040768486,-0.10919627
Golga3,0.0,0.1768768,-0.0466765,-0.0060310736,0.057510752
Gm43138,0.0,0.08013797,0.04257433,0.08915973,0.03997794
Ankle2,0.0,-0.019145885,-0.047751233,-0.083373286,-0.0341886
Pgam5,0.0,-0.29306448,-0.4736958,-0.2801057,-0.27221003
Gm15788,0.0,-0.15240851,-0.035077114,0.083125085,-0.19702467
Pxmp2,0.0,-0.16749354,-0.07589583,0.072229385,0.024378013
Pole,0.0,-0.15187533,-0.14340994,-0.1650421,-0.005356334
Fbrsl1,0.0,0.1487776,0.23934986,0.4065284,-0.0032159388
A630023P12Rik,0.0,0.0045854896,-0.05406503,0.05946191,0.04366082
Galnt9,0.0,-0.13614818,0.13213757,0.09610901,0.0012296066
Noc4l,0.0,0.58210564,0.5635433,0.36721945,0.42053849
Ddx51,0.0,-0.076785564,-0.0068004862,-0.06687754,-0.016271835
Gm42595,0.0,0.037109867,0.21614967,0.22399943,0.19088124
Ep400,0.0,-0.14620565,-0.022341723,-0.101066224,-0.039891846
Gm15559,0.0,-0.18417096,-0.04285452,0.05210979,-0.006534463
Pus1,0.0,0.059532523,-0.12363596,-0.055160362,0.11573659
Ulk1,0.0,-0.024099313,0.0796364,0.090844356,-0.2251078
Hscb,0.0,-0.033262376,-0.1394238,-0.062619105,-0.03975851
Chek2,0.0,-0.25334415,-0.10850337,-0.1608358,-0.049669053
Ttc28,0.0,-0.19163233,-0.01568428,0.062020216,-0.024411362
Pitpnb,0.0,0.055396184,0.09479543,-0.13645911,-0.00096456707
Mn1,0.0,-0.12378914,0.18778323,-0.069934286,0.014404455
C130026L21Rik,0.0,0.07454697,0.15555757,-0.0012877956,0.074939445
E130006D01Rik,0.0,-0.014176942,-0.027549505,0.023413476,0.08662392
Miat,0.0,0.17906962,0.14901768,0.20159727,-0.31824166
Gm26953,0.0,0.05384847,-0.016677348,-0.045119137,0.023853578
Crybb1,0.0,-0.044621598,0.017579746,-0.08923663,-0.0521083
Tpst2,0.0,-0.21680509,0.09209838,0.018808853,0.15188967
Tfip11,0.0,0.13881949,0.24325442,0.17955267,0.07152771
Srrd,0.0,0.10081317,0.036315877,-0.15795128,-0.1505916
Hps4,0.0,-0.21848741,-0.13218755,-0.00026266463,-0.16767788
Asphd2,0.0,-0.22401771,0.29371595,-0.026827276,0.1668577
Sez6l,0.0,0.2203795,0.17458077,0.10986334,0.012117103
Myo18b,0.0,0.071226306,-0.033953473,-0.026202139,0.031444293
Grk3,0.0,-0.003606476,-0.057714432,0.1336928,-0.015638955
Crybb3,0.0,-0.038404565,-0.018135598,0.0106315985,-0.030921869
2900026A02Rik,0.0,-0.1722242,0.031609118,0.00046768785,-0.37521765
Sgsm1,0.0,0.031657342,0.027816039,-0.040927876,-0.2511562
Wscd2,0.0,0.09666641,-0.010756116,-0.05821081,-0.015216041
Cmklr1,0.0,-0.07824825,0.039494555,0.026734581,0.06525051
Ficd,0.0,-0.14895916,-0.15053098,-0.22112657,-0.14360678
Sart3,0.0,0.13525292,0.06254817,0.19423226,0.04275515
Iscu,0.0,-0.18438253,-0.17995709,-0.2645801,-0.11793937
Tmem119,0.0,0.1081776,0.0018510418,-0.15936652,-0.031034915
Selplg,0.0,-0.33797586,-0.013319828,-0.27262142,-0.16143063
Coro1c,0.0,-0.006473381,0.002118025,-0.026260084,-0.3022299
Ssh1,0.0,-0.102126926,-0.027554747,-0.060158342,-0.18014091
Svop,0.0,0.028489407,0.11043955,0.024937436,0.04168128
Usp30,0.0,0.34388286,0.22115654,-0.082763076,0.05912663
Alkbh2,0.0,0.060475186,-0.0021082237,-0.21540175,0.06807093
Ung,0.0,-0.14159027,-0.11429687,-0.091277495,-0.053924233
Acacb,0.0,-0.2766471,0.071802415,-0.086052045,-0.28071365
Myo1h,0.0,-0.09856367,0.027167004,-0.12453638,-0.17258911
Kctd10,0.0,0.021692507,0.16514514,0.15946215,-0.0029316768
Ube3b,0.0,0.22173521,0.30381635,0.3525214,0.3576288
Mmab,0.0,-0.010932239,-0.18475795,-0.05589444,-0.08999595
Mvk,0.0,0.19714457,-0.017437145,0.15694663,0.09120639
Fam222a,0.0,0.025658999,0.038232688,-0.1355108,-0.0066314023
Gltp,0.0,0.11634591,-0.016636528,-0.049047865,0.0560284
Tchp,0.0,0.009272408,-0.08125486,0.13275221,-0.060223356
Git2,0.0,-0.1619507,0.133171,0.19318052,-0.018288821
Ankrd13a,0.0,-0.24719864,-0.15667482,0.14005686,-0.071366936
1500011B03Rik,0.0,0.29230168,0.20813401,0.07534972,0.15125689
Oasl2,0.0,0.022130009,0.0009139851,0.038178667,-0.023551792
2210016L21Rik,0.0,0.16549331,0.22138065,-0.11340976,0.05668822
Sppl3,0.0,-0.17643023,-0.031253673,-0.0026941542,-0.075029634
Acads,0.0,-0.06689522,0.1510092,0.23325272,0.011630774
Unc119b,0.0,0.009114817,-0.0740412,0.18428716,0.033825293
Mlec,0.0,0.1334609,0.16926813,0.15835954,0.05288907
Cabp1,0.0,-0.016777322,0.033920705,-0.022689998,0.022720601
Pop5,0.0,0.065626614,0.25628847,-0.051621385,0.010955349
Rnf10,0.0,0.075691156,0.21908168,0.10792465,0.1123599
Coq5,0.0,-0.3153161,-0.10941355,-0.037337866,0.0007801205
Dynll1,0.0,-0.13428453,-0.09582378,-0.36658713,0.12038021
Gm13830,0.0,-0.6556446,-0.059800684,-0.061475933,-0.08482872
Srsf9,0.0,0.36787957,0.13104497,0.3224177,0.2960161
Gatc,0.0,0.22387499,-0.032305315,0.22369963,0.10240063
Triap1,0.0,0.14826667,0.09379877,-0.06590164,0.021780103
Cox6a1,0.0,-0.018667012,-0.050954714,-0.1118381,0.21895008
Gm13832,0.0,-0.36889416,-0.18531954,-0.13952947,-0.23707339
Msi1,0.0,-0.09416609,-0.030697944,0.0799816,-0.12829693
Sirt4,0.0,-0.24807413,-0.03066748,-0.05305961,-0.08898862
Pxn,0.0,0.048164696,0.30807716,0.4598436,0.07721579
Rplp0,0.0,0.06250967,-0.088254824,-0.24995519,-0.18045454
Gcn1,0.0,-0.13217647,0.13308595,0.045993302,0.049474496
1110006O24Rik,0.0,-0.083058804,-0.079405606,-0.11736761,-0.12656981
Rab35,0.0,0.31934395,0.34416246,0.17253166,0.11402519
Bicdl1,0.0,-0.033424277,0.0029915944,-0.15028384,-0.40374956
Cit,0.0,-0.14101417,0.0028072428,-0.13310662,-0.057835557
Gm14508,0.0,0.050863724,-0.22713266,-0.05667028,-0.07676551
Prkab1,0.0,0.10183741,0.27341986,0.13849297,0.038287744
Ccdc60,0.0,-0.22336076,-0.0030049495,0.25807658,0.028883427
Hspb8,0.0,-0.116487734,-0.10793864,-0.17829345,-0.13445927
Srrm4os,0.0,-0.123612404,-0.2169997,-0.08786603,-0.26164514
Srrm4,0.0,0.14616458,-0.05536261,0.008791018,-0.18509749
Suds3,0.0,-0.023596387,0.04822494,0.024028268,-0.020855028
9530046B11Rik,0.0,-0.098834746,-0.085237205,-0.05411038,-0.09524971
Taok3,0.0,0.061218314,0.20710054,0.16403666,-0.056625992
Pebp1,0.0,-0.054200113,0.040337175,-0.3707791,-0.00016846694
BC051077,0.0,-0.04719029,0.017431851,-0.05913873,0.019166134
Vsig10,0.0,-0.16300666,0.17705806,0.1252993,0.020054609
Wsb2,0.0,-0.17669538,-0.03578316,0.009430189,0.07696213
Rfc5,0.0,0.25883296,0.2284961,0.17014772,0.13483995
Gm15728,0.0,0.07599396,-0.056207694,0.030127758,-0.11599426
Ksr2,0.0,0.27992216,-0.12784857,0.050281588,-0.28113633
Nos1,0.0,0.039421503,-0.025246587,-0.18908821,-0.18814225
Fbxo21,0.0,0.2884136,0.15776034,-0.105800435,0.059616618
Tesc,0.0,0.015304946,0.038246416,-0.12303428,-0.13873358
Fbxw8,0.0,-0.036172815,0.15801033,0.05633482,-0.0141225755
Hrk,0.0,-0.085908026,0.056667015,-0.10270611,0.13316421
Rnft2,0.0,-0.15731972,0.0033198707,-0.2090453,-0.15385103
2410131K14Rik,0.0,0.20049489,0.163681,0.37607196,0.16995758
Med13l,0.0,0.0061698183,0.07962917,0.07854534,-0.04775504
Tbx3os1,0.0,-0.07410273,-0.08427596,-0.046658605,-0.021899626
Rbm19,0.0,0.25944993,0.451635,0.06385474,0.30885738
Sdsl,0.0,-0.08669208,-0.18229428,-0.17748813,-0.20903644
Gm15690,0.0,-0.084327534,-0.08013611,0.04472016,-0.19691998
Plbd2,0.0,0.22798903,0.26781574,0.24599132,0.26024365
Slc8b1,0.0,-0.14594257,0.0081469305,0.13015465,0.083422884
Tpcn1,0.0,-0.09951345,0.14188617,0.22232929,-0.077801935
Iqcd,0.0,-0.19722414,0.029497493,-0.18582517,-0.075346425
Rita1,0.0,-0.16328968,-0.14723305,-0.11224056,-0.37508506
Ddx54,0.0,-0.016154893,-0.041327834,-0.18838982,-0.09796846
Rasal1,0.0,0.06352808,0.0035208953,-0.097448245,-0.0403962
Dtx1,0.0,0.11666565,0.39113498,0.40392998,0.18280813
Oas1c,0.0,-0.028896425,-0.042227726,-0.024213746,-0.05941035
Rph3a,0.0,0.41749853,0.2993497,-0.0088261515,-0.24680842
Ptpn11,0.0,-0.05667367,0.086132295,-0.084170446,-0.041525878
Rpl6,0.0,0.11079802,-0.01030077,-0.27130723,0.11299186
Hectd4,0.0,-0.035774425,-0.08864611,-0.079516545,-0.13454983
Trafd1,0.0,-0.044348717,0.17945385,0.15749246,0.18492268
Gm42917,0.0,-0.07549221,0.05730504,-0.22562952,0.11003412
Gm42918,0.0,0.031114042,0.003024118,0.025872339,0.008136988
Naa25,0.0,-0.012135623,-0.068434894,-0.14871141,-0.20100427
Erp29,0.0,-0.013900638,-0.018426701,0.036997184,-0.04705298
Tmem116,0.0,-0.33152628,-0.1842098,-0.08827766,-0.44976208
Adam1a,0.0,-0.046370436,-0.113684446,-0.036636584,-0.18789375
Mapkapk5,0.0,-0.017555835,-0.15395528,-0.07239416,-0.007689899
Aldh2,0.0,0.20091791,0.47254252,0.33313304,0.42338058
Acad12,0.0,-0.19636846,-0.093399644,-0.1402981,-0.1035275
Acad10,0.0,-0.25423244,-0.16636662,-0.147,0.01477563
Brap,0.0,-0.035106532,0.018254386,0.06770399,-0.08175426
Atxn2,0.0,0.0158142,0.16704336,0.10509411,-0.10583045
Gm16552,0.0,-0.13074797,0.008379981,-0.031457737,-0.20402215
Sh2b3,0.0,0.084639244,-0.34599534,-0.10929266,-0.15612906
Pheta1,0.0,0.106687725,0.10933918,0.17267439,0.041338943
Cux2,0.0,-0.1849981,0.13161275,0.09973368,-0.109166145
Ppp1cc,0.0,0.10455745,0.23541713,0.07192434,0.062540635
Hvcn1,0.0,0.012270996,-0.029036067,-0.028679952,-0.10529164
Tctn1,0.0,-0.05369518,0.17274207,0.13699272,-0.04084661
Pptc7,0.0,-0.20056751,-0.13169387,-0.10226129,-0.230765
Rad9b,0.0,0.13870694,0.020903021,0.1592023,0.051245987
Vps29,0.0,0.17574087,0.03956145,-0.03402047,0.07885858
Fam216a,0.0,0.4296555,0.2657628,0.07882908,0.22589985
Gpn3,0.0,0.13597895,-0.09000463,0.13693474,0.16448057
Arpc3,0.0,-0.1620173,0.018908571,-0.4396606,-0.05924894
Gm42829,0.0,-0.02655524,-0.006077285,-0.029502068,0.019015782
Anapc7,0.0,0.16904663,-0.005771622,0.20204322,0.03676427
Atp2a2,0.0,0.005264133,0.18657374,0.13191098,0.044829838
Ift81,0.0,-0.08350117,0.13825607,0.11316099,-0.06555637
P2rx7,0.0,-0.021361701,0.07134506,0.34639364,-0.06860148
P2rx4,0.0,0.16533035,0.05592391,0.42914897,0.13237604
Camkk2,0.0,0.3065121,0.37223172,0.16131209,0.2212427
Anapc5,0.0,0.24236147,0.15390071,0.23213944,0.1845611
Rnf34,0.0,-0.13334413,0.0805344,0.026779212,-0.042608786
Kdm2b,0.0,-0.023136392,0.11390678,0.27205092,0.14580621
A930024E05Rik,0.0,-0.12520975,-0.12478231,-0.33958328,-0.19101843
Orai1,0.0,-0.11970911,0.08142739,0.0061452016,0.2773161
Morn3,0.0,0.053751417,-0.04475146,0.049381033,-0.0047526434
Tmem120b,0.0,0.13489768,0.117096566,0.27830127,-0.2908798
Rhof,0.0,0.08319985,0.17020962,-0.028727919,0.11827797
AI480526,0.0,0.21858238,0.12469765,0.11769007,-0.17767552
4932422M17Rik,0.0,0.25170258,0.02357668,-0.014568865,-0.11252997
Setd1b,0.0,-0.033340104,0.2146242,0.018912092,0.029940777
Psmd9,0.0,-0.12804896,-0.0522625,0.09012369,-0.07021472
Wdr66,0.0,-0.24677399,-0.1314972,-0.122292876,-0.16580713
Gm15860,0.0,-0.15497051,-0.19823924,0.04170512,-0.03345189
Bcl7a,0.0,-0.12575248,0.023768485,0.044457946,-0.15222013
5830487J09Rik,0.0,0.021861862,0.02685032,0.047163032,0.08401181
Mlxip,0.0,-0.04492984,0.1200086,0.068426356,-0.0835508
Gm43813,0.0,-0.18787043,0.29038873,0.2671835,0.12943873
Lrrc43,0.0,-0.062973246,-0.116463736,-0.016513202,-0.03805626
Diablo,0.0,-0.12653153,0.20365256,0.1377204,-0.16528249
B3gnt4,0.0,0.07392688,-0.036966812,0.07212002,-0.018928882
Gm49027,0.0,0.06560768,0.1029724,0.020406824,0.002096437
Vps33a,0.0,0.20942971,0.20025945,0.25775242,-0.1106666
Clip1,0.0,0.10030422,0.090931356,0.07650581,0.01549539
Zcchc8,0.0,0.04872813,0.20924188,0.21061002,-0.053305283
Rsrc2,0.0,0.030745976,0.07560803,0.06539723,0.0800936
Kntc1,0.0,-0.0747007,0.03145066,0.014137466,0.06928244
Denr,0.0,0.28864223,0.10342644,-0.030127764,0.15058371
Ccdc62,0.0,0.03712967,0.16958992,0.24965283,0.08840621
Hip1r,0.0,-0.2127366,0.093263224,0.12062281,-0.06599094
Vps37b,0.0,0.12942934,0.15429321,0.39465505,0.2612471
Gm34086,0.0,-0.06474495,-0.13654596,0.2963737,0.3148567
Abcb9,0.0,0.055999443,0.27310407,0.3371841,0.11254812
Ogfod2,0.0,0.17512506,0.4050191,0.06609461,-4.7698617e-05
Arl6ip4,0.0,-0.20062952,0.105593696,-0.21436214,-0.18837535
Pitpnm2,0.0,-0.33003697,-0.10540868,-0.30523607,0.03815993
Pitpnm2os2,0.0,-0.20253585,-0.12921405,0.064060085,-0.11042657
Mphosph9,0.0,0.26722062,0.22771107,0.3366528,0.15738858
2810006K23Rik,0.0,0.07174401,0.09106983,-0.035917357,-0.003322564
Cdk2ap1,0.0,0.36199,0.46819943,0.6497977,0.20360865
Sbno1,0.0,0.06449814,0.12808058,0.13202162,-0.11365084
Kmt5a,0.0,0.054268923,-0.14731497,-0.089957565,-0.048419207
Rilpl2,0.0,0.023131005,0.22277537,0.10094774,0.062016048
Snrnp35,0.0,0.13851902,-0.23323637,-0.15006648,-0.104989156
Rilpl1,0.0,-0.098159835,0.008764274,0.08771966,-0.09589215
Tmed2,0.0,-0.004641317,-0.10109336,0.04897607,0.22187746
Ddx55,0.0,0.06904016,0.070258,0.18995646,-0.09691255
Eif2b1,0.0,0.20848662,0.109487966,0.36169574,0.33006245
Gtf2h3,0.0,-0.0768629,0.057698846,-0.22000822,-0.19812459
Tctn2,0.0,-0.355751,-0.056089334,0.025877543,-0.28443614
Atp6v0a2,0.0,0.13386798,0.29601625,0.23533775,0.12443031
Dnah10,0.0,-0.060702816,0.024948744,0.025071785,0.070961684
Ccdc92,0.0,-0.07450533,0.16210344,-0.09298833,0.111354485
Zfp664,0.0,-0.09876116,-0.075128734,0.06563747,-0.12500148
Ncor2,0.0,-0.2809643,-0.0674138,-0.050729748,-0.009207628
Scarb1,0.0,-0.22785121,-0.2624421,-0.25330827,-0.4358266
Ubc,0.0,0.12221046,0.2883998,0.07284413,0.33092755
Gm10382,0.0,-0.05382055,-0.1805744,-0.116489395,-0.14516872
Dhx37,0.0,0.028106883,-0.01701849,0.11764855,0.17967248
Bri3bp,0.0,0.04691312,0.014322564,0.07361944,-0.025641114
Aacs,0.0,0.09527245,0.08957622,0.14518222,0.054165818
Tmem132b,0.0,0.23126033,0.19988242,0.277117,-0.21652938
Tmem132c,0.0,0.07197312,-0.057600405,-0.028445337,-0.12392309
Tmem132cos,0.0,-0.1419896,-0.054332983,-0.042973924,-0.06033875
Slc15a4,0.0,-0.09551019,-0.12161193,-0.036205836,-0.18487236
Glt1d1,0.0,0.15415357,0.0025867578,-0.13291155,-0.053582694
Tmem132d,0.0,0.110439494,-0.2444843,0.26129788,-0.12350635
Fzd10os,0.0,-0.18278082,0.14443287,0.16729595,0.021655224
Rimbp2,0.0,0.07808833,-0.13106325,0.20043355,-0.31651244
Stx2,0.0,0.18498395,0.29591137,0.0041694343,-0.08923228
Ran,0.0,0.30280668,0.028329104,-0.20859262,0.14765112
Adgrd1,0.0,0.07273112,-0.06985359,-0.021947868,-0.03261867
Sfswap,0.0,0.061559238,0.10902022,0.19691528,0.0021453202
Mmp17,0.0,-0.14222437,-0.15580666,-0.1825814,-0.15451741
Zfp11,0.0,0.1946315,-0.07219696,0.004645489,-0.071803086
Mrps17,0.0,0.3139791,0.18070777,-0.023664683,0.06953862
Nipsnap2,0.0,-0.17144242,-0.008844565,-0.093078494,-0.001782055
Gm15903,0.0,-0.06254939,0.09468523,-0.06054084,-0.061425112
Psph,0.0,0.14764792,0.13184002,-0.13322484,-0.13599882
Cct6a,0.0,0.36087635,0.11260821,-0.011089474,-0.015681386
Sumf2,0.0,-0.27920735,-0.10343027,-0.024486905,-0.032943737
Phkg1,0.0,-0.118082665,0.0054885447,0.1733149,0.05830032
Chchd2,0.0,0.2006565,0.19488248,-0.26603663,0.14017038
Zbed5,0.0,0.15911476,0.102152556,0.07047647,0.1576128
Nupr1l,0.0,-0.07341658,-0.09370439,0.020682875,0.075118326
Vkorc1l1,0.0,-0.01343134,0.1326237,0.076173276,-0.162669
Gusb,0.0,0.2409068,0.3493703,0.38077497,0.185065
Asl,0.0,0.20715861,0.14098892,0.06548135,0.20046762
Crcp,0.0,-0.06726619,-0.0824783,0.01579595,-0.31687778
Tpst1,0.0,0.04692187,0.23570877,0.18766212,0.061873958
Kctd7,0.0,-0.008159384,-0.023921363,-0.10479275,-0.14149058
Rabgef1,0.0,0.047480077,0.19377396,0.2141804,0.0072880834
Tmem248,0.0,-0.108981736,0.09185888,-0.10612506,-0.13524692
Gm6598,0.0,0.08283743,0.12809971,0.33708423,-0.07752186
Sbds,0.0,0.11462641,0.09525925,-0.12851062,-0.023492508
Tyw1,0.0,-0.1556809,-0.071007624,0.050344024,0.0015112432
Caln1,0.0,0.24800344,-0.018882379,0.43077683,0.09629223
Galnt17,0.0,-0.019703645,-0.17041045,0.18666835,-0.43679643
Gm43166,0.0,0.00065444503,-0.07878951,0.008568756,-0.022329919
Auts2,0.0,0.026293606,0.088633575,0.13819475,0.009518355
2810432F15Rik,0.0,0.04295198,-0.06702592,0.17890926,0.11543755
4930563F08Rik,0.0,-0.07901336,0.2922476,0.12655686,0.12985817
Gm42439,0.0,0.11949363,-0.0151230395,-0.17466095,-0.08834754
Gm15627,0.0,0.038696356,0.1739104,0.33473447,-0.0116301775
Castor2,0.0,-0.40857062,0.06956716,-0.35566822,-0.35847437
Rcc1l,0.0,-0.17848983,0.17358775,0.049677383,0.04737415
Gtf2ird2,0.0,0.053163778,-0.031485733,0.1139506,-0.27655905
Ncf1,0.0,0.08774866,-0.013479784,0.13962445,0.12639526
Gtf2i,0.0,0.089828424,0.19840938,0.08372949,0.052042842
Gtf2ird1,0.0,0.1965334,0.17164914,0.2179053,-0.103929505
Clip2,0.0,0.009928569,0.19363017,0.19119412,-0.09395372
Gm42884,0.0,-0.01801862,-0.040226653,-0.010344984,0.079622775
Rfc2,0.0,-0.021092571,0.1917158,-0.20221826,-0.03088037
Lat2,0.0,-0.15200968,-0.11394518,0.04023972,-0.29585174
Eif4h,0.0,0.28294855,0.22824821,0.18314373,0.19075106
Limk1,0.0,-0.07906584,0.10429993,0.10961569,0.1589657
Eln,0.0,-0.22516207,-0.06153414,0.08440295,-0.11648531
Gm30003,0.0,0.11039722,0.17094928,0.11101558,0.22165781
Mettl27,0.0,0.28863043,0.02139622,0.2473422,0.18382275
Wbscr25,0.0,-0.005189795,0.00021293946,-0.016626561,0.015126463
Abhd11,0.0,0.058543652,0.559005,0.41188553,0.40879443
Stx1a,0.0,-0.0074015856,0.02284991,-0.008017525,0.17925993
Bud23,0.0,-0.05429188,0.12549505,-0.20229149,-0.24976146
Dnajc30,0.0,-0.18659419,-0.12516177,-0.15061279,-0.085755795
Vps37d,0.0,-0.064127825,-0.06795146,0.24165303,0.21272737
Mlxipl,0.0,0.11642524,0.06238822,0.10444638,-0.021222316
Tbl2,0.0,0.17124382,-0.06517392,0.1181508,0.057578154
Bcl7b,0.0,0.23447636,-0.085524626,0.15265848,0.003940679
Baz1b,0.0,-0.081206694,0.07061302,-0.005906556,-0.11788727
Fzd9,0.0,-0.35597205,-0.42581743,-0.106852315,-0.16436331
Nsun5,0.0,0.030030634,0.14230964,-0.030617505,0.04378403
Pom121,0.0,-0.31376433,-0.06858836,-0.103427164,-0.21708104
Hip1,0.0,-0.33495522,-0.20863265,-0.2722097,-0.30179235
Rhbdd2,0.0,0.17252918,0.1069609,0.21332738,0.18785697
Por,0.0,-0.0019528121,0.070842326,0.14780077,0.11967185
Tmem120a,0.0,-0.13550773,-0.052179217,-0.09705318,-0.04856057
Styxl1,0.0,-0.10907604,-0.40990996,0.19234154,0.33450684
Mdh2,0.0,0.011250198,0.15082759,-0.025963172,0.031831086
Srrm3,0.0,0.5641854,0.2956806,0.53237176,0.32130408
Ywhag,0.0,0.34256327,0.27616462,0.065622404,0.22430483
Ssc4d,0.0,-0.10122174,-0.06819418,-0.06745686,-0.19408913
Dtx2,0.0,-0.18388623,0.03631654,-0.10803088,-0.1799883
Rasa4,0.0,0.03653322,0.24855784,0.47739318,0.27513573
Polr2j,0.0,-0.01728264,-0.11260593,-0.18813328,-0.111450434
Lrwd1,0.0,-0.052880332,0.40804112,0.20341435,0.22338125
Alkbh4,0.0,-0.034503393,-0.14781043,-0.108921826,-0.0939906
Orai2,0.0,0.06510332,0.13646133,0.15715848,0.19739047
Prkrip1,0.0,0.18314222,0.059070885,0.2937885,0.10831458
Sh2b2,0.0,0.012935456,0.0012335293,0.12207985,0.0325658
Cux1,0.0,-0.2482873,-0.0048133414,-0.15632011,-0.124387056
Gm16599,0.0,-0.25226215,-0.085609466,-0.008077977,-0.14256944
Col26a1,0.0,0.058638074,-0.22921601,0.06974711,-0.058725353
Ift22,0.0,0.15694769,0.20566718,-0.09116103,0.078973696
4933404O12Rik,0.0,0.019871237,-0.05147965,0.028592395,0.11391224
Fis1,0.0,0.074652806,0.00271626,-0.2053952,-0.071823664
Znhit1,0.0,-0.06599067,-0.028409174,-0.2898678,-0.046780225
Plod3,0.0,0.026238771,-0.054790325,-0.00053395145,-0.08908987
Vgf,0.0,-0.18733951,-0.15222704,-0.07363428,-0.10461639
Ap1s1,0.0,-0.13977087,-0.1208732,-0.33174083,-0.17635342
Serpine1,0.0,-0.069747776,-0.106962726,-0.0713447,0.00050438195
Trim56,0.0,0.15853338,0.26103485,0.12708764,0.09491731
Muc3a,0.0,-0.13163084,-0.09128116,-0.044954296,0.015983392
Gm42456,0.0,0.14186576,0.042228267,0.0056765527,0.04030103
Ache,0.0,-0.08042578,-0.03445684,0.0750075,0.06792091
Ufsp1,0.0,0.099709496,0.0016163811,0.23901436,0.11711908
Srrt,0.0,-0.16776913,-0.066908486,-0.27222872,-0.1319159
Trip6,0.0,-0.07263994,0.1983528,0.18495399,0.059024394
Slc12a9,0.0,-0.07729999,0.07888498,-0.06912644,0.010343023
Ephb4,0.0,-0.23181525,-0.07729952,-0.15758054,-0.33751488
Zan,0.0,-0.014562529,-0.025413003,0.017880436,0.035882458
Epo,0.0,-0.07887022,0.11649793,-0.09290207,-0.20868152
Pop7,0.0,0.020737981,-0.06414068,0.11860837,-0.1056616
9130604C24Rik,0.0,-0.120613046,-0.10581051,-0.018966045,-0.15429881
Gm8066,0.0,-0.1898625,-0.25044355,-0.06548995,-0.2027936
Gigyf1,0.0,-0.045895893,-0.10894172,0.15190998,-0.054030206
Gnb2,0.0,0.41222668,0.2695467,0.20015103,0.09574254
Gm17112,0.0,0.005498069,-0.044979323,-0.04757855,0.0030749247
Actl6b,0.0,-0.029418234,0.003815854,0.03159657,-0.227338
Tfr2,0.0,0.013669267,0.06861099,0.12278864,0.038037285
Mospd3,0.0,-0.028572723,-0.009570647,0.027323488,0.07192687
Fbxo24,0.0,-0.17405456,-0.16507296,0.086893916,-0.13719925
Lrch4,0.0,0.005345706,0.089784846,-0.09971843,-0.0038413666
Sap25,0.0,0.20668845,0.1487805,0.121983685,0.107713155
Agfg2,0.0,0.2546029,0.1174085,0.31926146,0.03171447
Nyap1,0.0,0.2682636,-0.069516554,0.182243,0.13657674
Tsc22d4,0.0,0.049386796,-0.0023267902,0.044531986,-0.18395308
Ppp1r35,0.0,0.2610256,0.14740014,0.30684665,0.12302287
Mepce,0.0,0.12024578,0.046325248,0.028861344,-0.17398906
Zcwpw1,0.0,0.052973498,0.049965926,0.097686596,-0.11428453
Cyp3a13,0.0,-0.06125134,0.02095446,0.049096346,0.112447515
Gjc3,0.0,0.65480983,0.20218045,0.11700465,0.2614599
Zkscan1,0.0,-0.02418043,-0.013420433,-0.11287737,-0.03553361
Zscan21,0.0,-0.110827096,-0.0987991,0.16024025,-0.03148266
Zfp113,0.0,-0.44109768,-0.39708263,-0.17083062,-0.32571855
Cops6,0.0,0.20918824,0.40334255,0.038642526,0.31762424
Mcm7,0.0,0.026098382,-0.08317276,0.28647754,0.012013502
Ap4m1,0.0,-0.16900082,-0.09396108,0.10304276,-0.17095372
Taf6,0.0,-0.12521377,0.008239407,-0.050724052,0.038791995
Cnpy4,0.0,-0.021839865,0.021113921,0.2649635,-0.06363752
Mblac1,0.0,-0.22218865,-0.20944354,-0.12868735,0.0068503246
Lamtor4,0.0,0.26230624,0.4149447,0.13663507,0.061557338
Map11,0.0,0.37496614,0.28309354,0.3637537,-0.0063627064
6330418K02Rik,0.0,0.068941176,0.0014092695,-0.06063226,-0.24521165
Gal3st4,0.0,-0.016444579,0.028740916,0.028607095,0.030250411
Gpc2,0.0,-0.063323036,0.009564355,0.31632298,-0.056006327
Stag3,0.0,0.31309456,-0.070775986,-0.04902808,-0.24148032
Zfp157,0.0,0.079445414,0.072308704,0.33822986,0.058920108
Zfp68,0.0,-0.09782605,-0.11726977,0.0623674,-0.17212117
A430033K04Rik,0.0,0.0011542961,0.21977258,0.16824557,-0.07228648
Fam20c,0.0,-0.06457704,0.08082581,0.37095767,0.06861565
Pdgfa,0.0,0.1425643,-0.04993654,-0.056451567,0.10835363
6330403L08Rik,0.0,0.04819054,0.0073824357,-0.022464741,-0.005105287
Prkar1b,0.0,0.28051263,0.070065685,-0.14576772,-0.026047118
Gm15672,0.0,-0.09055225,-0.03952819,-0.10317861,-0.107275546
Dnaaf5,0.0,-0.3923266,-0.18972306,-0.40445352,-0.28892168
Sun1,0.0,0.1534331,-0.057578765,0.09139049,-0.08004611
Get4,0.0,0.10820563,0.21121919,-0.08094182,-0.09788553
Adap1,0.0,0.04627914,0.105057836,-0.047066133,-0.2010422
Cox19,0.0,0.20894863,0.04980497,0.25418714,0.20968431
3110082I17Rik,0.0,-0.012359433,-0.12588814,0.08775653,0.002074346
Gpr146,0.0,0.1028723,0.030077636,0.25439185,0.1498902
Zfand2a,0.0,0.04280656,0.032539725,0.06716256,-0.03466492
Micall2,0.0,0.30397853,0.24672504,0.52241254,0.1783838
Ints1,0.0,0.07251573,0.20710643,-0.04249309,-0.04013613
Mafk,0.0,0.0041685924,-0.2600196,-0.15594664,-0.25228953
Psmg3,0.0,-0.16025184,-0.08271696,-0.30109307,-0.26346335
Elfn1,0.0,0.03997258,-0.14360102,0.17366089,0.025005521
Mad1l1,0.0,0.07275057,0.21129,0.32856536,0.1561057
Nudt1,0.0,-0.16145855,-0.25937432,-0.10598523,-0.23272799
Mrm2,0.0,-0.14928094,-0.30090776,-0.23224439,-0.037425384
Snx8,0.0,0.28574815,0.28228384,0.29637384,0.2821293
Eif3b,0.0,0.17994043,0.18743156,0.17731531,-0.1443542
Gm4869,0.0,-0.12492592,-0.113794625,-0.06298179,-0.15559317
Chst12,0.0,0.053835437,-0.119834706,0.23636901,0.026944399
Lfng,0.0,0.30911914,0.26672992,0.17824426,0.19209369
Ttyh3,0.0,0.10112309,-0.009555757,0.044287764,0.20588312
Iqce,0.0,-0.21136367,-0.13516393,-0.008252531,-0.4001268
Brat1,0.0,-0.08879222,0.015945964,0.33628047,0.12218284
Amz1,0.0,0.09122731,0.123979606,0.09360778,0.1503188
Gna12,0.0,-0.11069696,0.28058657,0.10520269,-0.008883193
Sdk1,0.0,-0.037903517,0.09979977,0.17716713,-0.12484771
Gm16036,0.0,0.059355255,-0.03400587,-0.07487547,0.010882822
Foxk1,0.0,-0.23543751,0.13249423,0.08910604,0.18446511
Ap5z1,0.0,0.081099726,-0.031213734,0.027183538,-0.28967404
Radil,0.0,-0.25317267,-0.09615508,0.07677574,-0.3962326
Papolb,0.0,-0.11511555,-0.12080284,-0.06607643,0.07963921
Mmd2,0.0,-0.067986906,0.08512084,-0.005799778,0.044422653
Wipi2,0.0,-0.04614132,0.042319495,0.09246401,0.074988
Slc29a4,0.0,0.024324182,0.013010263,0.027254764,0.017659418
Tnrc18,0.0,0.1283843,0.31599057,0.39417917,0.0073163062
Fbxl18,0.0,0.045509003,0.13998525,0.13397427,0.048478097
D430018E03Rik,0.0,-0.031751316,-0.027068902,0.027458478,-0.058548916
Actb,0.0,0.31175175,0.23906226,-0.21595801,0.24264143
Fscn1,0.0,0.39276308,0.2436425,0.017634928,0.22825563
Rnf216,0.0,0.0014201403,0.18213744,0.2545339,0.058017775
Gm43378,0.0,-0.17553608,-0.15260641,0.054367658,-0.09921285
Rbak,0.0,0.2622068,0.04252635,0.16371372,-0.024424955
Zfp12,0.0,0.111841716,-0.046186037,-0.12643066,-0.0026352853
Zfp316,0.0,0.101006106,0.1758787,0.21829696,0.068514965
BC030343,0.0,0.07202789,0.3723236,0.08563572,0.21063201
E130309D02Rik,0.0,0.037982866,0.07325086,0.07688615,-0.06928658
Zdhhc4,0.0,-0.07187828,-0.055968463,-0.08094277,-0.16939363
0610040B10Rik,0.0,-0.021184593,-0.19623725,0.059429526,0.022934567
Grid2ip,0.0,0.09306918,-0.38267627,-0.23218822,-0.3901906
Gm20635,0.0,-0.02304377,-0.0048603937,0.13060726,0.034511827
Kdelr2,0.0,0.09356751,-0.11945736,-0.38556546,-0.11999322
Daglb,0.0,0.11475923,0.21917191,0.16403528,0.088444546
Rac1,0.0,0.13647653,0.19873165,0.060620017,0.037767917
Fam220a-1,0.0,-0.30662394,-0.1074477,0.11577642,-0.18686944
Cyth3,0.0,0.120522425,0.22352925,0.108863026,-0.0068572313
Usp42,0.0,-0.27510005,-0.04772269,0.07499649,-0.14358252
D130017N08Rik,0.0,0.19513738,-0.16768678,-0.0391743,-0.0116709955
Eif2ak1,0.0,-0.21503872,-0.13991898,-0.06593958,-0.19507855
Ankrd61,0.0,-0.17870754,-0.12908119,-0.076838546,-0.1257123
Aimp2,0.0,-0.014033526,0.09298669,-0.015839048,0.022057742
Pms2,0.0,-0.0486108,0.10431797,0.15345082,-0.015267581
Gm17135,0.0,0.0037771128,-0.23728594,0.079698704,-0.011055991
Rsph10b,0.0,0.020388559,0.12122601,0.09729564,0.05354764
Ccz1,0.0,-0.1133249,-0.36057526,-0.2014775,-0.1934315
Lmtk2,0.0,-0.19914424,-0.027826004,0.05735124,-0.13150991
Tecpr1,0.0,-0.114793,0.04664905,0.034390334,-0.083917215
2900089D17Rik,0.0,0.08108935,-0.045551904,0.27728176,0.095324986
Bri3,0.0,0.21137956,0.15690076,0.03972634,-0.005091682
Baiap2l1,0.0,0.056835916,-0.15489922,0.18963885,-0.116460845
Gm15708,0.0,-0.037204757,-0.072975636,0.010088482,-0.10215896
Nptx2,0.0,-0.13957673,-0.27323133,0.10827925,-0.04734551
Tmem130,0.0,0.11874407,-0.10795112,0.08999949,0.009419985
Trrap,0.0,0.29909515,0.07156126,0.24799845,0.025731266
Smurf1,0.0,-0.13402979,0.0573418,0.098467216,-0.020593315
Kpna7,0.0,0.042684413,0.020953342,-0.047414124,-0.039316133
Arpc1a,0.0,-0.11588833,0.056429178,-0.1199975,0.2127738
Arpc1b,0.0,-0.08490455,-0.0962616,-0.014604449,0.05146022
Pdap1,0.0,0.5937866,-0.005349353,-0.1536961,0.06754296
Bud31,0.0,0.055100568,0.122411214,-0.003985323,0.050649293
Ptcd1,0.0,-0.05988823,-0.2719397,-0.27352476,-0.15875873
Cpsf4,0.0,0.21883672,-0.10716608,0.0965663,0.10403338
Atp5j2,0.0,0.04834111,0.034649618,-0.31816286,-0.06217365
Zkscan14,0.0,-0.11635138,-0.20993339,-0.11617482,-0.054584652
Zkscan5,0.0,-0.3360092,-0.25764096,0.005670935,-0.19243163
Zfp655,0.0,0.28424194,0.26590773,0.13178647,0.21495935
Zscan25,0.0,-0.09643491,-0.33988488,-0.025251888,-0.13865344
B230303O12Rik,0.0,0.17101955,0.34005705,0.33269525,0.020760953
Gm43625,0.0,-0.07373202,0.24375467,0.4613095,0.106366724
Rnf6,0.0,0.06847212,0.070321195,-0.009119563,0.105458714
Cdk8,0.0,0.15409175,0.050505586,-0.04843378,-0.024584502
Wasf3,0.0,-0.15099226,-0.06855429,-0.052244432,-0.06498602
Gpr12,0.0,-0.16947077,-0.08265194,-0.14526549,-0.014741525
Usp12,0.0,0.1518163,0.15507028,0.0900643,0.03622494
Rpl21,0.0,-0.08292481,-0.023072701,-0.35608995,0.16365962
Rasl11a,0.0,-0.34752405,0.016460031,-0.14675155,-0.13843602
Gtf3a,0.0,0.13553658,0.067671254,-0.12577677,-0.096476555
Mtif3,0.0,-0.2276966,-0.27436638,-0.42904237,-0.029968105
Lnx2,0.0,-0.33891302,0.039356794,-0.026271505,0.043937963
Polr1d,0.0,0.12200497,0.013687171,0.076914296,0.10825139
Flt3,0.0,0.2058126,0.091293044,0.38358325,-0.017375544
Pan3,0.0,-0.12098734,0.12202741,-0.061360877,-0.1095832
Flt1,0.0,0.17200503,-0.074345864,0.092667975,0.059392855
Pomp,0.0,0.120802835,0.15869609,-0.16546796,0.007658586
Slc46a3,0.0,-0.08711554,-0.013978191,-0.0487048,0.112865165
Mtus2,0.0,0.25472546,0.31587902,0.22702755,0.043576047
Slc7a1,0.0,0.04014132,0.04561209,0.19445336,0.11265651
Ubl3,0.0,-0.10091338,0.16542113,-0.09868682,-0.033742078
Katnal1,0.0,0.14390579,0.087680236,0.04958333,-0.22435763
Gm42791,0.0,-0.091901556,-0.19472857,0.22052146,-0.07301814
1810059H22Rik,0.0,0.03757928,0.11061567,-0.052867778,-0.10838027
5930430L01Rik,0.0,0.028280348,0.20181867,0.17758758,0.115455545
Gm15411,0.0,-0.066619754,0.034268253,-0.083482444,-0.10004641
Hmgb1,0.0,0.22374134,0.06053205,-0.014370605,0.21465942
Uspl1,0.0,0.49193588,0.44048506,0.3987465,0.302478
Alox5ap,0.0,-0.12783901,-0.1186023,-0.14374048,-0.1403766
Medag,0.0,0.20063223,0.112982765,-0.03981554,-0.21731073
Tex26,0.0,-0.077663854,-0.10800938,-0.034620192,-0.019931998
Gm15997,0.0,0.086569175,0.032987352,0.07610983,0.08983893
Wdr95,0.0,0.02104117,0.039117813,0.013630346,-0.01935302
Hsph1,0.0,0.357353,0.1798147,-0.3750127,0.029118128
B3glct,0.0,0.18358003,0.14336854,0.23096016,0.12557578
Rxfp2,0.0,-0.02850769,-0.036797043,0.032005638,-0.008357425
Fry,0.0,-0.105092585,-0.03005008,0.03220807,-0.09044506
Gm42556,0.0,-0.16562021,0.067080915,-0.21745038,-0.19980857
Brca2,0.0,-0.021038666,0.030431814,0.26536104,0.07897684
Gm42531,0.0,-0.06334126,-0.023813114,0.071078934,-0.05961413
N4bp2l1,0.0,0.22873607,0.1283908,0.27414584,-0.0019625276
Gm43598,0.0,-0.050492115,-0.19589119,0.4003399,-0.041656546
Gm43597,0.0,0.05142384,0.09430668,0.34076187,0.16951203
N4bp2l2,0.0,-0.09917843,-0.0148248,-0.047325924,-0.0035731643
Pds5b,0.0,0.024480093,0.04274435,-0.006267756,-0.09731774
Gm36447,0.0,0.029666092,-0.0019563325,0.04810388,0.061319258
Kl,0.0,-0.003888227,-0.22293994,-0.011720005,-0.035146777
Stard13,0.0,-0.095124066,0.20524111,0.16983989,-0.04265952
D730045B01Rik,0.0,0.20119537,0.050854385,0.51360947,0.020967245
1700028E10Rik,0.0,0.37039116,0.40281594,0.45561552,0.28617615
Rfc3,0.0,0.23123607,0.060699787,-0.03226623,-0.12426518
Gm20559,0.0,-0.18614471,-0.100727215,-0.033683717,-0.17277676
Samd9l,0.0,-0.32511172,-0.20917022,-0.3881833,-0.3147686
Hepacam2,0.0,0.040628716,-0.14952286,-0.051869318,-0.018996608
Vps50,0.0,0.21057114,0.1983393,0.14873743,0.31440526
Gng11,0.0,0.39678842,0.181885,0.013805762,0.26170516
Bet1,0.0,0.09059945,-0.20606539,0.10520212,0.061020244
Col1a2,0.0,-0.12187286,-0.14743756,-0.17353013,-0.034580827
Casd1,0.0,0.11014421,0.044538032,0.060658775,-0.12125151
Sgce,0.0,0.047775395,0.035049416,0.2102611,0.006058067
Peg10,0.0,0.09493343,-0.094020404,-0.1462799,-0.04908668
Ppp1r9a,0.0,0.089455664,0.09782344,0.11301255,-0.027518824
Pon3,0.0,-0.0042367056,0.0558591,0.21963583,0.16386206
Pon2,0.0,-0.06008759,0.20158714,-0.08526038,0.073843986
Pdk4,0.0,-0.1570054,-0.27545363,0.02050237,0.03773545
Dync1i1,0.0,0.23330641,0.2449256,0.12361843,0.035517782
Slc25a13,0.0,0.11216041,0.09663584,-0.062327046,-0.07851261
Sem1,0.0,0.16216671,-0.034817383,-0.16508296,0.12639208
Dlx6os1,0.0,0.07638342,0.054271337,-0.05178837,0.07365455
Sdhaf3,0.0,-0.11933228,-0.14739667,0.034773156,-0.056768723
Tac1,0.0,-0.08768385,-0.33630514,-0.45651877,-0.2747619
Asns,0.0,0.017514698,-0.0741311,-0.26086536,0.1090437
C1galt1,0.0,0.16414541,0.2031852,0.22042818,0.14324287
Col28a1,0.0,0.036595024,0.0047155097,-0.02251222,0.024889106
Mios,0.0,-0.024812503,-0.06803401,0.0278107,-0.07808346
Rpa3,0.0,-0.12890016,-0.33400083,-0.21737587,-0.19549376
Umad1,0.0,0.069710754,0.11440511,0.13093437,0.019129537
Gm16055,0.0,0.1187813,-0.10574667,-0.18893273,-0.21636258
Gm16043,0.0,0.053785235,0.23788798,0.24074325,0.16175805
A430035B10Rik,0.0,-0.051726565,0.017969739,-0.11533271,-0.13413325
Glcci1,0.0,-0.03202247,0.027311545,0.08561845,-0.098539405
Ica1,0.0,0.44736922,-0.025745794,0.27488106,-0.029491305
Nxph1,0.0,0.12864274,0.16992027,0.35403198,-0.0992299
Ndufa4,0.0,0.09830874,0.090589285,-0.080119856,0.11869782
Phf14,0.0,-0.04441319,-0.009315345,-0.15278055,-0.049839597
Thsd7a,0.0,0.095576316,0.17621037,0.20291775,-0.08733028
Gm44129,0.0,-0.13832581,-0.18758692,-0.20577084,-0.5219401
Tmem106b,0.0,0.22342825,0.11330887,0.10443181,0.12945494
Tmem168,0.0,-0.09761171,-0.12635313,0.027804429,0.036781263
Bmt2,0.0,-0.16258736,-0.003676504,-0.08499345,-0.07713617
Gpr85,0.0,0.12100809,0.19502084,0.03598997,-0.02596876
2610001J05Rik,0.0,-0.08556771,-0.0940271,-0.3893798,-0.27589306
1110019D14Rik,0.0,-0.12592632,-0.071436524,-0.0203972,-0.04252325
Foxp2,0.0,0.23551682,0.12402827,0.39610142,0.040310383
Mdfic,0.0,-0.25487965,0.041968986,-0.2892881,0.08299634
Gm4876,0.0,-0.29147893,-0.16257414,-0.28674027,-0.22355056
Tes,0.0,0.20860389,-0.09813961,-0.025424859,-0.1814178
Gm15581,0.0,0.0032432377,0.043763362,0.009393217,0.07755104
Cav2,0.0,-0.12688783,-0.18039605,-0.09118511,-0.108440146
Cav1,0.0,0.008622412,-0.19878875,-0.006431667,-0.032255303
Capza2,0.0,0.66049457,0.40386418,0.33337337,0.39807203
St7,0.0,0.007535778,0.025082834,0.11048121,0.03843476
Wnt2,0.0,0.006511165,-0.02673877,0.045609288,0.03906861
Cftr,0.0,0.03399529,-0.11555522,-0.013098401,-0.19585848
Cttnbp2,0.0,0.1406311,0.21074124,0.14899422,0.0011688918
Gm15594,0.0,0.10010796,-0.17331052,-0.09498036,-0.020423766
Gm20186,0.0,-0.19965562,0.06918771,-0.3334915,-0.20523176
Lsm8,0.0,-0.086472705,-0.18838196,0.035107706,0.07291338
Kcnd2,0.0,-0.006137535,0.0358446,-0.010028601,0.10036169
Tspan12,0.0,0.0053357407,0.23305845,0.18589297,-0.16478378
Ing3,0.0,-0.16858226,0.3035844,-0.014907725,0.077795796
Cped1,0.0,-0.24447191,-0.27547297,-0.17973173,-0.091547936
Wnt16,0.0,0.0044090413,-0.054503497,0.009538824,0.0017321771
Fam3c,0.0,0.1195766,0.22920126,0.15011838,0.1954555
Ptprz1,0.0,0.028325953,0.09361948,0.072902545,0.075136006
Aass,0.0,-0.31188148,-0.05162328,-0.2491354,-0.0700949
Cadps2,0.0,0.018165503,-0.29922175,0.029478867,-0.22305857
Slc13a1,0.0,0.016506454,0.027585119,-0.032446153,0.06758833
Iqub,0.0,-0.11560449,0.002284944,-0.15976149,-0.12441325
Ndufa5,0.0,0.16524094,0.13978466,-0.05489534,0.15812184
Asb15,0.0,0.071544245,-0.07641329,0.010037884,-0.031070288
Wasl,0.0,-0.19760813,-0.05382444,-0.20399545,0.015717441
Tmem229a,0.0,0.010005811,-0.21956119,-0.08103777,-0.0863339
Gpr37,0.0,0.1524888,0.11698445,0.21352531,0.22788326
Pot1a,0.0,-0.07420345,0.07217504,-0.14471109,-0.083657876
Grm8,0.0,-0.46308097,-0.3105078,-0.2225339,-0.45567742
6530409C15Rik,0.0,0.09572795,-0.025763292,-0.20524125,-0.15507992
Zfp800,0.0,0.09981472,0.13683835,0.051879533,-0.0029702783
Gcc1,0.0,-0.05735386,0.11952412,-0.001022838,0.13258106
Arf5,0.0,0.094852865,0.048178017,-0.12116117,0.13462329
Snd1,0.0,0.068223104,0.20451298,0.10332508,-0.09340301
Lrrc4,0.0,0.23848246,0.2743281,0.1691723,-0.068769544
Gm3294,0.0,-0.044935822,-0.05538764,-0.09603977,-0.12932931
Rbm28,0.0,-0.05535104,0.1377321,-0.04907626,-0.26652104
Prrt4,0.0,-0.06805505,0.0047221025,-0.03373045,0.05463415
Impdh1,0.0,0.09636154,-0.027907673,-0.049097285,-0.08112514
Hilpda,0.0,-0.049002968,0.0865124,-0.013546385,0.021785244
Fam71f2,0.0,-0.12439394,-0.004922485,0.045905028,-0.06490548
Calu,0.0,0.08418659,-0.0689273,0.08533559,-0.06907986
Ccdc136,0.0,0.2908779,0.24951401,0.04842131,-0.066192016
Atp6v1f,0.0,0.07848252,0.07800102,-0.24689995,-0.053251207
Kcp,0.0,-0.01916011,0.04722546,-0.008205425,0.020203456
Irf5,0.0,0.080292754,-0.009108625,0.013752142,-0.0038267374
Tnpo3,0.0,0.017463014,0.05874988,0.06713934,-0.013163857
Tspan33,0.0,0.10431787,0.3261957,0.27532068,0.1673846
Smo,0.0,0.02469854,0.17887193,0.19203174,0.27640295
Ahcyl2,0.0,-0.049689494,0.100238144,-0.0001398027,-0.034630187
Strip2,0.0,-0.039586104,-0.17004657,0.054484054,0.03945324
Nrf1,0.0,-0.0150750205,0.10967452,0.10200082,0.024533086
Ube2h,0.0,-0.13801482,-0.0701645,-0.019255325,-0.16727018
Zc3hc1,0.0,0.12029004,0.21124983,-0.061976776,0.0071931034
Klhdc10,0.0,0.05215045,0.022569023,-0.10350899,-0.13979805
Tmem209,0.0,0.077001795,0.058724087,0.0852586,-0.054486312
Cpa2,0.0,-0.0632332,-0.014449587,-0.08486289,-0.01814037
Cep41,0.0,0.074819684,0.21550384,0.08964446,-0.047536664
Mest,0.0,0.011268321,0.079441,-0.022537582,-0.061845586
Copg2,0.0,0.16703337,0.20701738,0.13435185,0.011242911
Lncpint,0.0,-0.14481857,0.15326844,0.03942305,-0.024467856
2210408F21Rik,0.0,-0.30217105,-0.07192417,-0.21209602,-0.15610734
Gm14532,0.0,0.34716618,0.2634811,0.17481013,0.040713042
Mkln1os,0.0,-0.14854674,-0.281753,-0.16842878,-0.35647357
Gm13844,0.0,0.12259378,-0.0489258,0.022737093,-0.21412908
Mkln1,0.0,-0.06449979,0.066398874,-0.053219087,-0.006707333
Podxl,0.0,-0.055665232,0.029483309,0.13618048,0.010314357
Gm43154,0.0,-0.12361997,-0.0812016,-0.12920302,-0.19451123
Gm13849,0.0,0.002688475,-0.018280892,-0.038105138,0.014016894
Plxna4,0.0,0.004052639,-0.0053099096,0.08169542,-0.019057997
Plxna4os3,0.0,-0.1454943,0.12036169,-0.1414476,-0.14006218
Chchd3,0.0,-0.13979945,0.00016349554,-0.00852412,0.04242064
Exoc4,0.0,-0.2242631,-0.083063595,-0.16692892,-0.09708657
Lrguk,0.0,0.17602786,0.32757902,-0.017344415,0.17769709
Slc35b4,0.0,0.037938062,-0.0086571,-0.1616627,-0.07571787
Akr1b3,0.0,-0.048249334,0.23037803,0.0055829138,0.17051703
Akr1b10,0.0,-0.17508954,0.16467762,0.14324844,0.11376098
Bpgm,0.0,0.17744453,0.13254201,0.05890882,-0.009297073
Cald1,0.0,0.034994163,-0.045160502,0.24100791,0.0950832
Agbl3,0.0,-0.11156267,0.013943751,-0.08007198,-0.042125575
Tmem140,0.0,0.01090984,0.062814415,0.052791715,0.106699646
Cyren,0.0,0.08821035,0.13752154,0.35901818,0.039922252
Wdr91,0.0,0.440099,0.28765547,0.37698615,0.34183905
Slc23a4,0.0,0.15777956,-0.083834946,0.100894086,-0.0649018
Cnot4,0.0,-0.15578553,-0.011798967,-0.12669082,0.017426848
Nup205,0.0,0.092428714,0.20414199,-0.090571195,-0.12547955
1810058I24Rik,0.0,0.07483765,0.0678525,-0.019901194,0.044837642
Mtpn,0.0,0.2629152,0.1611858,0.18103738,0.1786536
9330158H04Rik,0.0,0.08089388,-0.0017424971,0.36468154,0.04855732
Chrm2,0.0,-0.057212982,-0.21539444,0.2847523,-0.018349815
Ptn,0.0,-0.004469715,0.040723383,0.022049896,0.100618735
Dgki,0.0,0.17973372,0.08771196,0.14167994,-0.08936736
1700111E14Rik,0.0,0.3538091,0.22767206,0.15069617,-0.14713134
Creb3l2,0.0,0.01557342,0.025117792,-0.033400364,0.0474517
Trim24,0.0,0.20580745,0.18139003,0.34933716,0.119846605
Svopl,0.0,-0.07679996,-0.14863993,-0.06169879,-0.015497223
Atp6v0a4,0.0,-0.14979509,-0.15753566,0.034474,-0.24215908
D630045J12Rik,0.0,0.17948145,0.111796536,0.2519741,-0.25139976
Zc3hav1l,0.0,0.030779844,-0.123756155,0.06813219,0.07617265
Zc3hav1,0.0,-0.30742598,-0.019944746,-0.12148444,-0.11842057
Ttc26,0.0,-0.19146809,-0.05565481,-0.00940451,-0.20382552
Ubn2,0.0,-0.13181654,-0.040076997,-0.028203908,-0.094933316
Fmc1,0.0,0.13132879,0.13527504,-0.065269984,-0.0022546127
Luc7l2,0.0,0.10238609,0.14619425,0.1841693,0.115501724
Clec2l,0.0,0.086542904,0.0033996329,0.13877429,0.066429175
Hipk2,0.0,-0.19313283,-0.054765545,-0.20807007,-0.20219538
Tbxas1,0.0,-0.072703294,-0.013888214,-0.09339752,-0.2233758
Parp12,0.0,-0.016156834,-0.1329605,0.30663761,-0.11544213
4930599N23Rik,0.0,-0.2882717,0.029454172,-0.0105884075,-0.35818416
Kdm7a,0.0,-0.0040512234,0.09687411,-0.043030627,0.016842842
Gm49041,0.0,-0.02318236,-0.13412547,0.0036639734,0.059137624
Slc37a3,0.0,0.104117915,0.09003323,0.012774631,-0.0053569973
Mkrn1,0.0,0.15106018,0.22700936,0.14069854,0.09315377
Gm10244,0.0,0.0950446,-0.08298064,0.13143815,-0.02698937
Dennd2a,0.0,-0.17225397,0.06652292,0.04406136,0.12914467
8030453O22Rik,0.0,0.1402371,0.34048188,0.24736597,0.16136892
Adck2,0.0,0.01937285,0.19393276,0.22713079,0.14670031
Gm16272,0.0,0.03163512,-0.06765403,-0.04036793,0.008926401
Ndufb2,0.0,0.02661062,-0.059503704,-0.24407713,0.09112938
Braf,0.0,-0.12343557,0.023803424,0.16185102,-0.054365262
Mrps33,0.0,0.19233724,0.04924833,-0.19094056,-0.024770476
Tmem178b,0.0,0.08972265,0.06407803,0.12803306,-0.037635714
Gm26638,0.0,0.10943156,-0.058283735,-0.19240126,-0.08550081
Agk,0.0,-0.014502734,0.004819423,-0.003352046,-0.0009995401
E330009J07Rik,0.0,-0.0463442,-0.09901559,0.02901745,-0.05836244
Ssbp1,0.0,0.307096,0.13829038,0.07177822,0.07487637
Ephb6,0.0,0.21679124,0.17112748,0.16889906,0.10007923
Trpv6,0.0,-0.013230512,0.0092109665,-0.0053445976,0.02674079
Gstk1,0.0,-0.2170553,-0.2505545,-0.043567702,-0.1518713
Casp2,0.0,0.12522487,0.12938593,-0.05969397,0.14192265
Clcn1,0.0,0.06610423,0.07997925,0.11279585,0.10874789
Fam131b,0.0,0.150058,-0.03666068,-0.046762556,0.082645565
Gm44284,0.0,0.031090086,-0.062046945,-0.044845678,0.04118899
Zyx,0.0,0.22706734,0.06877174,-0.018411964,-0.12675884
Tcaf1,0.0,0.14024304,0.14662853,0.1516581,0.07790845
Tpk1,0.0,0.058775224,-0.032869227,0.035987027,0.0036904737
Cntnap2,0.0,0.33403614,0.21634758,0.59043413,-0.19228557
Cul1,0.0,0.05732027,0.08683663,-0.0378389,0.007299304
Ezh2,0.0,0.2479306,0.07394663,0.1992904,0.11251339
Pdia4,0.0,0.019500218,0.00083259493,0.07120523,0.03849561
Zfp786,0.0,0.2443881,-0.12196314,-0.05502213,-0.0069921874
Zfp398,0.0,-0.17651263,-0.118676275,0.04093266,0.012690334
Zfp282,0.0,-0.13038659,0.0066112466,-0.12503655,-0.13914846
Zfp212,0.0,-0.18196237,0.04115733,-0.12464765,-0.15925977
Zfp956,0.0,0.105057314,0.04791128,0.34882545,-0.06629434
Zfp777,0.0,0.0125389695,-0.083307214,0.12086518,-0.034471527
Zfp746,0.0,-0.15749979,0.01202466,-0.15195607,-0.20194772
Gm16630,0.0,-0.08308141,-0.04101578,0.0016761594,0.025039272
Gm44696,0.0,0.0758314,0.040575873,0.09051893,0.12319255
Krba1,0.0,0.52781296,0.2924347,0.59777105,0.23922788
Zfp467,0.0,0.3244403,0.15870877,0.3622518,0.17537712
Sspo,0.0,-0.06895635,-0.1740094,-0.11344117,-0.0055295527
Atp6v0e2,0.0,0.013617381,0.06388196,0.081253424,0.00406719
Lrrc61,0.0,0.085457414,-0.10897432,-0.031778283,-0.04988773
Rarres2,0.0,-0.077060595,-0.24374832,-0.11048505,0.10165678
Repin1,0.0,0.07071335,0.11716151,0.33229584,-0.050526023
Zfp775,0.0,-0.4995801,-0.27352536,-0.2907443,-0.4806832
AI854703,0.0,0.0290294,0.09882302,0.10078398,0.11497413
Gimap6,0.0,-0.075211614,-0.09920527,-0.091245465,-0.07128158
Tmem176b,0.0,-0.20611747,-0.029736768,0.080742374,0.05481805
Tmem176a,0.0,-0.2110853,-0.049952045,-0.16266543,0.037805185
Gpnmb,0.0,-0.013518849,-0.104864374,-0.00090586394,-0.07676984
Malsu1,0.0,-0.1360609,-0.1775984,-0.16979621,0.08578475
Igf2bp3,0.0,-0.31870237,-0.028062755,-0.16610533,0.009057913
Tra2a,0.0,-0.16161102,-0.03443853,-0.09120013,-0.018680278
Ccdc126,0.0,-0.037298203,-0.096180834,0.07112623,-0.025938755
Fam221a,0.0,0.0053692954,0.054702774,-0.034711823,0.018896041
Stk31,0.0,-0.03733956,-0.114588186,-0.08365394,-0.052232664
Npy,0.0,0.068623155,0.060553126,0.13045543,0.22416684
Mpp6,0.0,-0.13795254,0.022053089,0.03225027,-0.010679532
Gsdme,0.0,0.07535386,0.016902484,-0.16250947,-0.008003958
Osbpl3,0.0,0.27661026,0.07452047,0.35697508,-0.041172355
Cycs,0.0,0.17138799,0.27092382,-0.078250736,0.20747663
5430402O13Rik,0.0,0.02567111,0.09356033,0.2639218,0.11779234
4921507P07Rik,0.0,0.07214621,-0.10159573,-0.055800725,-0.056795377
Nfe2l3,0.0,-0.08691582,0.026792366,-0.044627488,-0.24886152
Hnrnpa2b1,0.0,0.045581385,0.095906824,0.03533504,-0.034296915
Cbx3,0.0,0.11221388,-0.059200447,-0.27074647,-0.035903033
Snx10,0.0,0.2436277,0.30721432,0.34787348,0.13552828
Skap2,0.0,0.13458584,0.15559466,0.090395786,0.11320042
Hibadh,0.0,-0.07481488,-0.053156964,-0.14670189,-0.14039853
Tax1bp1,0.0,0.24172112,0.26174966,0.04976228,0.11004725
Jazf1,0.0,0.23152311,0.15962197,0.10876939,-0.11130865
Creb5,0.0,0.29071802,-0.020292878,-0.005055174,0.22439475
Tril,0.0,-0.07582215,-0.07631505,0.050720923,0.13796544
Gm16499,0.0,-0.1445503,0.05916761,-0.019814277,-0.19895907
Gm16499-1,0.0,0.5801533,0.46073732,0.71182364,0.3958097
Chn2,0.0,0.25475797,-0.13792619,-0.21904254,0.058675013
Gm15527,0.0,0.021918802,-0.043844365,-0.048535876,-0.010351042
9130019P16Rik,0.0,-0.027004931,-0.10394468,0.049667396,-0.053667
Wipf3,0.0,-0.0531187,-0.24994634,0.12692598,-0.28178024
Gm44026,0.0,-0.06676838,-0.15938143,-0.09936935,-0.1600525
Scrn1,0.0,-0.037052684,0.011225898,-0.02681386,-0.15426621
Fkbp14,0.0,0.07405806,-0.2835319,-0.06692266,-0.12154019
Plekha8,0.0,0.06898255,0.009174459,0.012584243,-0.07736838
Mturn,0.0,0.45319605,0.16409124,0.017305493,0.014521435
Znrf2,0.0,0.04157222,-0.020492267,0.0038117804,-0.11911729
Nod1,0.0,0.22334379,0.24489382,0.16374937,0.0011673272
Ggct,0.0,0.25269324,0.021306045,-0.046495236,0.09230693
Gars,0.0,0.19509006,0.28624332,-0.056949154,0.022353202
Crhr2,0.0,-0.011975851,0.036808286,0.02569652,0.022654284
Mindy4,0.0,-0.22193298,0.02737113,-0.13643785,-0.5144444
6430584L05Rik,0.0,-0.010964729,-0.02205094,0.14967215,0.106368996
Adcyap1r1,0.0,0.07183322,0.0908317,0.15408367,-0.052379712
Neurod6,0.0,-0.038754705,-0.028382808,-0.061994698,-0.026355002
Pde1c,0.0,-0.25267756,-0.09921141,-0.24967423,-0.13411042
Lsm5,0.0,0.33084238,0.12500003,0.08977135,0.15605648
Avl9,0.0,0.037839185,-0.15195006,0.09095043,0.106090054
Kbtbd2,0.0,0.047100395,-0.08103869,-0.059759773,-0.060727358
Fkbp9,0.0,0.01255808,0.21919549,-0.121706046,0.036371566
Nt5c3,0.0,0.010847501,0.15621464,0.03167232,0.01681462
Vmn1r4,0.0,-0.08503845,-0.19549273,-0.062165342,0.061928768
Ppm1k,0.0,0.17629407,0.25224853,0.21208194,-0.063885406
Herc6,0.0,-0.06982728,-0.0638954,0.05885846,0.0602989
Lancl2,0.0,-0.07922485,-0.23054755,-0.13106956,0.033689566
Vopp1,0.0,-0.035430558,0.08068344,0.0126787275,0.053258993
Abcg2,0.0,-0.13750869,-0.23752229,-0.10832211,-0.1606692
Herc3,0.0,0.18856996,0.17412104,0.10730988,0.024759844
Nap1l5,0.0,0.2636545,0.004864067,-0.12922734,0.15636906
Fam13a,0.0,-0.10233275,-0.032412954,-0.12716168,-0.07065394
BB365896,0.0,0.23386171,0.13424699,0.034705125,-0.044143833
Tigd2,0.0,-0.075832285,0.052778322,0.20779419,-0.0064213052
Gprin3,0.0,0.35730183,-0.035344318,0.2080761,0.19633763
A530053G22Rik,0.0,-0.023264427,-0.03977525,0.019701444,0.13393469
A730020E08Rik,0.0,-0.0070923567,-0.024958525,0.033087786,0.011720467
Ccser1,0.0,0.15015973,0.1078376,0.24926877,-0.16759156
Grid2,0.0,-0.18327017,-0.19873966,-0.17987174,-0.00031470647
Smarcad1,0.0,-0.15309325,-0.0060892105,-0.093135044,-0.14295702
Hpgds,0.0,0.09894426,0.0051517114,0.16532272,0.096996136
Ndnf,0.0,0.17757945,-0.02752927,0.20707566,-0.0069421083
Gm16838,0.0,-0.10274629,0.054691166,0.1096309,0.013148697
Prdm5,0.0,0.03379011,0.07724879,0.14098859,-0.090904124
Mad2l1,0.0,0.036522005,0.08969354,-0.043738388,0.04603949
Gng12,0.0,0.12340206,0.29075855,0.07886067,-0.0022908896
Gadd45a,0.0,-0.14278662,0.008284029,-0.04937708,-0.10006481
E230016M11Rik,0.0,-0.23237404,-0.12738845,-0.11615464,-0.33494103
A430010J10Rik,0.0,0.01896695,0.07164216,0.16254504,0.18800293
Gm38825,0.0,0.13885216,0.013249874,0.19783078,0.09923624
Serbp1,0.0,0.1557108,0.12644538,0.028471313,-0.005558476
Il12rb2,0.0,0.031149492,-0.074324146,0.035153333,0.049504258
Rpia,0.0,-0.04589557,0.037538532,0.1505007,0.14594397
Eif2ak3,0.0,0.046586692,0.12526034,0.19777414,-0.034261525
Thnsl2,0.0,-0.31302977,-0.13503148,-0.20187414,-0.13696896
Smyd1,0.0,0.26436964,0.08169214,0.16426751,-0.06197624
Krcc1,0.0,0.16565281,0.10869588,0.07330891,0.18051578
Rmnd5a,0.0,-0.041307263,-0.06148371,0.023289103,0.03643726
Rnf103,0.0,-0.1011833,-0.08228372,0.059382223,-0.14358532
Chmp3,0.0,-0.011720538,-0.21207553,-0.12724748,0.03639331
Kdm3a,0.0,-0.33974072,-0.20815532,-0.35283583,-0.2627462
Reep1,0.0,-0.03264664,-0.0020353273,0.07296018,0.0004284233
Mrpl35,0.0,0.0786037,0.1620882,-0.07556433,0.032445364
Immt,0.0,0.06613108,0.15767825,0.023295589,0.008112758
Ptcd3,0.0,0.06842869,0.110198155,-0.042007588,-0.042788677
Polr1a,0.0,-0.32217312,-0.084033,0.0484356,-0.21681842
St3gal5,0.0,0.12402581,-0.009915829,0.20475729,0.06925955
Usp39,0.0,-0.124210656,-0.14865106,-0.2880538,-0.17236802
Gm45051,0.0,0.42982346,0.1339309,0.26428363,0.03693743
0610030E20Rik,0.0,0.060831808,0.026880965,0.03838768,0.030900098
Tmem150a,0.0,0.41806868,0.46971327,0.31268734,0.26751873
Rnf181,0.0,0.261911,0.5642776,0.31646782,-0.008256555
Vamp5,0.0,0.23202264,0.20344527,0.17094974,0.08840941
Vamp8,0.0,-0.030346299,-0.0063678813,0.011025237,-0.068022795
Ggcx,0.0,-0.26330858,-0.21486971,-0.2427581,-0.33517593
Mat2a,0.0,-0.014179505,0.04031677,-0.05839345,-0.012208223
Sh2d6,0.0,-0.02939893,-0.0060108034,-0.03723394,0.002649865
Elmod3,0.0,0.2666398,0.17589515,0.37860462,0.2207194
Retsat,0.0,0.02567884,-0.13155375,0.16089138,0.10592653
Tgoln1,0.0,0.2816275,0.075421885,0.109202564,0.14437315
Gm20536,0.0,0.1710851,-0.076563075,-0.13033979,-0.10436764
Tcf7l1,0.0,-0.15332256,0.27595827,0.16649497,-0.0013834983
Kcmf1,0.0,-0.10971793,-0.006488085,-0.0114367455,0.07461107
Tmsb10,0.0,0.14819354,0.16187285,-0.2926676,0.30289298
Dnah6,0.0,0.127268,-0.0033629239,0.0642886,0.021367863
Suclg1,0.0,0.023669258,0.15258254,0.064112216,0.024378002
Ctnna2,0.0,0.19979912,0.02500698,0.31512338,0.06223756
Lrrtm1,0.0,0.30062526,0.23689201,0.3430413,0.08339067
Gm4409,0.0,0.026723156,-0.061929017,-0.059333615,-0.037567735
Lrrtm4,0.0,0.49779618,0.17847629,0.5307571,-0.09274915
Gcfc2,0.0,0.14370942,0.27655792,0.12099946,0.02475354
Mrpl19,0.0,0.40550333,0.280341,0.09378107,0.38247743
Eva1a,0.0,-0.29266036,-0.21482566,-0.17974368,-0.08172204
Tacr1,0.0,-0.03465305,-0.20393649,0.0014556684,-0.21577561
Pole4,0.0,0.40003878,-0.07651508,0.27779797,0.18135415
Hk2,0.0,-0.20422684,-0.3398174,-0.42674944,0.041366726
Sema4f,0.0,-0.2937802,-0.15520298,0.035338573,-0.0043921582
M1ap,0.0,0.046284474,0.018602148,-0.012531497,-0.006513575
Loxl3,0.0,-0.07472948,0.13037288,0.17345913,0.10633004
Htra2,0.0,0.22009096,0.12987483,0.3572914,-0.36047256
Aup1,0.0,-0.14943953,0.08505485,-0.012227422,-0.30575722
Dqx1,0.0,0.10329527,-0.07449123,0.1320808,0.008778773
Pcgf1,0.0,0.156693,0.22616728,0.2371466,0.054538913
Ccdc142,0.0,-0.1309782,-0.30619782,-0.30019122,-0.45507807
Ccdc142os,0.0,-0.24110822,-0.1502237,-0.04231538,-0.31938732
Mrpl53,0.0,0.0067774057,0.17506987,0.21551165,0.010325417
Mogs,0.0,-0.05707235,0.19202238,-0.0074441433,0.0676565
Wbp1,0.0,0.049076878,0.114535496,-0.031768207,-0.07854928
Ino80b,0.0,-0.022944268,-0.23199412,-0.116362885,-0.17961466
Rtkn,0.0,0.064252704,0.3106379,0.02284038,-0.08648255
Wdr54,0.0,0.057496965,0.40337318,-0.071998656,-0.049557015
1700003E16Rik,0.0,-0.11677441,-0.05595212,-0.03898024,0.05295877
Dctn1,0.0,0.17063914,0.21013075,0.0839943,-0.003136009
Gm15624,0.0,-0.092880055,0.008418905,0.028476683,-0.006059279
Mthfd2,0.0,-0.022675892,-0.032331556,-0.24574031,0.06932702
Mob1a,0.0,0.38835406,0.044808835,0.21528514,0.017950758
Bola3,0.0,-0.06769502,0.04331652,-0.13335826,-0.14919962
Tet3,0.0,-0.021970466,0.27902585,0.27857214,0.08194296
B230319C09Rik,0.0,0.27469003,0.103782594,0.043193117,-0.001328066
Dguok,0.0,0.066672325,0.03558281,0.14109683,-0.19170448
Stambp,0.0,0.29867947,0.1294562,0.017862782,0.20532303
Gm21284,0.0,-0.15384567,-0.11230749,0.012079805,-0.09613588
Vax2,0.0,-0.02907113,-0.14693025,-0.14081427,-0.1008429
1700124L16Rik,0.0,0.0118899625,-0.06735428,-0.036138702,0.03771976
Tex261,0.0,-0.12266086,0.11938943,-0.06417014,-0.022808306
Nagk,0.0,0.036631823,0.14923793,0.17313758,0.18089235
Paip2b,0.0,0.117073424,-0.06338681,0.025924485,0.03293282
Zfp638,0.0,0.05433035,0.09301793,0.08330901,-0.029350743
Gm43920,0.0,-0.002082847,0.03616765,-0.13705678,0.09367588
Dysf,0.0,0.02711226,-0.27291054,-0.14077471,-0.242207
Exoc6b,0.0,0.032067545,0.007929318,0.1315595,-0.0033453405
Spr,0.0,0.16072892,0.03559137,0.19826604,0.17617261
Sfxn5,0.0,-0.068612516,0.10080559,0.13824286,0.03054852
Rab11fip5,0.0,0.27638865,0.1580289,0.15092546,0.16109231
Smyd5,0.0,-0.04178206,0.055367555,0.11402329,0.14516908
Pradc1,0.0,-0.1916265,-0.10430972,0.2454476,0.088135004
Cct7,0.0,-0.011257909,-0.03909742,-0.143742,0.024725301
Fbxo41,0.0,-0.0834289,-0.0851167,0.044694282,-0.11181186
Egr4,0.0,-0.113448665,-0.16620311,-0.1397172,-0.084717385
Alms1,0.0,-0.060601614,0.20336495,0.08512409,-0.06812171
Nat8f3,0.0,-0.027984008,0.09486514,0.25727162,0.26918185
Nat8f6,0.0,-0.09057095,0.10237443,0.16186512,-0.06573161
Nat8f4,0.0,-0.040703073,0.08910795,-0.10320421,-0.27468485
Nat8f1,0.0,-0.10037762,-0.036338694,-0.029572774,-0.044859216
Tprkb,0.0,0.22112465,-0.023216948,0.27436003,0.020645007
Dusp11,0.0,0.054706953,-0.25832924,-0.20255771,-0.30223438
Gm19265,0.0,-0.110985495,0.08560047,0.30549744,-0.04304736
4930553P18Rik,0.0,-0.039148476,0.027646143,0.034726016,0.003208721
Add2,0.0,0.21031508,0.16152573,-0.07117949,-0.008214116
Tgfa,0.0,0.03346324,-0.03679634,0.28534165,0.09513504
Fam136a,0.0,0.33264774,-0.028712466,0.10795138,0.125793
Snrpg,0.0,0.20025899,0.06748518,-0.27085283,-0.036661156
Pcyox1,0.0,0.18050225,-0.053878546,0.2482608,0.1452569
Tia1,0.0,0.20093107,0.29207817,0.23595934,0.13401699
C87436,0.0,-0.048655033,0.086537346,0.23844749,0.16148514
A430078I02Rik,0.0,-0.12777877,-0.13735528,-0.091803454,-0.18878609
2310040G24Rik,0.0,0.12591991,-0.14239804,-0.13640231,-0.07097395
Gm44386,0.0,0.32536134,0.2258107,0.2865473,0.20138341
Pcbp1,0.0,0.3611421,0.30591628,0.30290633,0.21294934
1600020E01Rik,0.0,-0.03555093,0.0109515935,0.067375585,-0.118361786
Mxd1,0.0,0.20514998,0.2579597,0.4030979,0.18050642
Snrnp27,0.0,-0.14376312,-0.3425941,-0.48477754,-0.2996196
Gmcl1,0.0,0.05656606,0.18863225,0.26620877,-0.12473346
Gm44036,0.0,-0.15496953,-0.20884484,0.2549678,0.017056279
Anxa4,0.0,0.009125423,0.0628097,-0.007368639,0.123945154
2610306M01Rik,0.0,0.35882372,0.060557276,0.39327675,0.13964169
Aak1,0.0,-0.051644675,0.08751456,0.06386456,-0.016974911
Gm44091,0.0,-0.014029276,-0.0663139,0.04802338,0.04809467
Nfu1,0.0,-0.17037627,-0.18551585,-0.029765766,-0.06315617
Gfpt1,0.0,0.19496056,0.09074439,0.2409471,0.0425438
Antxr1,0.0,-0.14527524,0.13589688,-0.020433553,-0.037895128
Arhgap25,0.0,-0.06811231,0.016791925,-0.07731635,-0.0840289
Aplf,0.0,-0.15323247,-0.17369556,-0.14584763,-0.11802371
1810020O05Rik,0.0,-0.02116318,-0.0011517811,-0.049263444,0.0038491662
Efcc1,0.0,-0.011696527,-0.04818353,-0.0318387,-0.044681255
Rab43,0.0,-0.13063513,0.12935887,0.290672,0.02744098
Isy1,0.0,-0.21275085,-0.12196384,-0.11200228,-0.17121261
Cnbp,0.0,0.286184,0.3052443,0.027235433,0.17071737
Copg1,0.0,0.116686136,0.19402495,0.15906042,-0.010319844
Hmces,0.0,-0.041510932,0.047037274,0.133457,0.03383136
H1fx,0.0,0.06097115,0.026775617,0.07104199,0.036899526
Gm5577,0.0,0.6013372,0.58638704,0.8148912,0.32374322
Rab7,0.0,-0.064514205,0.07313275,-0.15809652,0.081734926
Rpn1,0.0,-0.062129945,0.058507066,0.105459675,0.07023134
Eefsec,0.0,-0.12472418,0.02492805,-0.025596043,-0.12272556
Ruvbl1,0.0,0.11313356,0.057187952,-0.19597214,-0.21318015
Sec61a1,0.0,-0.10097647,0.2336374,-0.042451628,-0.10091494
Kbtbd12,0.0,0.0029359292,0.015851362,-0.0048241373,0.017816558
Gm26588,0.0,-0.016516253,-0.04731562,0.06436864,0.23232925
Mgll,0.0,0.10374743,0.289393,0.29647374,0.19539315
Abtb1,0.0,0.21373132,0.18219045,0.15317012,-0.095267594
Podxl2,0.0,-0.22941053,-0.27510688,0.023601461,-0.0005312953
Mcm2,0.0,-0.12312066,-0.04678981,0.07731305,0.025993705
Tpra1,0.0,-0.03847286,0.107205585,0.11685763,-0.0965266
4933427D06Rik,0.0,-0.018678881,0.028693274,0.03916749,0.043597948
Plxna1,0.0,0.41693944,0.35385072,0.30519658,0.24330163
Chchd6,0.0,-0.26750445,-0.10819383,-0.1357517,-0.16579518
Txnrd3,0.0,0.29383186,0.25663045,0.3642798,0.22724673
Zxdc,0.0,0.09857666,0.069372766,0.2798026,0.19460401
Cfap100,0.0,-0.12355111,0.07618827,-0.1487488,-0.07834637
Klf15,0.0,-0.108293034,-0.10566308,-0.095314026,-0.14712794
Aldh1l1,0.0,0.10693048,0.14166485,0.26447204,0.016162843
Slc41a3,0.0,-0.08555777,-0.11835672,0.1403541,0.049234957
Iqsec1,0.0,0.0015880466,0.26401561,0.20628108,0.0044558495
Nup210,0.0,-0.064683266,0.073128045,0.18897218,-0.07562823
Hdac11,0.0,0.17796972,0.0044126995,-0.08584179,-0.057976417
Fbln2,0.0,-0.09768359,-0.16825204,0.017612599,-0.034510605
Wnt7a,0.0,0.16357896,0.43931183,0.30187437,0.20999263
1810044D09Rik,0.0,-0.15770282,-0.06657805,0.01816608,-0.10166169
Chchd4,0.0,0.2662805,-0.05545252,-0.051440947,-0.1901956
Tmem43,0.0,0.2976522,0.08082305,0.10742123,0.27639925
Xpc,0.0,0.22308926,0.118576616,0.13069482,-0.062934056
Lsm3,0.0,-0.110419184,-0.0198372,-0.14699739,-0.025631106
Gm45216,0.0,0.05416794,0.06756998,0.008966774,0.007932708
Slc6a6,0.0,0.22862184,0.31962094,0.4848975,0.25257114
Grip2,0.0,0.0915541,0.12493631,0.2521217,0.10004057
Ccdc174,0.0,-0.30918375,-0.05913303,-0.09927171,-0.11578326
4930590J08Rik,0.0,0.1340263,-0.05705996,0.20627062,0.08814138
Fgd5,0.0,0.06559335,0.018483372,0.0026334664,-0.08938904
Nr2c2,0.0,0.16120589,0.17070031,0.17489164,-0.08670035
Mrps25,0.0,0.23741001,0.3431527,0.10673651,0.1470362
Rbsn,0.0,-0.092554726,-0.14774512,-0.16116303,-0.36686176
Prickle2,0.0,0.044796973,0.1961518,0.12862286,-0.029021993
Adamts9,0.0,0.07915474,0.25683492,0.2537515,0.06124778
9530026P05Rik,0.0,-0.22919044,0.12068108,0.15254304,-0.08015176
Magi1,0.0,0.11589247,0.14815193,0.14322457,0.12767848
Slc25a26,0.0,0.10122127,0.21404245,0.020460203,-0.12733167
Lrig1,0.0,0.00064160675,0.024300165,0.03417527,0.0718901
Kbtbd8,0.0,0.19703014,-0.27165085,0.055325754,0.046285786
Suclg2,0.0,0.16425522,0.20775081,0.27140313,0.10553916
Tafa1,0.0,0.07201283,0.22140741,0.014477983,0.14808625
Tafa4,0.0,0.085240304,-0.014762968,0.1711896,-0.09711079
Eogt,0.0,0.020274855,0.07367735,0.13094899,0.04741825
Tmf1,0.0,0.17336641,0.16979416,0.02765496,-0.15417628
Uba3,0.0,0.044287242,0.13580076,0.06917009,0.11122451
Arl6ip5,0.0,-0.28068274,-0.044007145,-0.09274891,0.1237091
Frmd4b,0.0,0.40174627,0.28611982,0.40625736,0.02073145
Mitf,0.0,-0.004927784,0.04994883,0.014287308,0.0012439713
Gm765,0.0,0.06316547,-0.017523866,-0.000825759,-0.003135655
Foxp1,0.0,-0.4294324,-0.15695013,-0.17971942,-0.3019352
Eif4e3,0.0,-0.10801053,0.14460534,0.0034509115,0.024608273
Gpr27,0.0,-0.052135,-0.067447014,-0.036743015,-0.20216738
Rybp,0.0,0.35533345,0.3370921,0.2178435,0.26501325
Shq1,0.0,-0.34675625,-0.18151392,-0.4219675,-0.30452937
Gxylt2,0.0,0.056403097,-0.089970425,-0.16285905,-0.16067724
Ppp4r2,0.0,0.041974194,0.090058416,0.110262275,0.07931191
Gm43948,0.0,-0.029928267,0.0495017,0.0073375385,0.07576513
Pdzrn3,0.0,-0.17948379,-0.12977749,-0.32106575,-0.05504818
Gm26911,0.0,0.0074761435,-0.026599703,-0.015724758,0.0133843925
Cntn3,0.0,0.18167835,0.2671281,0.46413895,-0.21231294
4930587E11Rik,0.0,0.06938822,-0.00884098,0.03860519,-0.0953256
Chl1,0.0,0.12162458,0.018600076,-0.061870158,0.12125692
Cntn6,0.0,0.3591105,0.29829574,0.31620306,-0.010794997
Gm15631,0.0,0.09611955,0.16314216,0.11865297,0.15808351
Cntn4,0.0,0.30105147,0.16159171,0.46877474,-0.13798733
Il5ra,0.0,0.051102422,0.02602484,0.009780776,0.038719635
Trnt1,0.0,0.17982434,-0.01128944,-0.07368445,-0.0022693276
Crbn,0.0,0.21763551,0.25523868,0.23563191,0.09306261
Gm34933,0.0,-0.067189455,-0.15804347,-0.13107944,-0.0842045
Lrrn1,0.0,-0.08581266,-0.052060485,0.18834126,0.22009408
Setmar,0.0,-0.015801627,0.091901466,0.013522498,0.074669264
Sumf1,0.0,-0.16903582,0.031933896,-0.115295604,-0.19391826
Itpr1,0.0,-0.00041677058,0.07411528,0.0002165474,-0.06269704
Gm44040,0.0,-0.083040945,0.043431267,0.071330264,-0.04341118
0610040F04Rik,0.0,0.12317026,-0.07720643,0.20755382,0.072617576
Bhlhe40,0.0,0.090676114,-0.030274808,0.41050422,0.28533074
Arl8b,0.0,-0.045409545,0.040208835,-0.07118819,-0.06897987
Edem1,0.0,0.06263087,-0.11851356,-0.1410549,-0.21487841
Gm20387,0.0,-0.054486383,0.06430991,0.05051184,0.111109585
Grm7,0.0,0.38349962,0.15510817,0.40749884,-0.2218309
Lmcd1,0.0,-0.043712202,-0.3196025,0.073620014,-0.057347752
Oxtr,0.0,-0.040548824,0.026742697,0.0033450685,-0.035832822
Rad18,0.0,0.2579862,0.2241763,0.16165821,0.19623153
Srgap3,0.0,0.022376344,0.24922016,0.09197527,-0.046791553
Thumpd3,0.0,-0.13371214,0.04594255,-0.10069579,0.012030737
Gt(ROSA)26Sor,0.0,0.4102944,0.42160887,0.5319711,-0.053990394
Setd5,0.0,-0.10353085,0.02271026,-0.012180671,0.02572101
Lhfpl4,0.0,-0.18970197,-0.28400937,-0.07625561,-0.14710933
Mtmr14,0.0,0.08895789,0.18461174,0.27564427,0.26595655
Cpne9,0.0,0.1844278,0.039741807,0.22088441,0.015215978
Brpf1,0.0,0.18193161,-0.16502494,-0.1473787,-0.06434807
Gm15492,0.0,0.08814329,-0.14608885,-0.020736296,-0.2427728
Ogg1,0.0,-0.30002722,-0.008193832,0.05888009,-0.19137436
Camk1,0.0,-0.09393579,-0.05640338,0.045309737,0.14156678
Tada3,0.0,-0.0040279254,-0.009156443,0.021414056,0.10234408
Arpc4,0.0,0.124518216,0.1692921,0.025622748,-0.080265954
Ttll3,0.0,-0.2022749,0.16399178,0.3485184,-0.3066305
Rpusd3,0.0,0.090241015,0.30192024,0.09640485,-0.02575536
Jagn1,0.0,-0.23300992,-0.15916885,-0.15557696,-0.13298064
Il17re,0.0,0.002186887,0.020877864,0.0497744,0.0075429957
Il17rc,0.0,-0.29398692,-0.2876843,-0.30986604,-0.3326595
Creld1,0.0,-0.10752617,0.12694414,0.26656514,0.081322476
Prrt3,0.0,-0.09601904,0.026887946,0.24491408,0.06066728
Emc3,0.0,-0.11677485,-0.1509741,-0.23462805,0.0037076697
Fancd2,0.0,-0.19561169,-0.07934171,0.13062459,-0.11283697
Brk1,0.0,0.30678207,0.40013418,0.37003323,0.13495873
Vhl,0.0,0.008369297,-0.15010408,-0.078770384,0.03842244
Irak2,0.0,-0.3772406,-0.3637952,-0.37477398,-0.46602198
Tatdn2,0.0,-0.012092516,-0.076034054,-0.3469386,-0.32549167
Gm26982,0.0,0.09006121,0.14313166,0.08151282,0.0728678
Gm44053,0.0,-0.21487325,-0.06502286,-0.17741407,-0.31775033
Sec13,0.0,0.058793,-0.008322725,-0.08309033,-0.07317279
Atp2b2,0.0,0.051963523,0.040040933,-0.026139393,-0.15275241
Gm44167,0.0,-0.12633915,-0.060630284,-0.06587452,-0.36971778
Gm15083,0.0,-0.07279445,0.07357247,-0.16942063,-0.3525008
Slc6a11,0.0,0.0036033243,0.12043984,0.1824577,0.11717488
Slc6a1,0.0,-0.1805605,-0.15431903,-0.10158244,-0.07419653
Hrh1,0.0,0.19570115,0.27550822,0.1923566,0.18880582
Atg7,0.0,-0.28501913,-0.08941811,-0.080916084,-0.218954
Vgll4,0.0,-0.2775106,0.10427362,0.019404184,0.08273269
Tamm41,0.0,0.47291896,0.20299701,0.26156566,0.19937994
Gm17733,0.0,0.13157845,0.033572327,-0.043500017,-0.04343677
Syn2,0.0,-0.025351763,0.09114346,-0.109346844,0.08961016
Timp4,0.0,0.16044441,0.17643465,0.061970167,-0.103926525
Pparg,0.0,-0.03456194,0.07788797,0.0637296,-0.029772185
Tsen2,0.0,-0.06369878,0.0020478666,-0.107079655,0.07964325
Mkrn2,0.0,0.06614867,0.20815262,0.23183943,-0.006848395
Raf1,0.0,0.07478664,0.14895935,0.08978628,0.111482024
D830050J10Rik,0.0,0.09123899,-0.10542237,0.069338866,0.24781051
Cand2,0.0,0.016162012,-0.017575309,0.064999804,-0.008457683
Rpl32,0.0,0.061265394,-0.029742938,-0.24941339,0.05732314
Efcab12,0.0,0.07994539,0.028769307,0.1354591,0.020239383
Mbd4,0.0,0.11919268,0.12565951,0.1777254,0.03954331
Ift122,0.0,-0.36234665,-0.03286896,-0.093983546,-0.3258337
Plxnd1,0.0,0.19354667,0.122770235,0.17774113,0.18737343
Tmcc1,0.0,-0.21096265,-0.028757472,-0.045475557,0.037679307
Gm20404,0.0,-0.047384515,0.09532767,0.042701736,-0.020360015
9530062K07Rik,0.0,-0.26734382,-0.3002102,-0.022791855,-0.12908413
Washc2,0.0,0.10784336,-0.008842021,0.05583303,0.030621216
Zfand4,0.0,0.15978727,0.10905573,0.22720736,0.05076775
Gm44957,0.0,-0.03720873,-0.053714033,0.014839675,-0.080149725
March8,0.0,-0.14775428,0.0024007298,-0.08467257,-0.13448018
Alox5,0.0,-0.06739394,-0.03812713,0.034968533,0.03565624
Zfp422,0.0,0.12406687,-0.18045513,-0.13976519,-0.023659373
Rassf4,0.0,0.1269593,-0.010042682,0.070178784,0.15898946
Cxcl12,0.0,0.19661084,0.2203221,0.18966211,-0.010027185
Zfp637,0.0,-0.18224727,-0.0069800876,-0.1282954,-0.12859318
Zfp239,0.0,0.49363637,0.3828329,0.41256174,0.28538448
Hnrnpf,0.0,-0.0936421,0.010489968,-0.10723783,-0.025223684
Fxyd4,0.0,0.012749914,0.10022765,-0.04343339,0.14117455
Rasgef1a,0.0,0.25063625,-0.23089215,0.0742,-0.13380261
Csgalnact2,0.0,0.0017446913,-0.0657552,0.062027045,-0.19800715
Bms1,0.0,0.1369983,0.11918453,0.16520502,-0.24961609
Zfp248,0.0,-0.10915291,0.1853475,-0.109668955,0.021551901
Zfp9,0.0,0.027911764,-0.2645209,0.05960256,-0.104091726
Ankrd26,0.0,-0.10839226,-0.028275702,0.03665584,-0.22161637
Cacna1c,0.0,0.37473115,0.013238072,0.3566062,-0.19606338
Dcp1b,0.0,-0.046329554,0.10332699,0.10114528,-0.3147794
Cacna2d4,0.0,0.10496393,-0.03135258,0.007099418,-0.06262141
Lrtm2,0.0,-0.106784135,0.18264446,0.11952625,-0.028359964
Adipor2,0.0,-0.18292554,-0.11746672,-0.07946926,-0.16599046
Wnt5b,0.0,0.2084555,-0.039138123,0.2893569,0.12568077
Fbxl14,0.0,0.012200467,-0.24690756,-0.17069247,-0.3126071
Erc1,0.0,0.061252117,0.22369094,0.1187617,0.10158404
Rad52,0.0,0.12840343,0.2129458,-0.042899422,-0.0050898865
Wnk1,0.0,0.015712783,0.16739206,0.09510763,0.09371192
Ninj2,0.0,0.29372802,0.12299657,0.40086544,0.3026519
B4galnt3,0.0,-0.015942685,-0.046270702,0.012945149,-0.0074318047
Ccdc77,0.0,-0.2193043,-0.074662246,-0.21507694,-0.09122883
Kdm5a,0.0,0.03450662,0.032620616,0.20073232,-0.00768964
Il17ra,0.0,0.063039556,-0.024044061,-0.1132022,-0.23200361
Tmem121b,0.0,-0.118105635,0.011030853,-0.0014056438,0.047011532
Hdhd5,0.0,0.026203044,0.15229318,0.1992082,0.01897426
Cecr2,0.0,0.16572398,0.36845103,0.3405184,0.26687378
Slc25a18,0.0,0.039844535,0.14861102,0.111499816,0.043603867
Atp6v1e1,0.0,0.24951467,0.0675706,-0.055548802,-0.02930297
Bcl2l13,0.0,-0.23775081,-0.075248264,0.040427513,-0.1117375
Bid,0.0,0.23574865,0.032114383,-0.07277678,-0.028350834
Mical3,0.0,0.22764638,0.22728768,0.23401111,0.12322841
Gm43915,0.0,-0.017539978,0.15528145,0.03253286,0.10080368
Gm4651,0.0,0.008549886,0.021803621,0.0021297447,0.035754897
Pex26,0.0,0.03475403,0.14663984,-0.039607845,-0.29230782
Tuba8,0.0,-0.0009631589,0.023767622,0.012967352,-0.02684085
Gm44148,0.0,-0.39345133,-0.2814261,-0.23874074,-0.28361496
Slc6a13,0.0,0.023208685,0.18587297,0.05875197,0.10493042
Iqsec3,0.0,0.16178286,0.061878324,-0.091041215,0.029957276
M6pr,0.0,0.26803604,-0.12847418,-0.09042532,-0.02368252
Phc1,0.0,-0.35150242,0.16567858,0.029047213,-0.14340208
Rimklb,0.0,0.053666517,0.09417719,0.11608514,0.011155844
Apobec1,0.0,0.08516449,0.07257204,0.30983508,0.2947449
Slc2a3,0.0,-0.09871569,0.029513134,-0.037465032,-0.04328895
Gm26826,0.0,-0.021414254,-0.07828452,0.10273526,0.11882299
Foxj2,0.0,0.12519494,0.021670632,0.15061276,-0.05106946
C3ar1,0.0,-0.0016782228,-0.057569012,0.008875161,0.03519596
Necap1,0.0,0.40532365,-0.059224933,-0.101524696,-0.03163506
Pex5,0.0,0.22688188,0.26205048,0.08167055,0.096367
Clstn3,0.0,0.15713868,-0.058216184,0.123467974,-0.054858565
Lpcat3,0.0,0.08307232,0.17850833,0.211231,0.20140506
Emg1,0.0,0.36580917,0.31958193,0.44234768,0.2935396
Phb2,0.0,0.03427799,0.16072926,0.20450726,0.1819131
Ptpn6,0.0,0.028433578,0.05582747,-0.00751221,0.00050524995
Grcc10,0.0,0.024768563,-0.013850428,-0.18843815,0.09990144
Atn1,0.0,-0.15549552,-0.06498149,-0.033733543,-0.1939996
Eno2,0.0,0.16307673,0.12082963,-0.025105312,0.031756304
Lrrc23,0.0,-0.0817243,0.01348041,-0.12442376,-0.10230512
Spsb2,0.0,0.15045966,0.20509359,0.1813145,0.18420094
Tpi1,0.0,-0.076958105,-0.15526964,-0.3948907,-0.04296345
Usp5,0.0,0.3175691,0.18231231,0.18810904,0.15477537
P3h3,0.0,0.27279532,0.12200123,0.26168963,-0.44405958
Gpr162,0.0,0.07077783,0.25205114,0.24273603,0.037269667
Lag3,0.0,-0.13973022,-0.15337643,-0.018136993,-0.15776348
Ptms,0.0,0.17416999,0.14993203,-0.025981396,0.22483464
A230083G16Rik,0.0,0.22921486,-0.20085548,0.2128126,0.04214453
Mlf2,0.0,-0.030166049,0.064057544,-0.15397747,-0.10007462
Cops7a,0.0,0.4654834,0.16877443,0.027265593,0.19713573
Pianp,0.0,0.009058207,-0.029574469,0.2199306,0.27894706
Zfp384,0.0,0.07135525,0.15785292,0.12620734,-0.12935066
4930557K07Rik,0.0,0.20733784,-0.0024606436,0.3900381,0.12334609
Ing4,0.0,0.032765053,0.042397156,0.10159991,-0.25369745
Acrbp,0.0,-0.1044599,0.21253896,0.2401242,-0.35375118
Chd4,0.0,0.14126065,0.1997791,0.20484513,0.026594222
Nop2,0.0,-0.26002398,-0.16932964,-0.17957753,-0.2800868
Iffo1,0.0,-0.22811648,-0.0010383278,0.0683999,0.060945366
Gapdh,0.0,-0.21564987,0.1157281,-0.2547161,0.19087587
Ncapd2,0.0,0.0026936606,-0.020003721,0.011099558,0.010462519
Mrpl51,0.0,0.24695668,0.07013301,-0.08723823,-0.10459141
Vamp1,0.0,0.19239007,0.19447786,-0.13833481,-0.17790562
Tapbpl,0.0,0.20892367,-0.07086218,-0.12518924,0.08451062
Cd27,0.0,-0.233179,-0.3084926,-0.42593145,-0.11587006
Scnn1a,0.0,0.029243827,-0.004070163,-0.0028590187,0.0579943
Tnfrsf1a,0.0,-0.14433041,0.21076016,0.12643021,0.18739325
Cd9,0.0,-0.07790083,-0.0502202,0.04473479,0.09510037
Vwf,0.0,-0.1937475,-0.12890053,-0.01459451,-0.15769318
Ano2,0.0,0.019783802,-0.03397855,0.1354624,-0.011767922
Ntf3,0.0,0.0053530955,-0.09383996,-0.075879805,0.04984679
Kcna1,0.0,0.3352616,0.2888046,0.37825572,-0.029996336
Kcna6,0.0,0.3456177,0.42880112,0.2945896,0.20274772
Gm26673,0.0,-0.12476256,0.23182455,0.037610736,0.023300588
Ndufa9,0.0,-0.2479636,0.0529577,-0.065495215,0.09338789
Rad51ap1,0.0,-0.07651304,-0.063266024,0.0012170104,0.035925277
D6Wsu163e,0.0,-0.08498007,0.06871567,0.089686364,-0.113909125
Fgf23,0.0,-0.020780187,-0.010010805,0.11160662,0.04610937
Tigar,0.0,0.23501159,0.120309204,0.098298915,0.19596843
Platr31,0.0,-0.07516883,-0.0028659254,-0.04392382,-0.0997991
Ccnd2,0.0,0.06401001,0.020185374,0.06325941,0.15078369
9330179D12Rik,0.0,0.14983198,0.13743824,0.21257184,0.14475605
Parp11,0.0,0.082140654,0.38235793,0.35711968,-0.04144168
Cracr2a,0.0,0.016986372,-0.23234187,0.101209864,-0.08103379
Prmt8,0.0,0.05646353,0.012860097,0.14803438,0.028210796
Tspan11,0.0,-0.0022221282,0.099691935,0.06821996,-0.01872478
Tspan9,0.0,-0.23056886,0.028191505,0.14053854,-0.13846388
9330102E08Rik,0.0,0.45203346,0.13673878,0.23799267,0.32492036
Gm10010,0.0,0.21527427,0.16146262,0.031751387,0.16162223
Tulp3,0.0,-0.055348165,0.0863639,-0.024203576,-0.12185926
Gm44190,0.0,-0.35900125,-0.23349407,-0.26634514,-0.24214648
Rhno1,0.0,0.072459705,0.19044629,0.10774532,0.15394118
Foxm1,0.0,-0.027002435,0.022498358,0.04454782,0.046514027
Tex52,0.0,-0.012487387,-0.016613107,-0.056587566,0.0430996
Gm15862,0.0,-0.056627497,0.0053255996,-0.006314954,-0.011382764
Nrip2,0.0,0.19016878,0.02318279,0.07661889,-0.09266282
Itfg2,0.0,-0.031453416,-0.103486925,-0.23690295,-0.11284971
Fkbp4,0.0,-0.05396223,0.17698169,-0.09239206,-0.017171971
Gm10069,0.0,0.10146881,0.09614301,0.1226738,0.043904934
Pzp,0.0,-0.0071098437,-0.111842014,0.029051904,-0.06805001
A2ml1,0.0,0.20887657,-0.071596436,-0.1369477,0.05262509
BC035044,0.0,-0.024099953,-0.037925445,-0.035135254,-0.03795659
Clec2d,0.0,0.06810284,-0.29848057,-0.19509372,-0.25490546
1700101I11Rik,0.0,-0.00087110326,0.003790996,0.019317666,-0.030503651
Gabarapl1,0.0,0.62383074,0.21620679,0.019027025,0.17138357
Klra2,0.0,0.06022088,-0.018421948,-0.002172716,0.05181598
Magohb,0.0,-0.1776528,-0.09274587,-0.21486798,-0.123654366
Styk1,0.0,0.06442045,0.050227176,-0.01745388,0.1601495
Ybx3,0.0,0.081768215,0.14355752,0.067881286,0.071022175
Smim10l1,0.0,-0.080668196,-0.31006718,-0.2518397,-0.16116188
Etv6,0.0,-0.20299089,0.11159761,-0.04595086,-0.11159618
Lrp6,0.0,-0.10601997,-0.057426393,0.04162846,-0.108378015
Mansc1,0.0,-0.11942682,0.1636156,0.3566199,0.120138586
Borcs5,0.0,-0.32567495,-0.09894337,-0.28542233,-0.3571477
Dusp16,0.0,-0.029050142,0.120307796,0.34429795,0.22009054
Crebl2,0.0,-0.14422464,0.100026295,0.028323293,-0.13619938
Gpr19,0.0,-0.12831232,-0.0239161,0.13430882,-0.077089064
2810454H06Rik,0.0,0.18549302,-0.16974054,0.05773754,0.0050835684
Cdkn1b,0.0,-0.06552419,0.031140681,-0.2900727,-0.1143648
Lockd,0.0,-0.015897281,-0.12875015,-0.06558956,-0.010634395
Apold1,0.0,-0.11942163,0.015310392,-0.043020703,0.06333241
Ddx47,0.0,0.2078837,0.129132,0.09974096,-0.042194918
Hebp1,0.0,0.04642029,0.2688198,0.0772533,-0.01229392
Fam234b,0.0,0.04545901,0.042628385,0.109148435,0.021377176
Gsg1,0.0,-0.08300507,-0.018189289,0.051348623,-0.042463165
Gm36640,0.0,0.06447567,-0.014689334,0.12143573,0.054829687
Grin2b,0.0,0.10864208,0.031558074,0.05577312,-0.162976
Gm14329,0.0,-0.010720978,-0.08906111,0.030246938,-0.039435305
Gm14330,0.0,-0.29667306,-0.34662098,-0.3046788,-0.4071138
Gm26653,0.0,-0.10634546,0.020238828,0.017098524,-0.049118705
Atf7ip,0.0,0.014314756,0.22545914,0.0778446,0.08249131
Gucy2c,0.0,0.06184039,-0.081075385,-0.03176503,-0.043298583
Hist4h4,0.0,0.04798428,0.090906076,-0.002199158,0.08496253
H2afj,0.0,0.043340407,0.21962067,0.23263562,-0.09878622
Wbp11,0.0,0.35269016,0.24313928,0.11678065,0.17107728
BC049715,0.0,-0.07669403,-0.15033458,-0.19557992,-0.19579194
Smco3,0.0,0.08370396,-0.07792926,-0.0075557074,-0.09607067
Mgp,0.0,0.0176455,-0.09801195,0.26105586,0.008624025
Arhgdib,0.0,-0.15457295,-0.090008415,-0.06798818,0.052943062
Pde6h,0.0,0.028512456,-0.016034465,0.0041744485,0.15940152
Rerg,0.0,-0.030986473,0.0891633,-0.07302469,0.121755764
Ptpro,0.0,0.1586873,0.014960455,-0.022496939,-0.20923042
Eps8,0.0,0.098657735,0.17243475,0.11430606,0.024469048
Strap,0.0,0.29419422,0.13393004,-0.09852539,0.17850828
Dera,0.0,0.017117865,0.32682052,0.0018142536,-0.05962515
Mgst1,0.0,-0.36517292,-0.31485856,-0.22861123,-0.37490737
Lmo3,0.0,0.08058498,0.19397938,-0.01795452,-0.006693423
A830011K09Rik,0.0,-0.030391175,-0.096249536,-0.063616045,-0.045006946
Pik3c2g,0.0,-0.004254367,-0.023201957,-0.103684194,0.052901246
Plcz1,0.0,0.022683173,0.002851747,0.00047427788,0.025795015
Plekha5,0.0,0.25797117,0.27224693,0.29518887,0.019626305
Aebp2,0.0,0.05580762,0.056343943,0.08625708,-0.018567301
Gm30524,0.0,0.011411779,-0.16474943,-0.20278564,-0.21338215
Pde3a,0.0,0.26503575,0.19130845,0.045420155,0.07514092
Slco1c1,0.0,0.17903179,0.06351851,0.22740276,0.16795035
Slco1a4,0.0,0.13313237,7.548183e-05,0.2955487,0.07192063
Pyroxd1,0.0,0.1941782,0.29247898,0.018256947,0.0014447421
Recql,0.0,0.09575336,0.13731599,-0.056533635,-0.0706718
Golt1b,0.0,0.19847384,0.24050672,0.30997744,0.14594033
Spx,0.0,0.015951011,-0.20636949,0.02416702,-0.14324312
Ldhb,0.0,-0.1530385,0.15562466,-0.11752058,-0.0073862895
Abcc9,0.0,0.1841987,0.03670807,0.10278503,0.08395892
Cmas,0.0,0.17800494,0.06513006,-0.071379334,0.026145585
St8sia1,0.0,0.53780854,0.42637601,0.57994497,0.1812859
C2cd5,0.0,-0.020927638,0.015504971,0.042723738,-0.012137637
Etnk1,0.0,0.21908237,-0.011531949,0.11508772,0.07256881
1700126G02Rik,0.0,0.07853538,0.07545519,0.12021011,-0.15378298
D6Ertd474e,0.0,-0.005813256,-0.00010326877,0.061811563,0.04234088
Sox5,0.0,-0.022675663,0.09285174,0.084509246,0.014471024
Sox5os2,0.0,-0.22422592,-0.072608836,-0.096957445,-0.045264527
Sox5os4,0.0,-0.3030743,-0.12441176,-0.47913,-0.4689213
Bcat1,0.0,0.081135474,0.10728198,-0.1027799,0.029211402
Gm15687,0.0,0.038318902,-0.020393213,0.024288213,0.017848056
Lrmp,0.0,-0.008272091,-0.0047809742,-0.01565972,0.011029758
Casc1,0.0,0.0032548886,-0.036185876,-0.027240576,0.05322495
Etfrf1,0.0,0.2940252,-0.009696275,0.17588514,-0.040135875
Kras,0.0,0.36312163,0.08422344,0.083496414,0.06932606
Gm15706,0.0,0.051154543,-0.022671133,0.15806401,0.095091715
2010013B24Rik,0.0,-0.055388205,-0.062376447,-0.052858487,-0.05553261
Lmntd1,0.0,0.030391464,0.036221102,0.026568413,0.018124808
Gm15704,0.0,0.039745253,0.09389273,0.07903013,0.067878455
Rassf8,0.0,0.09054266,0.00801491,0.0901947,0.054435655
Bhlhe41,0.0,0.12405485,-0.034962166,-0.11671384,-0.071630284
Sspn,0.0,-0.014129035,-0.010069452,0.16480021,-0.109273225
Itpr2,0.0,-0.08056937,0.034364093,-0.004320368,-0.102558285
Ints13,0.0,0.46012628,0.028811425,-0.10589305,-0.24180412
Fgfr1op2,0.0,0.14470263,0.08354149,0.0742766,-0.013766512
Tm7sf3,0.0,0.065905854,0.041491784,0.20025529,0.12346725
Med21,0.0,-0.16444856,-0.21556482,-0.14654006,-0.13923933
4930479D17Rik,0.0,-0.1719689,-0.07427944,0.26054424,0.036597814
Stk38l,0.0,-0.12194599,-0.0476294,-0.21357928,-0.122280374
Arntl2,0.0,-0.17048194,-0.13466604,-0.124318525,-0.35208032
Ppfibp1,0.0,0.20486748,-0.07532474,0.032800637,-0.025120124
Rep15,0.0,-0.0073600486,-0.20377254,-0.10833001,-0.2258233
Mrps35,0.0,0.068195276,-0.13845204,-0.013350466,-0.04706143
Mansc4,0.0,-0.047155842,0.07222876,-0.055548083,-0.05996438
Klhl42,0.0,-0.022985645,-0.18027672,-0.2412159,-0.29024696
Pthlh,0.0,0.05185641,-0.14087352,-0.027705375,-0.00077655085
Gm6288,0.0,-0.033641875,0.030020282,0.09240671,0.043793622
Ccdc91,0.0,0.1608108,0.11506804,0.09459481,-0.009553239
Far2os2,0.0,-0.012406435,0.045206696,0.09802209,0.062775895
Far2,0.0,0.24483612,0.029612355,0.052707773,-0.115466915
Far2os1,0.0,-0.051811486,-0.044315852,-0.061532456,-0.044602346
Ergic2,0.0,0.05204843,0.008549683,0.03971926,0.04514589
Tmtc1,0.0,-0.009610534,0.097898826,-0.0018557161,-0.10984806
Gm44020,0.0,0.07007387,0.018612051,0.045165904,-0.03894197
Ipo8,0.0,0.12723781,0.004482046,0.2328676,-0.23418744
Caprin2,0.0,0.30942044,0.46148717,0.570083,0.4302368
Sinhcaf,0.0,-0.11587875,-0.041298375,-0.06900065,-0.32386726
Dennd5b,0.0,0.20289645,0.20620374,0.31646323,0.12366739
Etfbkmt,0.0,-0.4021095,-0.21090458,-0.26816794,-0.3675853
Amn1,0.0,0.10379882,0.05772297,0.2599762,0.2601865
Resf1,0.0,-0.07392658,0.015536653,0.017452544,-0.010791741
Bicd1,0.0,-0.20326737,-0.029422391,-0.19973701,-0.11682643
Gm21814,0.0,0.11929633,0.21718618,0.110828705,0.043934688
Myadm,0.0,0.17444104,-0.21922612,0.15921924,-0.09483972
Prkcg,0.0,0.33545268,-0.08080377,-0.23831591,-0.05155608
Cacng7,0.0,-0.015139073,0.046205133,0.048069496,0.017412826
Gm44257,0.0,-0.10392049,-0.062176652,-0.026614137,0.061533477
Cacng8,0.0,-0.12596217,0.039744135,0.00883865,-0.04477956
Gm44151,0.0,-0.195696,-0.10684566,-0.3463798,-0.19125141
Oscar,0.0,0.14132258,0.049973264,0.04242609,0.08040154
Ndufa3,0.0,0.30141598,0.07698776,0.078432575,0.17921183
Tfpt,0.0,0.04474029,-0.00730896,0.17492361,-0.021572702
Prpf31,0.0,0.07870227,0.20881745,-0.013560012,0.15573943
Gm15927,0.0,0.031017035,-0.047972836,-0.044544358,-0.04026389
Cnot3,0.0,-0.45694923,-0.4168821,-0.33421242,-0.1747038
Leng1,0.0,0.038172908,0.018377528,0.09901045,0.04896178
Tmc4,0.0,-0.09049351,-0.14242014,-0.24678937,-0.16680858
Mboat7,0.0,0.25880563,0.18039604,0.44574535,0.35511324
Tsen34,0.0,0.12853739,0.026740618,0.11448422,0.027562797
Rps9,0.0,0.070063315,0.0752356,-0.44965494,-0.00038358197
Lair1,0.0,-0.07542124,0.111421496,-0.068390355,-0.26256064
9430041J12Rik,0.0,-0.19098346,0.0002780445,-0.10584693,-0.006825082
Ttyh1,0.0,-0.028936937,-0.0311848,-0.13120033,-0.23670658
Leng8,0.0,0.72294694,0.7312377,0.97762656,-0.022815168
Leng9,0.0,0.69789475,-0.07926111,-0.39097798,-0.20305294
Rdh13,0.0,0.005486075,0.05678814,-0.05031956,-0.11047918
Gm15494,0.0,0.16775137,0.042074934,0.07945825,0.095212564
Eps8l1,0.0,-0.03716831,-0.6435923,-0.15894268,-0.7010163
Ppp1r12c,0.0,0.33454633,0.34876165,0.23349445,0.15719031
Dnaaf3,0.0,-0.01880539,0.054638043,-0.036408644,-0.035455946
Syt5,0.0,0.033948008,0.06758505,0.09849493,-0.04554487
Ptprh,0.0,-0.012842752,0.009892545,-0.0018442362,0.010452147
Tmem86b,0.0,-0.110710755,-0.0129153365,0.13421313,-0.2550024
Ppp6r1,0.0,0.001580622,-0.15950766,-0.061469093,-0.13834979
Hspbp1,0.0,-0.29679507,-0.00040917657,0.0030458048,-0.06192808
Brsk1,0.0,0.07226063,0.21567452,0.39529532,0.097030714
Tmem150b,0.0,0.020077923,0.08735119,0.025668152,-0.107857294
Kmt5c,0.0,0.2148135,0.08057071,0.33377314,0.027881548
Cox6b2,0.0,0.35001627,0.016333163,0.40842715,0.20956524
Tmem238,0.0,0.14279033,0.2043141,-0.047648787,-0.03078863
Rpl28,0.0,0.054787066,-0.012834318,-0.3051206,0.26422322
Ube2s,0.0,-0.06683348,0.059331223,0.032320227,0.04962928
Shisa7,0.0,0.21130022,-0.01017642,0.30229855,0.2797804
Isoc2b,0.0,-0.046139024,-0.18705577,-0.15935116,-0.14843136
Isoc2a,0.0,-0.13669266,0.043577537,0.08383105,-0.1196919
Gm36210,0.0,-0.037780505,-0.043573104,0.025175197,0.020066882
Zfp628,0.0,-0.29978022,-0.015496291,-0.22652401,-0.19424918
Nat14,0.0,-0.27391025,-0.076692626,0.07341584,-0.027354944
Ssc5d,0.0,0.106714845,0.11238387,0.17754512,0.08506966
Sbk3,0.0,-0.061853804,-0.060480952,0.029456709,0.07403106
Zfp579,0.0,-0.025616556,0.46591085,0.4368164,0.27902558
Fiz1,0.0,-0.13268605,0.015724817,0.019018661,0.014742117
Zfp524,0.0,-0.09797525,0.12849438,-0.095020644,-0.21090347
Zfp865,0.0,-0.13910103,0.05447024,0.006538436,-0.29015833
Ccdc106,0.0,-0.21927713,-0.104164355,-0.11240418,-0.35120726
Zfp784,0.0,0.055989765,0.09694216,0.23769462,-0.13473046
Gm15510,0.0,0.18220606,0.0690459,0.18231854,-0.044887997
Zfp580,0.0,0.0032844841,0.052939102,0.1427467,0.20189673
U2af2,0.0,0.27637383,0.25336695,0.09963739,0.045762613
Epn1,0.0,0.06649372,-0.089963704,0.03610132,-0.23109977
Zfp787,0.0,0.14100862,0.2350287,0.1201721,0.15952496
Gm36371,0.0,0.12185059,0.40643358,0.21672057,0.14068031
Zfp444,0.0,0.09859061,0.12919748,0.11400396,-0.04998546
Gm45069,0.0,-0.012220794,-0.113692336,0.023343343,0.011665244
Zfp667,0.0,-0.1668119,-0.31159797,0.036851436,0.010502033
Zfp583,0.0,-0.21749125,-0.41255257,0.05038788,-0.18875378
Gm38944,0.0,0.043052144,-0.0067972187,0.02394137,-0.008091781
Gm3854,0.0,-0.05978232,-0.22835568,-0.060167804,-0.16361871
Zfp78,0.0,-0.18599279,-0.43969724,-0.20215064,-0.27426004
Zfp28,0.0,-0.020876637,-0.09555283,0.034294356,-0.31884497
Smim17,0.0,-0.05395581,0.10520448,-0.08916654,-0.093931094
Zim1,0.0,0.12401605,0.013289046,-0.27128896,-0.30029348
Peg3,0.0,0.47470543,0.27335775,0.2665083,0.1288857
Usp29,0.0,0.2314395,0.10310882,-0.023277558,-0.382181
Zim3,0.0,-0.007549653,-0.07777851,-0.0603467,-0.07777956
Zfp954,0.0,0.09775628,0.10369356,0.08058778,-0.032048427
Zfp773,0.0,0.1330572,0.011575911,0.0409577,0.040559016
Zfp418,0.0,-0.15143973,-0.08445794,0.016251199,-0.1477001
Zfp772,0.0,0.3724156,0.33083934,0.42498744,0.2047918
Vmn2r29,0.0,0.05786395,-0.16101073,-0.14588955,-0.11650992
Clcn4,0.0,0.34800765,0.27224302,0.43596494,0.0038234293
Zik1,0.0,0.11529964,-0.20215064,0.041958813,-0.13783118
Zfp551,0.0,-0.11576886,-0.006797321,-0.18369281,-0.21357583
Zfp606,0.0,0.08311489,-0.04821296,0.2401559,-0.07130876
2900092C05Rik,0.0,0.088180915,0.022963196,0.16087604,0.16986036
Vmn2r54,0.0,-0.017891178,0.003192551,-0.006718233,0.00014936272
Vmn2r55,0.0,-0.012625692,-0.058501855,-0.05058374,-0.010510875
Vmn2r56,0.0,0.0115089435,-0.03690295,-0.012094877,0.0041860742
Zscan18,0.0,0.15705165,0.10228953,0.0322235,0.022045381
Zfp329,0.0,0.065592185,-0.053468913,0.05764313,0.20488475
Zfp110,0.0,-0.05338438,0.08091964,0.18459578,-0.17457628
Gm31152,0.0,-0.11382976,0.119950235,0.08646359,-0.024058882
Zfp128,0.0,-0.08850986,0.14540249,0.1360923,0.05764571
Zscan22,0.0,-0.19800992,-0.06033713,-0.34191206,-0.20511411
Rps5,0.0,0.10965488,-0.08217261,-0.27651048,-0.045503
Rnf225,0.0,0.07914671,0.037971634,0.030393228,0.050165523
1810019N24Rik,0.0,-0.072858654,-0.008204033,-0.067736186,-0.036582496
Zfp324,0.0,0.10529079,0.24845466,0.43827194,0.10683579
Zfp446,0.0,0.21804573,0.19441915,0.30578542,0.37059063
Trim28,0.0,0.32646182,0.3718894,0.2037484,0.26188782
Zbtb45,0.0,-0.002447039,-0.23019871,-0.1378822,-0.13168274
Chmp2a,0.0,-0.020872705,0.0050827973,-0.34073815,-0.13265489
Ube2m,0.0,0.26935002,0.0981193,0.08463514,0.087015316
Mzf1,0.0,0.3792301,0.07822843,0.37692645,0.30612507
Zswim9,0.0,-0.019587282,-0.08156212,0.17736973,0.006915264
Lig1,0.0,0.2744305,-0.17891476,0.078662865,0.049291324
Pla2g4c,0.0,0.036632158,-0.06771526,0.054652877,0.083713755
Selenow,0.0,0.14876209,0.021478921,-0.10698819,0.26199734
Nop53,0.0,0.19502708,-0.11155689,-0.1587609,-0.0605791
Ehd2,0.0,-0.07115472,0.04283297,0.045289543,-0.06774071
Bicra,0.0,-0.21904746,0.076295,0.096086726,-0.025917131
Gm38948,0.0,-0.15295824,-0.23800099,-0.112870835,-0.17915328
Zfp541,0.0,-0.0022981316,0.023864774,0.05889883,0.06881992
Napa,0.0,0.19712442,0.30909616,0.18811792,0.0024977177
Kptn,0.0,0.13281263,0.17712529,0.31195098,0.057398677
Slc8a2,0.0,0.19384183,0.04265897,0.18264738,0.12832208
Meis3,0.0,0.07044021,0.13717663,0.2673387,0.19727112
Dhx34,0.0,0.22456805,0.09743247,-0.007730305,-0.17577867
C5ar1,0.0,-0.022652848,0.04382708,-0.047583528,-0.019927628
Inafm1,0.0,-0.056689546,0.2044763,0.2862935,0.18668608
Ccdc9,0.0,0.14901094,0.13936521,0.25427818,-0.06444986
Bbc3,0.0,0.093018495,0.13663703,-0.041276887,0.15774116
Sae1,0.0,-0.17383653,-0.086285524,-0.20376736,-0.20688581
Zc3h4,0.0,-0.31059077,-0.11577464,0.1866861,-0.116616584
Gm45509,0.0,-0.20694461,0.087790556,-0.024081292,-0.074676976
Tmem160,0.0,0.019733228,0.06823095,-0.20754512,-0.117850415
Npas1,0.0,-0.057594012,0.044124957,-0.035995994,0.009292381
Arhgap35,0.0,0.14886492,0.18438594,0.15273818,0.049478345
Gm29443,0.0,-0.066091694,0.04791954,-0.1978089,0.034884244
Ap2s1,0.0,0.039704293,0.19291458,0.0006656796,0.18035865
Slc1a5,0.0,-0.22539143,0.049581707,-0.197636,-0.26297995
Fkrp,0.0,0.058736652,0.1207307,-0.010842692,-0.09382257
Strn4,0.0,-0.051080704,0.1407777,0.20933706,-0.061388686
Prkd2,0.0,-0.1204674,0.052360818,0.17950085,0.049139574
9330104G04Rik,0.0,0.0860556,0.018880732,0.036542237,-0.044851787
Dact3,0.0,0.36036968,0.35092112,0.2903189,0.24506292
Gng8,0.0,0.11915436,0.022000013,-0.19936219,0.09260828
Calm3,0.0,0.44498885,0.15738015,0.02172941,0.30122346
Pnmal2,0.0,0.34727144,0.051019147,-0.29509792,0.06370672
Pnmal1,0.0,0.14537458,0.032390017,-0.1901691,-0.10867654
Gm42372,0.0,0.46100464,-0.13009392,-0.44588047,-0.19569708
Ccdc8,0.0,0.10667336,0.025170732,0.015010335,-0.012041498
Ppp5c,0.0,-0.13456103,-0.12330806,-0.16512695,-0.11072558
Hif3a,0.0,-0.14657372,-0.119762115,-0.15464634,0.069875345
Psg16,0.0,0.06138087,0.0041002743,-0.008325767,-0.038167592
Mill2,0.0,0.005252095,-0.0830282,0.10111166,-0.045878835
Pglyrp1,0.0,-0.15385051,0.14129728,0.11091911,-0.013859868
Ccdc61,0.0,0.018699855,0.19212058,0.3896519,0.08989876
Nova2,0.0,0.23704855,0.13286814,0.2820035,0.25399846
Mypop,0.0,0.061706856,0.034783244,0.033426285,0.2140051
Mypopos,0.0,-0.1585496,-0.06689446,-0.0659264,-0.023732042
Irf2bp1,0.0,0.24205288,0.16251837,0.13010487,-0.06458333
Sympk,0.0,-0.0018351823,0.007917091,0.08123165,0.084909454
Dmwd,0.0,0.26305792,0.2727838,0.3168602,-0.11744504
Dmpk,0.0,0.05302667,0.28867117,0.19141817,0.098218
Fbxo46,0.0,-0.0029705912,0.13786434,0.23581605,0.15188767
Qpctl,0.0,-0.26109734,0.08424482,0.039852552,-0.26440096
Snrpd2,0.0,-0.07998033,-0.025939662,-0.15229508,-0.19146913
Gipr,0.0,0.022442305,-0.03197226,-0.065127455,0.029429892
Eml2,0.0,0.5323348,0.26602077,0.25429094,0.22755939
Gpr4,0.0,-0.09307103,-0.14130205,-0.12919614,0.047549896
Opa3,0.0,-0.23915206,0.01945522,0.024946949,0.12870082
Vasp,0.0,0.1207439,0.25151595,0.24550267,0.12057635
Rtn2,0.0,-0.115754016,-0.051427342,-0.186422,0.0077722203
D830036C21Rik,0.0,-0.17480926,0.016023982,-0.0682519,-0.13538569
Gm44698,0.0,0.0008960776,0.033752024,0.00028089806,0.06863317
Ercc1,0.0,-0.11873194,-0.015342806,-0.076339796,-0.05828981
Cd3eap,0.0,-0.053748876,0.06466983,-0.05906476,0.26773864
Ppp1r13l,0.0,-0.096331745,-0.052792564,-0.039847054,-0.017931081
Ercc2,0.0,-0.011168674,0.36791977,0.26602402,-0.08045025
Klc3,0.0,0.040919878,0.005877724,-0.02818586,0.022021232
A930016O22Rik,0.0,0.15079613,0.07457011,0.10444919,0.043900274
Mark4,0.0,-0.12644622,0.2576756,0.14363915,0.024637029
Exoc3l2,0.0,-0.036044568,-0.019893885,0.0026908228,-0.020780247
Bloc1s3,0.0,-0.071011424,-0.3341997,-0.14777605,-0.18696207
Trappc6a,0.0,0.29016468,0.33256176,0.32923052,0.22801432
Ppp1r37,0.0,0.2088716,0.38514617,0.4008873,0.31307304
Gemin7,0.0,0.07625517,0.049477432,-0.25475687,-0.21253061
Clasrp,0.0,0.24006784,0.14282174,0.35564494,0.044739515
Relb,0.0,0.1644009,0.14111364,0.17368802,-0.06252325
Clptm1,0.0,-0.27565446,-0.12772068,-0.25046703,-0.028052375
Apoe,0.0,-0.28429443,-0.009558372,0.13367826,0.15826938
Tomm40,0.0,-0.28213984,0.056644622,-0.046226658,-0.0115811145
Nectin2,0.0,0.14380139,-0.053093918,0.10076854,-0.06592826
Bcam,0.0,-0.088074625,0.15214951,0.38927943,0.17016129
Pvr,0.0,0.0645134,0.07219753,0.012588583,0.1259293
Gm16251,0.0,-0.02914299,0.1624424,0.08783381,0.12240361
Zfp180,0.0,0.1572069,0.10906054,0.08483911,-0.26507616
Zfp112,0.0,-0.20530625,-0.23418613,0.017633326,-0.26456606
Zfp235,0.0,0.01662878,0.1186817,-0.088148445,-0.057136107
Zfp114,0.0,0.043340318,0.17642827,0.16898932,0.19752464
Zfp111,0.0,0.107609704,-0.10599569,-0.09054001,0.018165445
Zfp109,0.0,-0.14138,-0.19315384,-0.1410414,-0.17359649
Zfp108,0.0,-0.050493956,-0.15170133,-0.06865958,-0.09233159
Zfp93,0.0,-0.18260786,-0.34155005,-0.011309043,-0.24100898
AC159140.1,0.0,-0.16538788,-0.06846572,-0.110920236,-0.041024283
Zfp61,0.0,0.2234409,0.094407514,0.19682601,0.041634127
Zfp94,0.0,0.14605057,0.30342454,0.043589167,0.104118384
Smg9,0.0,-0.068505794,0.17109515,0.25945997,0.10920263
Cadm4,0.0,0.13383934,0.09557485,0.23567244,0.06656255
Zfp428,0.0,-0.018662304,0.1129671,-0.018835962,0.0950811
Irgq,0.0,0.117920965,-0.017694313,0.035276204,-0.33375353
Xrcc1,0.0,0.027001366,0.18431684,0.027934588,0.12682244
Zfp575,0.0,0.028650818,0.041193392,0.039833784,-0.047817092
Ethe1,0.0,-0.4186622,-0.16549982,-0.38344234,-0.09884577
Rps19,0.0,0.07476658,0.20743641,-0.07601701,0.20947944
Arhgef1,0.0,0.21308085,0.19176063,0.30642962,0.08804977
Rabac1,0.0,-0.11720018,0.12247048,0.1737546,0.08863634
Atp1a3,0.0,0.20552012,0.04333718,0.1551354,0.13924535
Grik5,0.0,0.33434755,0.35832125,0.4370223,0.07735115
Zfp574,0.0,0.18240806,0.07901166,0.18019423,0.18151823
Pou2f2,0.0,-0.0024426915,-0.104078755,-0.08621307,-0.1067041
Dedd2,0.0,-0.13651589,0.19094604,-0.099421844,-0.1314456
Zfp526,0.0,0.1516999,-0.015704513,-0.075161576,0.052534513
Gsk3a,0.0,0.059501804,0.037310973,0.003791187,-0.14720911
9130221H12Rik,0.0,0.11153539,-0.114760846,-0.08523935,-0.1644606
Erf,0.0,0.18709283,0.16549183,0.34252334,0.09457725
Cic,0.0,0.13917145,0.02974724,0.05384969,0.01218617
Pafah1b3,0.0,0.12122473,-0.0045290664,0.011712663,0.17186259
Tmem145,0.0,0.057250842,0.13378689,0.52777725,0.23634277
Megf8,0.0,0.15870334,0.2821304,0.24895823,0.2078457
4732471J01Rik,0.0,-0.1805664,0.03142204,0.05287171,-0.0061546713
Lipe,0.0,-0.03653325,0.20174463,0.29487097,0.14472881
Cxcl17,0.0,-0.010520358,-0.014193501,0.103801355,-0.08575675
Ceacam1,0.0,0.11765909,0.13535915,0.08512646,0.18827693
Ceacam2,0.0,0.014732426,-0.006931914,0.15907332,-0.21766047
Dmac2,0.0,0.118406855,0.08443791,0.38280764,0.22116636
Bckdha,0.0,-0.25779906,-0.11299673,0.22651917,0.018587997
Exosc5,0.0,0.022130176,0.16418847,-0.006721422,0.21045232
Tmem91,0.0,-0.059261527,-0.020386666,-0.24887164,-0.25876206
B9d2,0.0,0.025931776,0.115495585,0.15716946,0.27541137
Tgfb1,0.0,0.04028123,-0.029515188,-0.12529068,-0.052997764
Ccdc97,0.0,-0.04453711,-0.1074418,-0.23793837,-0.22180676
Hnrnpul1,0.0,-0.13130978,0.07450842,-0.093927905,-0.21061978
Axl,0.0,-0.0040861517,0.37325132,0.25973916,0.109033726
Cyp2s1,0.0,0.09713031,0.066623054,-0.0966443,0.009585578
Egln2,0.0,0.063292466,-0.06325805,-0.07650289,-0.25819838
Rab4b,0.0,-0.05793126,0.03755925,0.09238263,-0.034822002
Snrpa,0.0,-0.013205059,0.114999,-0.022848912,-0.11594453
BC024978,0.0,0.0024164058,-0.23672421,0.102463394,0.12019073
Itpkc,0.0,-0.08206566,-0.17891647,-0.0067826174,-0.14492248
Coq8b,0.0,-0.060833104,-0.011177152,-0.17130095,-0.10639742
Numbl,0.0,0.22327642,-0.0013736188,0.068385094,0.23264807
Ltbp4,0.0,-0.22355199,-0.2908501,0.15588003,-0.18923467
Shkbp1,0.0,0.068448246,0.032288395,0.20739746,0.14346482
Sptbn4,0.0,0.50343364,0.15303004,0.41468623,0.09800716
Blvrb,0.0,0.03210058,-0.085101895,0.21946812,-0.023903184
Sertad3,0.0,-0.13600346,-0.11201598,0.018503167,-0.24936128
Sertad1,0.0,-0.06487256,0.040300217,0.17159417,-0.037552934
Prx,0.0,-0.01373506,0.015960636,0.009041082,-0.009505898
Hipk4,0.0,0.047182146,0.03395125,0.032181658,-0.0024408903
Pld3,0.0,-0.07375598,-0.05812843,0.21194686,0.00521107
2310022A10Rik,0.0,-0.3450771,-0.30645153,-0.083472356,-0.010682419
Akt2,0.0,-0.11206095,-0.1483305,0.04165624,-0.32733217
Gm38973,0.0,-0.15323326,-0.13402195,-0.0497806,-0.15559122
Ttc9b,0.0,0.011842601,0.1131683,0.049845614,0.29113832
Map3k10,0.0,-0.12816076,-0.1069303,-0.12853654,0.040052507
Zfp607b,0.0,-0.18230572,-0.1824668,0.116405606,0.10836353
Zfp60,0.0,0.08759957,-0.13158044,-0.021397378,-0.119507074
Zfp626,0.0,0.17768446,0.26577795,0.369039,0.2637099
Zfp59,0.0,-0.01492963,0.13113785,0.0019529983,-0.016865678
Zfp607a,0.0,-0.16889334,-0.014816905,0.0010551848,-0.11781902
Zfp974,0.0,-0.054265805,-0.026814014,0.18475768,0.06654556
Zfp780b,0.0,-0.2063815,-0.05937238,0.14857183,-0.17043419
Zfp850,0.0,-0.067743964,-0.097876936,-0.13746154,-0.05850739
Psmc4,0.0,0.037277825,0.06585152,0.01875329,0.12945338
Fbl,0.0,-0.1873649,0.0916239,-0.019051194,0.17252496
Dyrk1b,0.0,0.26163334,0.03584723,0.28306106,0.19954997
Eid2,0.0,0.032949552,0.02675157,-0.23772183,-0.07652272
Eid2b,0.0,0.23194917,0.09007966,0.16781498,0.18856664
Selenov,0.0,0.06502393,-0.036528226,0.041687693,0.04526925
Dll3,0.0,0.17795184,0.06166754,0.131688,0.026767425
Timm50,0.0,-0.17778982,-0.14481565,-0.046277408,-0.18549913
Supt5,0.0,0.09603827,0.13794316,0.119867876,-0.024632707
Rps16,0.0,0.07259733,0.03930277,-0.18490246,0.10583368
Plekhg2,0.0,-0.17732471,-0.013901284,0.09496023,0.013959902
Gm44710,0.0,-0.17327899,-0.16045174,0.11107208,-0.1602993
Med29,0.0,-0.27928236,0.033575997,-0.35389933,0.03593129
Paf1,0.0,-0.08965025,-0.14442866,-0.23773171,-0.26962963
Samd4b,0.0,-0.034636028,0.060050346,-0.03776695,0.07812336
Gmfg,0.0,-0.06876814,-0.10859563,-0.102024615,-0.111029714
Lrfn1,0.0,0.0629749,0.043820526,-0.028237648,0.11894703
Pak4,0.0,0.17824191,0.047223743,0.13161711,-0.065351225
Gm44618,0.0,0.02430584,-0.01779249,0.0067195687,-0.028319929
Fbxo27,0.0,-0.115450375,0.0077810828,0.049492482,0.0042980174
Fbxo17,0.0,-0.30539942,0.20298198,0.05454202,-0.035260253
Mrps12,0.0,0.14032692,0.28283492,0.21630119,0.1617721
Sars2,0.0,-0.003147643,0.151824,-0.050567057,-0.020555284
Nfkbib,0.0,-0.009497076,0.21703625,0.22257401,0.07133268
Sirt2,0.0,-0.10562382,-0.003142748,0.089162484,-0.14581153
Rinl,0.0,-0.1579502,0.07064403,-0.007280275,0.02283839
Hnrnpl,0.0,-0.08301364,-0.04562086,0.2211337,1.8402934e-05
Ech1,0.0,0.095929965,0.18753918,0.03935977,0.041440517
Lgals4,0.0,0.590652,0.17623354,0.076148555,0.18804598
Actn4,0.0,-0.078389615,0.26026747,0.08033132,-0.05996971
Gm44699,0.0,-0.19771141,-0.099205226,-0.12124352,-0.09645476
Eif3k,0.0,-0.13172625,-0.017646078,-0.11405715,0.07835344
Map4k1,0.0,-0.05064875,-0.065440334,-0.07092847,-0.0038431454
Ryr1,0.0,0.020586446,-0.07382091,-0.034031168,0.06066548
Gm26604,0.0,0.015109674,-0.0055145435,0.010066506,0.009173134
Rasgrp4,0.0,0.014231819,0.015075308,-0.030027013,-0.038029138
Fam98c,0.0,0.16959506,0.11191654,0.07039188,-0.029427707
1110035H17Rik,0.0,-0.078517765,0.0043630265,0.17515813,-0.11594941
Spred3,0.0,0.041535683,0.13203129,0.15895711,0.01821705
Psmd8,0.0,0.13262829,0.07236895,0.027005874,0.15937775
Catsperg1,0.0,0.06090631,-0.17549838,0.04616752,-0.004477601
Kcnk6,0.0,-0.120152116,-0.10613687,-0.11033154,-0.073725685
Yif1b,0.0,-0.3322993,-0.02795292,-0.05988036,-0.118621096
Spint2,0.0,-0.16462019,-0.10743749,0.11902632,0.083860755
Ppp1r14a,0.0,0.566158,0.51447827,0.15709552,0.5462374
Dpf1,0.0,0.08463762,0.28785032,-0.066863574,-0.11531662
Sipa1l3,0.0,-0.119896226,0.058167804,0.16567972,-0.03127359
Zfp84,0.0,0.27892658,-0.015848324,0.13132271,-0.06597194
Zfp30,0.0,0.049082894,-0.03937699,-0.09307547,0.0051375777
Zfp790,0.0,-0.014634082,-0.2010823,0.16694908,-0.038219817
Zfp940,0.0,0.14701164,0.052648254,-0.0017134547,-0.071349695
Zfp420,0.0,-0.07952514,-0.10765132,-0.30610466,-0.18747836
Zfp27,0.0,0.123952635,-0.009135157,0.18384881,0.07046932
Zfp383,0.0,0.4425488,0.33118486,0.44817176,0.11749111
Zfp74,0.0,-0.095201716,-0.023130149,0.19004059,0.10279172
Zfp568,0.0,-0.2990791,-0.087406114,-0.23751046,-0.3024636
Zfp14,0.0,0.127085,-0.042364895,0.1479434,-0.29298735
Zfp82,0.0,-0.0095679425,0.071030594,-0.022361439,0.1092163
Zfp566,0.0,-0.01954567,-0.08765608,-0.023773413,-0.121607624
Zfp260,0.0,-0.047343668,-0.09250347,-0.11783439,0.12704752
Zfp382,0.0,0.14035839,-0.1798713,-0.06911439,-0.14356406
Zfp146,0.0,-0.003522426,0.067715436,0.42142412,0.08771695
Cox7a1,0.0,0.1389124,0.14634387,0.04456656,0.03329344
Capns1,0.0,-0.078718424,0.16367906,-0.14124109,0.12077135
Gm26810,0.0,-0.010746233,0.099740624,-0.0998646,0.014725948
Tbcb,0.0,-0.07644507,0.12618937,-0.20988837,0.082389146
Polr2i,0.0,0.2222231,0.11504277,0.10672462,-0.1621561
Wdr62,0.0,-0.0894586,0.11739437,0.013440963,0.10691824
Thap8,0.0,-0.16139455,-0.2089741,0.013715796,-0.11446742
Clip3,0.0,0.27005354,0.17769189,0.10985415,0.018110335
Alkbh6,0.0,0.12849097,0.2469284,-0.024032108,0.025021508
Syne4,0.0,-0.19281317,-0.012221146,0.0036256388,-0.14712942
Sdhaf1,0.0,0.24697196,0.0032178015,0.043210924,-0.115172945
Lrfn3,0.0,-0.14724916,0.22422612,0.17919923,-0.13546269
Tyrobp,0.0,-0.08228425,-0.09478807,-0.002128082,-0.03278709
Nfkbid,0.0,-0.0044950135,0.005853109,0.08079684,0.051635623
Aplp1,0.0,0.0555448,-0.018183619,-0.05169572,0.24258655
Arhgap33,0.0,0.02344552,0.0957033,-0.08934427,-0.032726996
Proser3,0.0,-0.17006417,-0.138717,-0.12671843,-0.14877436
Hspb6,0.0,-0.115315884,-0.02523034,-0.049068913,-0.030257858
Lin37,0.0,-0.19094402,-0.18924102,-0.29886532,-0.33567604
Psenen,0.0,-0.011856418,-0.013919715,-0.07283175,0.060728922
U2af1l4,0.0,0.012535475,0.27382836,0.09197022,0.11126341
Igflr1,0.0,0.11779614,0.3642441,-0.029055297,-0.17274256
Kmt2b,0.0,0.09429763,0.14983004,0.1603526,0.0931646
Upk1a,0.0,-0.13559148,-0.0022548921,-0.10631677,-0.092050135
Cox6b1,0.0,0.051403515,0.069271386,-0.15350354,0.19082376
Rbm42,0.0,-0.046979748,-0.10059356,0.01701657,-0.1346236
Haus5,0.0,-0.03690856,-0.06845469,-0.08256448,0.013517158
Tmem147,0.0,0.01175651,0.05782972,0.1926386,-0.064520724
Tmem147os,0.0,-0.15457143,0.023839666,-0.07070251,0.033095375
Gapdhs,0.0,0.043090068,-0.07591669,0.1979054,-0.058294635
Gm26935,0.0,0.13840076,0.30167165,0.21810314,0.09389111
Sbsn,0.0,0.1484273,-0.102639735,0.16159135,0.22825967
Mag,0.0,0.19612451,0.08695652,0.102347806,0.03624484
Gm44662,0.0,0.09628038,-0.057341535,0.008408371,0.028375333
Usf2,0.0,0.2065123,0.15713419,0.037250046,-0.2495324
Gm4673,0.0,-0.16920492,0.26022547,0.50274265,0.0329514
Lsr,0.0,0.028042175,-0.06592658,0.013004445,0.09760856
Fxyd5,0.0,0.11094046,0.03238129,0.08808604,0.14806241
Fxyd7,0.0,-0.10867728,-0.06544985,-0.12327418,0.15524651
Fxyd1,0.0,0.16959025,0.25297296,0.2306127,0.11147058
Lgi4,0.0,0.33558682,0.30299288,0.5060682,0.15775007
Hpn,0.0,-0.08053395,-0.02462067,0.14558063,0.090331
Scn1b,0.0,-0.12108896,-0.0139037445,0.06112419,0.1228265
Gramd1a,0.0,0.07455598,0.1386284,0.1088565,-0.14852989
G630030J09Rik,0.0,-0.13408284,-0.18949834,-0.091608964,-0.14793181
Wtip,0.0,0.020988673,0.39612427,0.20912191,0.04409726
Uba2,0.0,0.105825,0.23789874,0.2134108,0.23475884
Pdcd2l,0.0,-0.15017653,-0.20979387,0.051540915,-0.13687867
Gpi1,0.0,-0.08653299,0.0344527,-0.12692964,0.09312037
Gm12762,0.0,-0.017627295,0.12766083,0.026970144,0.026525447
Gm12758,0.0,0.20140958,-0.1433363,-0.005458232,-0.024530739
4931406P16Rik,0.0,-0.10487045,-0.19102177,0.009958171,0.0016295128
Lsm14a,0.0,-0.085976206,0.042904004,0.086205125,-0.14362228
Gm12764,0.0,-0.062776536,-0.19220737,-0.082516015,-0.26244867
Kctd15,0.0,0.024307601,-0.025178708,0.08118651,0.17028959
Gm12781,0.0,0.086638264,0.05767752,0.086334385,0.042297382
Chst8,0.0,0.23051989,0.060414918,0.31329697,0.016165972
Pepd,0.0,0.04587488,0.31596315,0.17115146,0.063025035
Cebpg,0.0,0.027695738,-0.012830928,0.11799504,0.1302453
Cebpa,0.0,-0.051921528,-0.2539474,-0.07649578,-0.18262175
Slc7a10,0.0,0.24445355,0.36628047,0.46693033,0.21902047
Lrp3,0.0,-0.14721657,0.032039113,-0.0008411824,-0.17950545
AC150683.1,0.0,-0.24611549,-0.39969802,-0.24057944,-0.4405681
Gpatch1,0.0,-0.19023563,-0.047176365,0.079553775,0.064287685
Rhpn2,0.0,-0.16579893,0.05013211,-0.031312328,0.021045147
Faap24,0.0,-0.088723294,-0.16645804,-0.21735719,-0.15628846
Cep89,0.0,-0.39975327,-0.08119779,0.08050051,-0.38937986
Tdrd12,0.0,-0.28777835,-0.3969866,-0.26710904,-0.38104337
Nudt19,0.0,0.007963164,-0.14240386,0.09995659,-0.059307728
B230322F03Rik,0.0,-0.043579333,0.024711283,0.0815973,-0.030567206
Ankrd27,0.0,0.19870917,0.24656504,0.23015285,0.2684301
Pdcd5,0.0,0.011557978,0.03410268,-0.42376515,-0.1058524
Dpy19l3,0.0,-0.02167291,0.044086985,0.009491581,-0.26290032
Zfp507,0.0,0.0730092,0.0028617233,0.030247249,0.1674035
E130304I02Rik,0.0,-0.033624776,0.028307673,-0.07306786,0.0051028533
Tshz3,0.0,-0.0079878755,0.047688518,0.020780813,-0.038241144
Zfp536,0.0,0.09517667,-0.043533847,0.092945665,-0.071965255
Uri1,0.0,0.15783224,0.08291162,0.176591,0.10267576
Ccne1,0.0,0.2013107,0.23022954,-0.055777863,0.08494752
D530033B14Rik,0.0,-0.016228922,-0.19197093,0.043827966,-0.07120895
1600014C10Rik,0.0,0.039745934,0.011767067,0.028717086,-0.022230476
Plekhf1,0.0,0.058851667,-0.22689761,-0.09889444,0.075386375
Pop4,0.0,0.67516553,0.1509158,0.23469651,0.16363344
Gm44767,0.0,-0.28483665,-0.16246124,-0.009474255,-0.087015115
Zfp619,0.0,0.09731505,-0.08685917,0.16204804,0.050906386
Gm37494,0.0,0.22994852,0.03322856,0.108644225,0.15907021
A230077H06Rik,0.0,0.027526498,-0.22346623,-0.27237767,-0.0846836
Gm28307,0.0,0.03769921,0.00058958493,0.018058136,0.031290177
Vstm2b,0.0,-0.0919527,-0.07149482,-0.11915864,0.061636817
AI987944,0.0,-0.1349172,-0.109875806,-0.056767896,-0.0631474
Gm17102,0.0,0.110836565,-0.036414288,-0.064450465,0.014277506
Vmn2r57,0.0,-0.14511678,-0.025668891,-0.09378371,-0.039216742
AW146154,0.0,-0.12428836,-0.07807985,0.039377287,0.0018255673
2610021A01Rik,0.0,0.065492466,0.11398838,0.11474015,0.051880524
Zfp788,0.0,-0.05402617,-0.27097705,-0.22931774,-0.077624515
Zfp141,0.0,-0.22292103,-0.015497915,-0.1208334,-0.31115448
Gm44997,0.0,-0.01782205,-0.100552246,-0.038209356,-0.09219916
Zfp977,0.0,0.022104343,-0.049079746,0.09305163,-0.11412983
Zfp976,0.0,-0.2697865,-0.07690377,0.037214868,-0.28177303
Zfp975,0.0,-0.19342463,-0.27577347,-0.22689232,-0.31201357
Zfp715,0.0,0.36657166,0.31449455,0.35670504,0.27857128
Etfb,0.0,-0.17356381,-0.024533793,-0.20473488,-0.19008106
Vsig10l,0.0,-0.046758823,-0.08152167,-0.036094617,-0.008855665
Iglon5,0.0,0.12563562,-0.060632844,0.10814543,-0.09732154
Cd33,0.0,0.10347007,-0.10647547,0.057911694,0.04103013
Zfp658,0.0,-0.09909798,-0.21101576,0.107958786,-0.003801764
Zfp719,0.0,0.05548705,-0.20338818,0.011558783,-0.0907953
Ctu1,0.0,-0.16951132,-0.17668724,-0.11483934,-0.050282378
2310002F09Rik,0.0,-0.053833127,0.029670347,-0.012601755,0.008170275
1700028J19Rik,0.0,-0.04160206,-0.07243808,0.0037001395,0.040334485
2410002F23Rik,0.0,0.36880574,0.4476893,0.36890832,0.457433
Clec11a,0.0,0.08821952,-0.17616841,-0.029392518,-0.17548274
Shank1,0.0,0.32274884,0.11450152,0.10919697,-0.06837006
1700008O03Rik,0.0,0.022617469,-0.055871055,-0.08647705,-0.059116095
Syt3,0.0,0.09300041,-0.09859848,-0.072947204,-0.2601657
Lrrc4b,0.0,0.17876399,0.16115439,0.14602888,0.22772127
Josd2,0.0,0.06920587,0.06254264,-0.021572106,-0.050361894
5430431A17Rik,0.0,-0.36014003,0.0204397,-0.29068834,-0.17319366
Emc10,0.0,-0.37628537,-0.3083523,-0.26797676,-0.23337685
Fam71e1,0.0,0.08442247,0.12821965,0.17381331,0.016361475
Gm44646,0.0,-0.03205364,-0.00052084087,-0.019995617,-0.058450874
Pold1,0.0,0.1393202,0.122945406,-0.06581983,0.09878368
Nr1h2,0.0,0.2231361,0.5078739,0.011551052,0.29856092
Napsa,0.0,-0.014851339,0.11619575,-0.057147123,0.053984273
Gm15396,0.0,-0.19755408,-0.12928286,-0.07635948,-0.22958761
Kcnc3,0.0,0.0077545308,0.09619179,0.07321967,-0.3410992
Myh14,0.0,0.008193836,0.124791436,0.3920505,0.28688666
Zfp473,0.0,-0.014092859,0.05241994,-0.03542965,-0.0056902915
Vrk3,0.0,-0.07017517,0.13004237,0.0806638,0.045945074
Atf5,0.0,0.04187569,0.22341171,0.22770107,0.17179672
Nup62,0.0,-0.056533966,0.08310237,0.010315426,-0.0013985485
Il4i1,0.0,-0.15861599,-0.23071074,-0.13170709,-0.059845295
Tbc1d17,0.0,-0.04687284,0.35540676,0.11869557,0.19286986
Akt1s1,0.0,0.28033358,0.5136156,0.61308295,0.18695888
Pnkp,0.0,-0.043545984,0.12613703,0.16832057,-0.027421482
Ptov1,0.0,0.1504167,0.35444355,0.20030177,0.146328
Med25,0.0,-0.17241135,0.12289576,-0.25061068,-0.21954565
Fuz,0.0,-0.29398203,0.07411517,-0.15091819,-0.68183506
Ap2a1,0.0,0.22309062,0.08320746,-0.05764374,0.13206892
Tsks,0.0,0.012870963,-0.065194175,0.054998904,-0.08410038
Cpt1c,0.0,0.32158306,0.19928664,0.42369616,-0.0873549
6530437J22Rik,0.0,-0.08488539,0.13112657,0.15968384,-0.06224921
Prmt1,0.0,-0.05639076,-0.12137723,-0.0704179,-0.08276117
Gm15545,0.0,-0.17404734,0.089032345,0.05437869,-0.05582582
Bcl2l12,0.0,0.17365114,-0.0895375,0.0805075,0.00016938895
Irf3,0.0,-0.57709324,-0.22212894,-0.20237662,-0.19865277
Scaf1,0.0,0.21313252,0.048131503,0.105525345,-0.113089666
Rras,0.0,0.05413498,0.062008932,0.07804385,0.05322373
Prr12,0.0,-0.16387978,-0.1039708,-0.026693307,-0.22557935
Prrg2,0.0,-0.0036478601,-0.044963017,0.0790896,0.0046762004
Nosip,0.0,-0.04846192,0.051492874,0.009473346,0.08005086
Fcgrt,0.0,0.17637806,0.09003225,0.33806384,0.36084196
Rps11,0.0,0.19533913,0.0972429,-0.14636041,0.32361633
Rpl13a,0.0,0.052716695,0.11278349,-0.2351539,0.07857497
Flt3l,0.0,-0.04149572,-0.0860842,0.12850507,0.08293094
Aldh16a1,0.0,0.06627914,-0.08660738,0.0976225,-0.029846508
Pih1d1,0.0,0.20525141,0.0011455789,0.12395212,0.03895749
Ccdc155,0.0,0.042045183,0.08956902,0.08158019,0.039822374
Cd37,0.0,-0.02963697,0.015577147,-0.078288496,-0.026224166
Slc6a16,0.0,-0.16885357,-0.16587593,-0.009030227,-0.019673098
Trpm4,0.0,-0.15074697,0.37131247,0.14105494,-0.012587823
Ppfia3,0.0,0.32643887,0.20827639,0.4457856,0.38590184
Mtag2,0.0,-0.063828886,0.003506747,-0.06956739,-0.014701799
Lin7b,0.0,-0.09850416,-0.16872609,-0.37673503,-0.06777883
Snrnp70,0.0,0.4520756,0.2272508,0.3818089,-0.0025273561
Ruvbl2,0.0,0.08218004,0.11015576,-0.041850194,0.013398692
Gys1,0.0,0.0067975074,0.029126134,0.21038714,-0.12590048
Ftl1,0.0,0.12173156,0.012466244,-0.1297319,0.21981093
Bax,0.0,0.281555,0.34391436,0.35518295,0.28182894
Dhdh,0.0,-0.09789254,-0.02089193,0.2614074,-0.09459393
Tulp2,0.0,0.073699355,-0.121577196,0.2680742,-0.07261159
Nucb1,0.0,-0.03673998,-0.206131,0.18983555,0.060898047
Ppp1r15a,0.0,0.17644522,-0.21186475,-0.34023303,-0.30516636
Plekha4,0.0,-0.10187669,0.2290853,0.3121199,0.11222949
0610005C13Rik,0.0,0.010256082,-0.006470116,0.04141833,-0.06094694
Bcat2,0.0,-0.5371968,0.107231386,-0.19143558,-0.03250016
Rasip1,0.0,-0.19150081,-0.14807189,-0.10473633,-0.24028432
A030001D20Rik,0.0,0.057405334,-0.0072070956,-0.0025959015,0.103787646
Fut2,0.0,-0.0581483,-0.10199845,-0.113713935,0.008767888
Sec1,0.0,-0.010694776,-0.0035616606,0.01755013,0.053474657
Car11,0.0,-0.035537615,-0.020855248,0.14535718,-0.012110427
Dbp,0.0,0.82476956,0.6628876,0.7827123,0.5892854
Sphk2,0.0,-0.19142254,0.24925302,-0.18555747,-0.15754786
Rpl18,0.0,-0.09569285,0.1333107,0.00020287186,0.19483283
Sult2b1,0.0,-0.098058425,-0.08952777,0.028661843,0.02564875
Lmtk3,0.0,0.13190795,0.047018595,0.26048148,-0.023444325
Cyth2,0.0,0.071784645,0.18881409,0.23270765,0.21311864
Grwd1,0.0,-0.013602613,-0.06310113,-0.1613472,0.083789855
Grin2d,0.0,0.15123415,0.07100187,0.05931768,-0.003699161
Kdelr1,0.0,-0.07424314,0.010659233,0.12714149,0.10354019
Tmem143,0.0,0.3795336,0.28968248,0.38506842,0.060776547
Emp3,0.0,0.054884173,0.054960586,0.14509459,0.07154736
Ccdc114,0.0,-0.014434472,-0.14827207,0.103958726,0.083833955
Nomo1,0.0,-0.13221891,0.07423773,-0.031562313,-0.27759454
Kcnj11,0.0,0.17762533,0.13749477,0.05416158,-0.1364842
Abcc8,0.0,0.0836208,0.082159474,0.01151298,-0.07337412
Gm45486,0.0,0.010752423,0.019336132,-0.011190184,-0.0064736707
Kcnc1,0.0,0.45446855,0.34356016,0.42326596,0.21880428
Sergef,0.0,-0.23697907,-0.13400552,-0.054803938,-0.35226423
Gm45311,0.0,0.102994084,0.090292506,0.067416474,0.15373883
Saal1,0.0,-0.31518048,-0.3744607,-0.06152913,-0.19608945
Hps5,0.0,-0.2534639,-0.0031961203,0.14665061,-0.28263214
Gtf2h1,0.0,-0.013031099,-0.16305244,0.04963969,0.014005579
Ldha,0.0,0.046904083,0.24729809,-0.3525942,-0.069590196
Tsg101,0.0,-0.0916567,-0.07782665,-0.04881141,0.08096276
Uevld,0.0,-0.0626409,-0.011869803,0.023398284,0.101706065
Spty2d1,0.0,-0.078433305,-0.111661226,-0.21331331,-0.09410304
Gm32031,0.0,0.36709332,0.26530808,0.42022967,0.058530316
Tmem86a,0.0,-0.055154525,0.024079487,0.07224011,0.1606614
Ptpn5,0.0,0.014443919,0.20957601,0.44747728,-0.048593536
Gm14377,0.0,-0.026866142,-0.07284592,0.0013933093,-0.022519099
Mrgpra6,0.0,0.11913097,0.025001392,0.069326624,0.17690232
Zdhhc13,0.0,0.003435254,0.22048324,0.28393584,0.16998559
Nav2,0.0,-0.07163429,0.016040765,0.08174953,-0.07448927
9130015G15Rik,0.0,-0.17205864,-0.15060812,-0.05106645,-0.22125533
Htatip2,0.0,0.044127483,0.053185623,0.18730709,0.046946425
Prmt3,0.0,0.10825841,0.18319188,-0.08159262,0.14844553
Nell1,0.0,0.16795312,0.15671958,0.2885337,-0.17144492
Nell1os,0.0,0.051037986,-0.08062123,0.12628223,-0.15273143
Ano5,0.0,0.1742262,0.026748039,0.0931344,-0.05793581
Slc17a6,0.0,0.3479086,0.21509156,0.32147944,0.1630765
Fancf,0.0,0.009289971,0.023530401,-0.0012463853,-0.09452875
Gas2,0.0,0.3286351,0.24853459,0.33865705,-0.11509107
Svip,0.0,0.12438482,-0.07819934,0.015638404,0.10051947
Luzp2,0.0,-0.15469915,-0.08521998,-0.118557595,-0.04283672
Siglech,0.0,-0.13686207,-0.25504634,-0.04920058,-0.23300111
Tubgcp5,0.0,0.026548281,0.0016221926,0.11119756,-0.09497794
Cyfip1,0.0,0.05569364,0.15596858,0.17656489,-0.07036896
Nipa2,0.0,-0.10919202,0.16047898,0.15014641,-0.16510403
A230056P14Rik,0.0,0.038494706,-0.030554047,0.0049620625,-0.20096369
Nipa1,0.0,-0.019871205,0.07153711,0.2224392,-0.05575291
Gm34121,0.0,-0.077418625,-0.06965348,-0.059399217,-0.09820253
Herc2,0.0,0.16645837,0.0915779,0.020691603,0.025632188
Oca2,0.0,-0.047228098,-0.059916474,-0.056207262,0.07033406
Gabrg3,0.0,0.12829489,0.05327933,0.0117883235,-0.020461395
Gm9962,0.0,0.009419461,-0.008402089,-0.006799476,-0.038591698
Gabra5,0.0,-0.1192451,-0.03508011,-0.15909562,-0.1963169
Gabrb3,0.0,0.13584289,0.076631434,0.11931048,-0.20596266
Atp10a,0.0,0.16426808,0.21346772,0.34182787,0.066382796
Ube3a,0.0,0.068953864,0.01830475,-0.033792645,-0.043360822
Snhg14,0.0,0.42254665,0.1404666,0.4538936,-0.12604302
Gm38393,0.0,0.20224527,-0.06988143,-0.13601902,-0.07220701
Snrpn,0.0,0.1310812,-0.057966888,-0.11680345,0.34680545
Gm44644,0.0,0.09658888,0.12840109,0.22738096,0.26111484
Gm44643,0.0,0.059774466,0.0815156,-0.22340463,-0.08828598
A230006K03Rik,0.0,0.35884202,0.08898431,0.40372047,-0.19919416
B230209E15Rik,0.0,0.23128535,0.12311801,0.00034999847,0.025042616
A230057D06Rik,0.0,-0.129561,-0.11016536,-0.06493307,-0.122635245
A330076H08Rik,0.0,-0.077014975,-0.088528246,0.19269305,-0.19527856
Gm9801,0.0,-0.26012048,-0.21508673,-0.23509283,-0.053918734
Gm32061,0.0,-0.10349868,0.018086849,0.094122835,-0.019593418
Ndn,0.0,-0.06330919,0.019505136,-0.083239555,0.16066518
Magel2,0.0,0.16671029,0.0044513643,0.02415847,-0.00012750551
Chrna7,0.0,0.32039726,0.052622154,0.23433223,0.18168028
Otud7a,0.0,0.191831,0.17423931,0.21518517,0.099800065
Gm44718,0.0,-0.106777966,-0.017997274,-0.08620808,-0.0030233432
Klf13,0.0,0.18645367,0.03670903,-0.23020142,0.0351167
Gm32633,0.0,-0.008322802,0.044637322,-0.070643246,-0.018241681
Mtmr10,0.0,-0.03520775,0.124131925,0.09842606,0.092340596
Gm20457,0.0,-0.08074233,-0.035524648,-0.04282504,-0.46486878
Fan1,0.0,0.4130775,0.2523269,0.42723373,0.026704788
Mphosph10,0.0,-0.21136467,-0.043750007,-0.14374602,-0.099216595
Mcee,0.0,0.040289227,-0.07980903,0.0055875294,0.0020451918
Apba2,0.0,-0.014454737,0.16538087,0.19443071,0.10634807
Fam189a1,0.0,0.18670407,-0.033624217,0.11938608,-0.21614897
Nsmce3,0.0,-0.19930488,-0.26190123,0.09489535,-0.08886162
Tjp1,0.0,-0.13210931,0.001921121,0.008866314,-0.042040035
BC046251,0.0,-0.048367783,-0.067386694,-0.022637673,-0.04103874
Tarsl2,0.0,0.15354341,0.1384415,0.23666634,0.07172269
Tm2d3,0.0,-0.35209486,-0.1163691,-0.22732225,-0.13067713
Pcsk6,0.0,-0.20389894,0.11061551,0.08077785,-0.13596004
Snrpa1,0.0,0.08736422,0.22191694,-0.0022205636,-0.16240676
Selenos,0.0,-0.021668628,0.08158788,0.32221755,0.039590567
Gm26827,0.0,-0.014660381,0.30420262,-0.14158669,-0.22336917
Chsy1,0.0,-0.114234984,0.06867483,0.0071700257,-0.25410995
Lrrk1,0.0,-0.22790897,-0.13070005,-0.08058317,0.052834563
Aldh1a3,0.0,0.11196345,-0.35569915,-0.15482141,-0.12892166
Asb7,0.0,-0.036207356,0.107348025,-0.012578577,0.012615383
Lins1,0.0,-0.10032687,0.12235603,-0.16666292,-0.020055555
Cers3,0.0,-0.01362104,0.036586963,0.08275157,0.09279654
Adamts17,0.0,0.044288702,-0.23412654,-0.022411928,-0.19945005
1700112J16Rik,0.0,-0.15834287,0.1251938,0.30451897,0.073361695
Lysmd4,0.0,0.36833104,0.359639,0.28960687,0.1634191
Mef2a,0.0,0.24943106,0.22149563,0.21567978,0.049147263
Lrrc28,0.0,-0.07647072,0.15260753,0.0835719,-0.17106998
Ttc23,0.0,-0.1659545,0.11488186,0.06714635,-0.026232608
Synm,0.0,0.08412318,0.1022633,0.07563091,-0.25285816
Igf1r,0.0,-0.028287634,0.0875083,0.11891515,-0.063143
Pgpep1l,0.0,-0.10924888,-0.12309182,-0.15950888,-0.047574297
Arrdc4,0.0,0.21877937,0.19002612,0.17968422,0.14691903
Gm29683,0.0,0.06268111,0.27363873,0.24869,0.11085232
Nr2f2,0.0,-0.066605255,0.12615791,0.2029268,0.17123832
B130024G19Rik,0.0,-0.020196754,0.0051060803,0.1394203,-0.11307001
Gm42397,0.0,-0.009942211,-0.035659164,0.0036504623,0.035156026
Mctp2,0.0,0.52012634,0.18110412,0.33555004,-0.1357846
Gm30075,0.0,0.0406961,-0.0119151585,0.06901184,-0.0072329156
A730056A06Rik,0.0,0.023372002,0.098258235,0.040444285,0.028146066
Rgma,0.0,-0.19840793,0.06948161,-0.028222315,0.09296189
Chd2,0.0,-0.18123345,0.013351619,-0.069483176,-0.12113507
Gm44686,0.0,0.2507847,0.19685787,-0.07998857,0.020609625
1810026B05Rik,0.0,0.15680179,0.037099645,-0.011527322,-0.04979118
Gm44734,0.0,-0.037950113,-0.06227444,0.16616496,0.008045353
Fam174b,0.0,-0.06792103,0.029261585,-0.33190995,0.048352197
St8sia2,0.0,0.077316664,0.027179398,0.07381092,0.1613398
Slco3a1,0.0,0.13745789,0.0076932535,0.1847474,0.0027821064
Gm7580,0.0,-0.0019090041,-0.03468829,-0.041871745,0.026877187
Sv2b,0.0,0.23042655,0.1363858,0.12309283,-0.3053926
Akap13,0.0,0.07226894,0.14046068,0.006000176,0.047645554
AU020206,0.0,-0.10596035,0.10584605,-0.055199906,-0.09126841
Klhl25,0.0,-0.007656157,0.20351952,-0.04289285,-0.018754303
Agbl1,0.0,-0.11344172,-0.056078706,-0.18191117,-0.13072222
Ntrk3,0.0,0.24596217,0.24914747,0.3276783,0.17261842
Gm9885,0.0,0.06181693,0.11645231,0.10606918,-0.09129393
Mrpl46,0.0,0.115994655,0.08584735,-0.06254645,0.17386818
Mrps11,0.0,0.21612799,0.13771226,-0.103987634,0.23462838
Det1,0.0,0.07443018,0.033608057,-0.060759846,-0.06623754
Aen,0.0,-0.12332629,0.077270105,-0.13248917,-0.0015334778
Gm26633,0.0,0.0020325258,0.062096164,-0.006190736,0.07557856
Acan,0.0,0.04511641,0.010014243,0.036086403,0.101500556
Mfge8,0.0,-0.12767583,-0.024198197,-0.13105486,0.11847122
Abhd2,0.0,-0.1739481,0.10877867,-0.053776167,-0.16391642
Rlbp1,0.0,0.025415387,-0.032241717,0.29646438,-0.10829776
Fanci,0.0,-0.052828405,-0.052312676,-0.10135776,-0.068882585
Polg,0.0,-0.036424734,0.08427022,0.1697917,-0.15381144
Mir9-3hg,0.0,0.44181007,0.52975225,0.5994997,0.3154642
Gm35040,0.0,-0.14016974,0.21034499,0.13981068,0.05053735
Kif7,0.0,0.096777245,-0.0785655,-0.0143766105,0.12717617
Pex11a,0.0,0.002217058,-0.06372139,0.13633776,-0.0315698
Wdr93,0.0,-0.17728923,0.009740492,0.007537295,0.04100824
Ap3s2,0.0,-0.19450243,-0.10965069,-0.038262174,-0.06750497
5430400D12Rik,0.0,0.019703068,0.14988542,0.018542007,0.078767255
Arpin,0.0,0.10656416,0.077577606,0.14236471,-0.022101395
Zfp710,0.0,-0.07825504,0.19072783,0.11373328,0.14190403
Gm21057,0.0,0.17091796,0.0032047406,0.13914986,0.07260294
Idh2,0.0,0.23165339,0.20236269,0.11706676,0.13211608
Sema4b,0.0,-0.21194354,0.1576817,0.020609565,0.0042776093
Cib1,0.0,-0.014739327,-0.17853394,-0.24193926,-0.16055013
Gdpgp1,0.0,-0.16694638,-0.20589378,0.04870446,-0.275447
Ttll13,0.0,-0.12806724,-0.035621572,-0.018152934,-0.06463032
Ngrn,0.0,-0.061733693,0.02618013,0.1034742,-0.13281122
Vps33b,0.0,0.010345146,0.19524077,0.15018591,0.111724496
Rccd1,0.0,-0.22338927,-0.39365166,0.0024871826,-0.30596024
Prc1,0.0,0.023688164,-0.09518809,0.035628647,-0.16051109
Unc45a,0.0,-0.018639348,0.030148204,0.038435515,0.045604467
Hddc3,0.0,0.17323674,0.22613561,0.24500029,0.05885385
Man2a2,0.0,0.32470533,0.2589331,0.4528016,0.19205973
Fes,0.0,0.007935537,-0.02708653,-0.06725095,-0.058881164
Furin,0.0,-0.1141953,0.22624406,0.0059410706,-0.004701998
Blm,0.0,-0.23387894,-0.0077455267,-0.29533583,-0.22834963
Crtc3,0.0,-0.45531213,-0.2150192,-0.2217193,-0.19714636
Iqgap1,0.0,0.04168634,0.20471321,0.15074193,0.03537652
Gm44649,0.0,-0.07424891,-0.044246115,-0.08360061,-0.06598513
Zscan2,0.0,-0.009282954,0.19674969,-0.106467225,-0.015308648
Wdr73,0.0,-0.22891626,-0.050382614,-0.019712375,-0.118072145
Nmb,0.0,-0.00937603,0.08581011,0.060540322,0.04006254
Sec11a,0.0,-0.19234452,-0.11547312,-0.1481625,-0.025974723
Gm44899,0.0,0.27531236,0.19421034,0.21637677,-0.12008563
Zfp592,0.0,-0.045733064,0.2917987,0.20469457,0.036930785
Alpk3,0.0,0.015475521,-0.13037187,0.03844492,-0.1144472
Slc28a1,0.0,-0.12273383,-0.17420784,-0.14323951,-0.12289752
Pde8a,0.0,0.31331563,0.1766302,0.13330196,-0.10394284
Rps17,0.0,0.2889244,0.3242926,0.07076402,0.37746704
Cpeb1,0.0,0.14460105,0.19565955,0.16869137,-0.00044114888
Ap3b2,0.0,-0.06932167,0.063183986,0.009260818,-0.12397205
2900076A07Rik,0.0,0.06960252,0.049229708,0.076987416,-0.25439662
Fsd2,0.0,-0.01843183,-0.0029384121,0.024056574,-0.013886461
Whamm,0.0,0.19910435,0.13286678,0.43510658,-0.12696399
Homer2,0.0,0.050644435,0.045235716,0.011908472,0.025142498
Ramac,0.0,0.44707102,0.24286535,0.1697475,0.32551098
3110040N11Rik,0.0,0.21335033,-0.0046067387,-0.03440804,-0.002114281
Btbd1,0.0,-0.042361107,-0.06265743,-0.05486716,-0.014828492
Gm10160,0.0,-0.036439225,-0.04702892,0.017127097,-0.006206092
Tm6sf1,0.0,0.3285058,0.071047306,0.21339923,0.08670217
Hdgfl3,0.0,0.11741282,0.10890037,0.049944624,-0.008872643
Sh3gl3,0.0,0.06636686,-0.27566472,-0.039033618,-0.3069348
Adamtsl3,0.0,-0.024218263,-0.13331157,0.008804219,-0.060627304
Saxo2,0.0,0.23898955,0.055181343,-0.075201675,0.036438614
Efl1,0.0,-0.0026599318,0.12635846,0.115989186,0.05579637
Gm36584,0.0,-0.0030520335,-0.007813148,0.11661258,0.12675303
Mex3b,0.0,0.08595182,0.1374104,0.2026802,0.11420332
Tmc3,0.0,-0.09977976,-0.01025567,-0.06775465,0.022642199
Gm16638,0.0,-0.15381563,-0.24651827,0.1754797,-0.12268804
Stard5,0.0,0.12527646,0.101140074,0.016556107,0.136154
Il16,0.0,0.10258575,0.011896625,0.10052349,-0.029635567
Cfap161,0.0,-0.014151342,-0.062060475,-0.031782787,-0.0044109
Tlnrd1,0.0,-0.096154734,0.0726974,0.04674605,0.05977518
Mesd,0.0,0.2699301,0.096924424,0.2129052,0.19665265
Cemip,0.0,-0.031218115,-0.047400307,-0.15102291,-0.22723669
Abhd17c,0.0,-0.32676858,0.008695178,-0.05686896,-0.27084824
Gm26708,0.0,0.012188237,0.004101036,-0.11870454,-0.080896914
Arnt2,0.0,0.056726687,0.14077438,0.21619219,-0.00886482
Gm2115,0.0,0.3856008,0.4020154,0.26843575,0.17972413
Fah,0.0,0.42044988,0.3989417,0.20717794,0.0522279
Zfand6,0.0,-0.19427471,-0.043282267,-0.23311113,-0.07188058
2610206C17Rik,0.0,0.047353037,0.18679187,0.12242367,0.07420066
Folh1,0.0,-0.44734412,-0.24160376,-0.6037767,-0.08066961
Nox4,0.0,-0.26246843,-0.20923987,-0.23643589,-0.26393947
Grm5,0.0,0.34377173,0.18540591,0.20372343,-0.0010355562
Ctsc,0.0,0.013200436,-0.11693285,0.09152776,0.108712204
Rab38,0.0,0.0254704,0.017348276,-0.09835692,0.06279356
Tmem135,0.0,-0.036294952,0.050854824,0.004436247,-0.06688879
Gm44995,0.0,-0.18223825,-0.101087525,-0.24350339,-0.08243279
Fzd4,0.0,0.07333726,0.02473927,0.18125786,-0.01186128
Prss23,0.0,0.010795649,-0.116205014,0.08776876,-0.004451366
Me3,0.0,-0.10146057,-0.15268949,0.058788065,-0.17202133
Ccdc81,0.0,-0.052331667,-0.05577835,0.016539391,0.0015603463
Hikeshi,0.0,-0.08314439,-0.09329411,-0.064977534,0.03603805
Eed,0.0,0.23522598,0.0215531,-0.0153041035,0.09769221
E230029C05Rik,0.0,-0.07298665,-0.16447534,0.16997173,-0.1302486
2310010J17Rik,0.0,0.081150286,0.097279094,0.2049874,-0.15341748
Picalm,0.0,0.16433288,0.2431128,0.08499945,0.025347427
Sytl2,0.0,0.34222192,0.18620688,0.17690378,0.18804058
Crebzf,0.0,0.3122373,0.17360166,0.34697,0.13664186
Tmem126a,0.0,-0.05693175,0.27012518,-0.041535884,0.15646653
Tmem126b,0.0,0.02087142,-0.041896787,-0.15739748,-0.3120722
Dlg2,0.0,-0.0032387152,-0.06761302,-0.08457251,0.084013686
Gm45159,0.0,0.27040944,-0.042102247,0.061910145,0.14089471
4930567K12Rik,0.0,0.0044008847,-0.09630174,-0.105029665,-0.0673458
Ccdc90b,0.0,-0.22037844,-0.37834525,-0.14587319,-0.13748237
Ankrd42,0.0,0.42987794,0.18720539,0.26408812,0.1543119
Gm26944,0.0,-0.2999099,-0.18202753,-0.38677895,-0.30779386
Pcf11,0.0,-0.0028635599,0.016381443,0.04736293,-0.1650101
Gm26981,0.0,-0.20535421,-0.07474718,0.010498895,0.029078603
4632427E13Rik,0.0,-0.036729157,0.03323385,0.3132899,0.21162452
Rab30,0.0,0.02219753,0.14487275,0.13216135,0.01498118
Prcp,0.0,-0.123676546,0.15396652,0.16813332,-0.031233758
Gm26862,0.0,-0.0023248792,0.068070665,0.066219114,-0.19737273
Gm9934,0.0,-0.091012836,-0.25546393,-0.20418721,-0.117334455
Fam181b,0.0,0.21116367,-0.11689659,0.004589729,-0.048467107
Gm32647,0.0,0.008281276,-0.14140552,0.104968905,-0.4537148
Tenm4,0.0,0.47509444,0.34911832,0.34524184,0.07351306
Gm15414,0.0,0.007808579,-0.093927,-0.025128536,-0.08966596
Gm15413,0.0,0.09181829,0.05207584,-0.02036371,0.025770182
C230038L03Rik,0.0,0.25858435,0.0508727,0.11129827,0.18341294
Nars2,0.0,-0.09192767,0.00062161265,-0.19359253,-0.023464117
Gab2,0.0,0.023233756,0.025683403,0.119679645,0.11109892
Usp35,0.0,-0.009257466,-0.019552028,-0.023380216,-0.050927486
Kctd21,0.0,0.028859094,0.15639848,0.17996919,0.26110137
Alg8,0.0,-0.03598816,-0.27691862,-0.22767726,-0.12539221
Ndufc2,0.0,-0.011245973,-0.034005426,0.01962712,-0.06243272
Thrsp,0.0,-0.076408476,-0.2459054,-0.07477482,-0.107534364
Ints4,0.0,-0.08756562,0.07863957,0.09760326,0.061188467
Aamdc,0.0,-0.1421358,-0.03985309,-0.065952145,-0.112873815
Rsf1,0.0,0.053833693,0.19853026,0.052436963,0.12892321
Rsf1os1,0.0,-0.05280738,0.177634,-0.24866296,-0.2478966
Rsf1os2,0.0,0.07020219,-0.19874677,-0.015480623,-0.1952722
Clns1a,0.0,-0.014100552,0.03954825,0.0040209293,-0.1261636
Aqp11,0.0,-0.19759268,-0.1584472,-0.09262177,-0.15055567
Pak1,0.0,0.49334282,0.2928115,0.02513668,0.09214501
Myo7a,0.0,-0.021027654,-0.030349871,-0.114192426,0.048047457
Capn5,0.0,0.15168124,-0.05698544,-0.22653827,-0.0002855491
B3gnt6,0.0,0.05835336,-0.09549158,0.08543526,0.0055750273
Acer3,0.0,-0.15925674,-0.107275814,-0.16701777,-0.111413345
Emsy,0.0,-0.012403429,0.0428685,0.016809784,-0.004695192
Thap12,0.0,0.0711761,-0.22016929,0.02645676,-0.006703565
Uvrag,0.0,-0.16860238,0.056392234,-3.7949532e-05,-0.11034376
Dgat2,0.0,0.25803965,0.22648653,0.08572443,-0.119562626
Map6,0.0,-0.0461922,0.07009954,0.005538713,-0.20182732
Gm45591,0.0,-0.022543829,-0.022062782,-0.0070642917,-0.005522286
Serpinh1,0.0,-0.2258811,-0.08451758,0.1501494,0.19259267
Gdpd5,0.0,0.07343331,0.101922855,0.06692599,-0.18514019
Klhl35,0.0,0.0020297002,0.0582547,0.024768643,-0.062628046
Rps3,0.0,0.042403564,-0.022934496,-0.25018114,0.13201098
Arrb1,0.0,0.014406256,0.24958393,0.11807846,-0.1921221
Tpbgl,0.0,-0.057231255,-0.08783582,0.14278914,0.0467706
Gm10605,0.0,0.05041696,0.024198137,0.053612463,-0.017914455
Slco2b1,0.0,0.0678894,0.016297484,-0.017915495,0.026794737
Neu3,0.0,0.13627042,0.05259028,-0.038404793,0.14271516
Spcs2,0.0,-0.19227394,-0.06617238,-0.105678424,0.059935372
Xrra1,0.0,0.15795946,-0.008990221,0.013882335,0.060655802
Gm38405,0.0,0.037829068,0.01796693,-0.002011221,0.013126494
Rnf169,0.0,-0.16550736,0.016561761,0.01652724,-0.062220328
Pold3,0.0,0.18132561,0.1677849,0.22231403,0.1363571
Lipt2,0.0,0.33849323,0.14327554,0.18576044,0.15757161
Gm34821,0.0,0.08456564,-0.07071785,0.030617854,0.081848145
Pgm2l1,0.0,0.27669948,0.105793476,-0.011456713,0.16187693
P4ha3,0.0,-0.04788279,-0.022583317,-0.013589285,0.029553577
Ppme1,0.0,0.015396513,0.08628583,0.017544702,0.021748215
C2cd3,0.0,-0.3249668,-0.086604685,-0.25243533,-0.21879199
Gm10603,0.0,0.08854899,-0.14057298,-0.051446885,-0.3290367
Ucp3,0.0,0.0027535707,0.2558824,0.43284988,0.07434803
Coa4,0.0,0.17611903,0.22292988,-0.0783588,0.15650657
Mrpl48,0.0,-0.09802432,-0.026385233,0.036973916,0.0014986098
Rab6a,0.0,0.12240698,0.17712754,0.006406456,0.05111604
Plekhb1,0.0,0.32490215,0.14795482,0.15644029,0.0116535425
Fam168a,0.0,-0.3021762,0.002491936,-0.109164625,-0.1376459
Relt,0.0,0.37084657,0.25365025,0.26677394,0.0052927285
Arhgef17,0.0,0.10061476,0.110292986,0.03146994,0.05277571
P2ry6,0.0,-0.1117014,-0.09309847,-0.08974621,-0.0836748
Fchsd2,0.0,-0.031643406,0.13416047,-0.005738333,0.09162235
Atg16l2,0.0,0.3423218,0.15409999,0.168537,-0.2835514
Stard10,0.0,-0.29380438,0.045802873,-0.072585694,-0.07219534
Gm45620,0.0,-0.121252745,0.06604946,0.06594688,0.043164697
Arap1,0.0,0.17795312,0.14093758,0.5374285,-0.13440458
Pde2a,0.0,0.26882833,0.19559342,0.5378732,0.2129372
Clpb,0.0,-0.3563579,-0.11232303,-0.12674394,-0.19068646
Inppl1,0.0,0.35952827,0.2903742,0.34940755,0.24905223
Gm10602,0.0,0.161272,0.026207328,0.10287248,0.060859516
Anapc15,0.0,0.17565203,-0.03390262,0.09031628,-0.15634423
Lamtor1,0.0,0.085140035,0.1614418,0.19373415,0.21251357
Lrrc51,0.0,0.09059563,0.0042635873,0.19775042,-0.12720075
Numa1,0.0,0.09127107,0.28520367,0.3113521,0.040716276
Il18bp,0.0,0.048331648,0.1686168,0.35883898,0.07093798
Rnf121,0.0,-0.3689703,-0.10107902,-0.10339046,-0.20426625
Xndc1,0.0,-0.49577785,-0.1480896,-0.10414406,-0.13735884
Nup98,0.0,-0.13624598,-0.105635926,-0.2678595,-0.07182284
Pgap2,0.0,-0.27169248,-0.05886922,-0.065394744,-0.05794033
Rhog,0.0,-0.025039136,0.5387191,-0.039742023,0.035036772
Stim1,0.0,-0.13157839,0.020822978,-0.09872952,-0.17688768
Rrm1,0.0,0.039493445,-0.1372029,0.14239421,-0.013222672
Olfr552,0.0,-0.002079375,0.023833213,-0.115471676,-0.07557549
Trim68,0.0,-0.2558125,-0.3017077,-0.15725271,-0.41957805
Trim34a,0.0,0.04573743,-0.18052381,-0.14053312,-0.3488351
Trim5,0.0,-0.111400455,-0.1609004,-0.059881825,-0.08757735
Trim12a,0.0,0.006124571,0.18474886,0.2517319,0.09241034
Trim12c,0.0,0.11511347,0.0095608905,0.07663342,-0.07559563
Trim30a,0.0,0.05642916,0.102489516,-0.08953648,-0.12984326
Trim30d,0.0,0.25337237,0.5364599,0.30284438,0.25216317
Olfr690,0.0,0.007543884,-0.13990824,-0.19297236,-0.159426
Olfr691,0.0,-0.13840485,-0.1074197,0.13170138,-0.022525767
Fam160a2,0.0,0.026301272,-0.054662514,-0.09462805,0.06656364
Gm45885,0.0,0.28094038,-0.03475924,0.0360438,-0.05888711
Cckbr,0.0,-0.05084213,0.04358169,-0.051993392,-0.031774703
Cavin3,0.0,0.2881336,0.15533748,-0.07444516,0.037011974
Smpd1,0.0,-0.10820868,0.15799905,0.13503632,0.117598996
Apbb1,0.0,0.27967134,0.18367426,0.11337576,0.17789212
Trim3,0.0,0.13300025,0.14575902,0.27354574,0.09049571
Arfip2,0.0,0.10536182,0.3911209,0.3436967,0.17919841
Timm10b,0.0,0.175959,0.15174812,0.12127196,-0.025037318
Dnhd1,0.0,0.005727608,-0.08668005,0.0055872784,-0.1914147
Rrp8,0.0,-0.10003586,-0.33146396,-0.65136194,-0.23924065
Ilk,0.0,0.35452056,0.06484512,-0.009837925,-0.21334639
Taf10,0.0,-0.008637279,-0.061732814,-0.29291916,-0.29412788
Tpp1,0.0,0.09341204,0.21959002,0.08293863,0.021456704
Dchs1,0.0,-0.18271844,-0.1254673,-0.13031739,0.1077358
Mrpl17,0.0,-0.0031330362,0.17118588,-0.14979929,0.11636416
Syt9,0.0,0.2825194,-0.011096209,0.13618834,-0.20876133
Olfml1,0.0,-0.123972535,-0.04621297,-0.1778742,-0.076112576
Ppfibp2,0.0,0.157247,0.3111065,0.4079748,0.10471068
Eif3f,0.0,0.24196614,0.13584,-0.021316513,0.31337842
Tub,0.0,0.27528143,0.03997221,0.09673697,0.027736612
Ric3,0.0,-0.18308075,-0.24712111,-0.22253011,-0.15665323
Lmo1,0.0,0.14426558,0.09485946,0.13449892,0.021876678
Stk33,0.0,-0.15204206,0.04788491,0.008425983,-0.14733684
Trim66,0.0,0.3293239,0.26896486,0.06527792,0.17234918
Rpl27a,0.0,0.18433897,0.09703947,-0.15346608,0.18408465
St5,0.0,-0.115907,0.036539234,0.03204714,-0.103515714
Akip1,0.0,-0.08300543,-0.13317066,-0.035345692,-0.05615033
Tmem9b,0.0,-0.1945049,-0.03915151,-0.004936925,-0.0018064613
Nrip3,0.0,0.3187719,0.2502218,-0.119258955,-0.016021922
Scube2,0.0,0.25669897,0.0067958236,0.3971825,-0.0020464212
Dennd5a,0.0,0.07253452,0.2521157,0.36494613,0.16232085
Tmem41b,0.0,0.19555417,0.041678295,0.22118953,-0.06813125
1600010M07Rik,0.0,-0.15787879,-0.1978126,-0.082763985,-0.13797835
Ipo7,0.0,0.19849607,0.22487506,0.031245306,0.12384925
Zfp143,0.0,-0.036972914,-0.013866607,0.13462396,-0.03755835
Wee1,0.0,-0.16562061,-0.124172434,-0.14098096,-0.003684681
Swap70,0.0,0.07848485,0.12449956,0.04776102,0.120886125
Sbf2,0.0,0.09803223,0.061498165,0.1983144,0.08342944
Adm,0.0,-0.31220472,-0.2647974,-0.2815021,-0.23199013
Ampd3,0.0,0.19207267,0.1773977,0.11585919,0.18435825
Rnf141,0.0,0.3479831,0.13618396,0.03589408,0.017611727
Mrvi1,0.0,0.20553917,-0.15031704,-0.11010081,0.05296386
Ctr9,0.0,-0.059301466,0.08931457,0.023392735,-0.29862836
Eif4g2,0.0,0.5193547,0.122967154,-0.047096282,0.08818819
1700012D14Rik,0.0,0.15993582,0.213886,0.4503011,0.15226014
Galnt18,0.0,-0.29935378,-0.28509265,-0.41331673,-0.09877676
Usp47,0.0,0.007441938,0.14586341,0.17316437,0.071026206
Dkk3,0.0,-0.3702305,-0.06727978,-0.29457146,-0.4097574
Mical2,0.0,-0.31404132,-0.08766332,-0.07461146,-0.1465608
Parva,0.0,-0.22834241,0.037835382,-0.046489052,-0.18030056
2310014F06Rik,0.0,0.16928533,0.09508082,0.06768015,0.049430847
Tead1,0.0,-0.36750638,-0.24099705,-0.18803558,-0.057896845
Rassf10,0.0,-0.049853347,-0.110211626,-0.06287277,-0.14392981
Arntl,0.0,-0.14217187,-0.02305336,-0.18421403,-0.14647637
Btbd10,0.0,-0.19847403,0.019453324,-0.25435388,-0.114231095
Far1,0.0,0.15816326,0.11874282,0.12974074,-0.112148985
Far1os,0.0,0.10579795,-0.0020473506,-0.25013795,-0.13107827
Spon1,0.0,-0.12833749,-0.07802706,-0.093157336,-0.039298482
Rras2,0.0,-0.1899001,-0.25406256,-0.2037879,-0.14126226
Copb1,0.0,0.082830854,-0.101255186,0.08757944,-0.102602236
Psma1,0.0,-0.09067281,0.14188457,-0.037948027,-0.007068604
4933406I18Rik,0.0,0.094745435,0.051587358,0.3542982,0.04821977
Pde3b,0.0,0.050219156,0.035707623,0.14199893,-0.10938172
Cyp2r1,0.0,0.0047786497,0.09948033,-0.002697099,0.07659224
Insc,0.0,0.24329802,-0.037853092,-0.1087366,0.096382245
Sox6,0.0,-0.121768415,0.055116333,-0.09104708,0.016730405
Gm45025,0.0,0.065715164,0.20521864,-0.6032256,0.10771353
1110004F10Rik,0.0,0.19747011,0.11522679,0.05758471,-0.008315176
1700003G18Rik,0.0,-0.0077921003,-0.23018262,-0.23315518,-0.24181865
Plekha7,0.0,-0.032125413,0.22104283,0.34528834,0.11108623
Rps13,0.0,-0.013100095,0.007924117,-0.1930577,0.19304472
Gm44777,0.0,0.18463218,0.073719084,0.14337221,0.14916871
Pik3c2a,0.0,0.118694305,-0.08207929,-0.03669703,0.007904716
AV356131,0.0,0.16807514,0.24681604,0.5141044,-0.054710865
Nucb2,0.0,-0.01635655,-0.23199466,-0.20294115,-0.20071906
4732496C06Rik,0.0,-0.04896356,0.015273126,0.046512593,0.06522262
Xylt1,0.0,-0.21587394,-0.02628983,-0.011479603,-0.07048966
Rps15a,0.0,0.3251892,0.13322592,-0.12088315,0.38469088
Arl6ip1,0.0,0.011632159,-0.1380331,-0.112134814,0.048247848
Smg1,0.0,0.0936613,0.09361409,0.18303888,0.05683507
Syt17,0.0,0.34260044,0.12146374,0.20306897,0.14215408
Itpripl2,0.0,-0.019523768,0.053301215,-0.097061634,0.048879907
Coq7,0.0,-0.044583246,-0.035828028,-0.32112807,-0.071097285
Tmc7,0.0,0.08890475,0.06691642,0.24134895,0.09214485
Gde1,0.0,-0.05324866,-0.014787488,-0.022202425,-0.028589934
Ccp110,0.0,0.3319914,0.04648535,0.11759548,0.048572756
Vps35l,0.0,-0.11386556,0.104961395,0.053829223,-0.033543877
Knop1,0.0,-0.027581573,0.019931974,-0.04460425,-0.08766504
Iqck,0.0,-0.016087465,0.15645024,0.28060704,-0.19265696
Gprc5b,0.0,-0.023678958,0.14461677,0.039485037,0.06409249
Gpr139,0.0,-0.0860459,-0.3856439,-0.27437252,-0.15065743
Thumpd1,0.0,0.1099507,0.05667696,-0.027232237,0.008992426
Gm44866,0.0,-0.0022930093,0.0063637514,-0.008019425,0.102105156
Eri2,0.0,-0.08121149,0.05279687,-0.05909313,-0.15091285
Rexo5,0.0,0.25042433,0.13342398,0.19138694,0.15404592
Dcun1d3,0.0,-0.173441,0.051846366,-0.058694072,-0.044267688
Lyrm1,0.0,-0.16082118,-0.017806988,0.026401073,0.08247228
Dnah3,0.0,0.08144593,0.05455305,-0.0063242763,0.053003583
Tmem159,0.0,-0.054454677,-0.034642074,0.021291219,0.06457353
Crym,0.0,-0.0013244916,0.01869705,-0.051891115,0.06437859
Gm32916,0.0,-0.06192147,-0.1430463,-0.099858955,-0.15635091
Uqcrc2,0.0,0.21207437,0.330626,0.2763806,0.20768404
Pdzd9,0.0,-0.020436337,-0.093478546,-0.07562831,-0.12631372
9030407P20Rik,0.0,-0.024594164,0.15049441,-0.20412505,-0.112613924
Mosmo,0.0,-0.029991124,0.06867027,-0.10800147,-0.019281518
Vwa3a,0.0,0.013437907,-0.0872559,-0.08116895,0.08444895
Eef2k,0.0,0.25070214,0.2531993,0.36836442,0.19537535
Polr3e,0.0,0.015587911,0.08424028,0.048545238,-0.14421552
Cdr2,0.0,0.072008274,-0.019082483,-0.16003385,-0.12556757
Mfsd13b,0.0,-0.021774292,0.023291623,0.08332102,-0.0116145015
Mettl9,0.0,0.060344256,0.031746253,0.09962745,-0.12294583
Igsf6,0.0,0.1300283,-0.07789937,0.044895694,-0.06348203
Otoa,0.0,-0.4057739,-0.30828592,-0.4717127,-0.30018836
Gm36736,0.0,-0.0006310297,-0.02589992,-0.008841154,-0.0013555363
Hs3st2,0.0,-0.18542272,-0.13161142,-0.103550866,-0.20678848
4933432K03Rik,0.0,-0.7243665,-0.28084418,-0.49964797,-0.4702909
Usp31,0.0,0.21446547,0.24337094,0.13162501,0.15694407
Cog7,0.0,-0.08860187,0.20477715,0.018246084,-0.07362804
Gm44987,0.0,-0.1323612,-0.04391014,-0.08172392,-0.12974632
Gga2,0.0,-0.001058653,0.06996496,0.094229445,-0.069691956
Ears2,0.0,-0.14177723,-0.05796791,-0.26693547,-0.24495378
Ubfd1,0.0,0.21339506,-0.10757172,0.1796761,0.014141202
Ndufab1,0.0,0.03886202,-0.03551984,-0.15332133,0.11698145
Palb2,0.0,0.19563583,0.1432883,0.10759114,0.05160881
Dctn5,0.0,0.03624616,0.09362805,0.10307511,-0.27824575
Gm15489,0.0,-0.23628595,-0.16834804,-0.097231135,-0.086105764
Plk1,0.0,-0.028118186,-0.10758441,-0.026521455,0.004128173
Prkcb,0.0,-0.23738682,-0.06583668,-0.25115228,-0.25812215
Cacng3,0.0,0.048035502,0.052886643,0.09816079,-0.060935847
Rbbp6,0.0,0.23527873,0.28331238,0.23299444,-0.031044587
Gm20274,0.0,0.13854173,-0.08538189,0.1340212,0.091228835
Gm45847,0.0,0.085533656,0.06885465,0.30379036,0.037294507
Tnrc6a,0.0,-0.05941707,0.034817632,-0.028722547,-0.050761946
Slc5a11,0.0,0.157627,0.1330775,0.5439339,0.36380053
Arhgap17,0.0,0.19103736,0.21122834,0.3544359,0.04438612
Lcmt1,0.0,-0.016490556,0.17324013,0.12534952,-0.03506753
Zkscan2,0.0,0.2610831,0.2637931,0.34656,-0.04614468
Gm26974,0.0,-0.022991829,-0.0035964735,-0.013452247,0.012165426
Gm27040,0.0,-0.022066332,-0.047099143,-0.016150663,-0.00041367766
Hs3st4,0.0,0.2826621,0.26823032,0.18050182,0.066447854
3100003L05Rik,0.0,0.03161239,0.015355583,0.036083188,0.022122383
Kdm8,0.0,-0.0932972,-0.07617244,0.28025594,-0.03273428
Nsmce1,0.0,-0.0074562505,-0.048737403,-0.0575401,0.06861668
Il4ra,0.0,0.14256005,-0.03464196,0.09943511,0.12958132
Gtf3c1,0.0,0.16220261,0.09288281,0.10601214,-0.068909936
D430042O09Rik,0.0,-0.15525973,-0.019171096,-0.014072135,0.08225175
Gsg1l,0.0,-0.109380074,-0.1755519,0.035786297,0.0060004033
Xpo6,0.0,0.3178077,0.28794882,0.29301038,0.14636682
Sbk1,0.0,0.074342914,0.1161931,0.05891643,-0.0915453
Lat,0.0,0.030338788,0.021926954,0.057616156,0.09252937
Spns1,0.0,-0.053012088,0.12607425,0.31341475,0.07485207
Nfatc2ip,0.0,-0.2616644,-0.24163125,-0.17014325,-0.13147241
Rabep2,0.0,0.09889168,0.36219275,0.29047894,-0.12482433
Sh2b1,0.0,0.031857368,0.22438854,-0.024657972,-0.11775804
Tufm,0.0,-0.020390019,0.30971614,-0.078422405,-0.0033184588
Atxn2l,0.0,0.34677246,0.17241825,0.40911943,-0.12583323
Eif3c,0.0,0.19093665,0.2004286,-0.10580702,0.021300763
Cln3,0.0,0.1588502,-0.09930703,0.02555754,-0.05582302
Il27,0.0,-0.031157747,-0.34424263,-0.3374564,-0.4653628
Nupr1,0.0,-0.06753482,0.066745326,0.056828346,0.06851119
2510046G10Rik,0.0,0.106241874,0.02756414,0.106498316,-0.08819727
Sgf29,0.0,-0.055705838,0.100287996,0.0003029257,0.24042898
Sult1a1,0.0,-0.28753242,-0.30306834,-0.43394136,-0.5201878
Slx1b,0.0,0.070539385,0.010046199,0.3057689,0.15179569
Bola2,0.0,0.2041454,0.22985399,-0.041500688,0.22448811
Coro1a,0.0,0.25498167,0.3505947,0.031240195,0.26195112
Mapk3,0.0,0.3059366,0.0026874393,0.18825734,-0.065820694
Gdpd3,0.0,-0.16188353,-0.11383404,0.22998334,-0.059256524
Gm9967,0.0,-0.08751348,-0.008152887,-0.12647553,-0.2062411
Ypel3,0.0,0.1912022,0.32706192,0.114859685,0.13442591
Tbx6,0.0,-0.104880646,-0.04330327,-0.016896311,-0.099291876
Ppp4c,0.0,0.010676665,-0.13795033,0.05116323,-0.021723986
Aldoa,0.0,0.020784408,0.24644382,-0.0764751,0.23606016
Fam57b,0.0,0.19811083,0.16703883,-0.07657043,0.10146095
Aldoa-1,0.0,-0.049961846,-0.16046408,-0.08850813,-0.04213491
Doc2a,0.0,-0.010128894,-0.051889494,0.043948982,-0.17535116
Ino80e,0.0,0.11179728,-0.13298227,-0.22058403,-0.10390976
Hirip3,0.0,0.19106892,0.030166622,-0.03683032,-0.11502191
Taok2,0.0,0.0153189525,0.13027829,0.1717223,0.04080297
Tmem219,0.0,0.21641336,0.21144703,0.097121336,0.2810428
Gm20650,0.0,0.042857952,-0.14246647,0.067973316,-0.15837283
Kctd13,0.0,0.31978863,-0.040855408,-0.04003766,0.027227
Asphd1,0.0,0.09792015,0.012520181,0.006562669,-0.13730715
Sez6l2,0.0,0.31339833,0.18131906,0.2600376,0.022426426
Cdipt,0.0,0.3663338,0.1408226,0.22284569,0.014714152
Mvp,0.0,-0.13886449,0.14275008,0.3994349,0.03265971
Pagr1a,0.0,-0.3939912,-0.27061674,-0.20396009,-0.15849759
Prrt2,0.0,0.17533965,0.010218754,0.12799415,0.03818399
Maz,0.0,-0.0710893,0.26041615,0.2204223,-0.24499628
Kif22,0.0,-0.0020248014,-0.100354195,0.19895038,-0.13756871
Cd2bp2,0.0,0.117697984,0.13726789,0.11220551,0.10421991
Tbc1d10b,0.0,0.048807528,0.12750678,0.08983748,-0.044902876
Mylpf,0.0,0.05164387,-0.027068976,-0.018679056,0.083326854
Sept1,0.0,0.4073444,0.37646717,0.49515745,-0.05268708
Zfp553,0.0,0.047199327,-0.12798217,0.081677444,0.21424833
Zfp771,0.0,-0.079708144,0.23567122,0.3293762,0.022058353
Dctpp1,0.0,-0.2380154,-0.03758137,-0.12610488,-0.008771088
Sephs2,0.0,0.46896547,0.120725214,0.05846198,0.3388925
Zfp768,0.0,0.30506063,0.0099363625,0.20667602,0.049116686
Zfp747,0.0,-0.08554909,-0.102606565,-0.06630854,-0.108110175
9130019O22Rik,0.0,0.08754036,0.037531905,0.0487716,0.17250599
E430018J23Rik,0.0,-0.026562378,0.15739243,0.15719408,0.14012314
Zfp764,0.0,0.025599465,0.05144247,0.17130606,0.17479125
Zfp688,0.0,0.14879307,-0.062343627,0.19887894,0.14135653
Gm45184,0.0,0.20908998,-0.44707966,-0.040670957,-0.19873829
Zfp689,0.0,-0.064533025,0.018387849,0.0022630729,0.07854974
B130055M24Rik,0.0,-0.19043113,-0.07987838,-0.14530519,-0.054969586
Prr14,0.0,-0.20874602,0.010891658,0.021346625,-0.18462758
Fbrs,0.0,-0.18471932,0.00083645433,-0.081980914,-0.19355807
1700008J07Rik,0.0,-0.20921454,-0.0738668,-0.07746704,0.0960387
Srcap,0.0,-0.118439205,-0.021243066,0.08494122,-0.07889106
Gm28198,0.0,-0.3134209,0.04785885,-0.24504118,-0.31147376
Tmem265,0.0,-0.02769005,0.13935356,-0.08608902,-0.15337893
Phkg2,0.0,0.0042720214,0.09980654,0.14347522,0.07679242
Ccdc189,0.0,-0.0027851611,0.19274318,0.12258483,0.12151239
Rnf40,0.0,-0.1640243,-0.23502702,-0.17278846,-0.4065674
Gm44759,0.0,0.03332644,-0.03098105,-0.113935955,-0.020703912
Zfp629,0.0,0.109716214,0.093664184,0.14909704,0.047590822
Bcl7c,0.0,-0.004231453,0.32748234,0.30795023,0.09517553
Gm39090,0.0,-0.025506154,0.18562785,-0.06388828,0.36328816
Ctf1,0.0,0.10969875,-0.013836302,0.066038005,0.022341449
Ctf2,0.0,-0.08555763,-0.0059481207,-0.0153003605,-0.14189312
Fbxl19,0.0,0.12587216,0.2593956,0.3548506,0.058925256
Orai3,0.0,-0.08520473,-0.16513628,0.37048304,-0.096858256
Setd1a,0.0,0.21874294,0.2112696,0.37590727,0.30467233
Hsd3b7,0.0,-0.024491586,0.32118914,0.09228912,-0.04321664
Stx1b,0.0,0.38735232,0.30920872,-0.11016595,0.20631519
Stx4a,0.0,-0.15893257,0.08822894,-0.16745262,-0.14160821
Zfp668,0.0,-0.08252615,-0.31180373,-0.12959869,-0.29431972
Zfp646,0.0,0.0088010635,0.029347096,-0.08672605,-0.05447434
Prss53,0.0,0.05025076,-0.050859436,0.075774446,0.06409519
Vkorc1,0.0,0.071791634,0.14726074,0.07284659,0.010640696
Bckdk,0.0,0.2057774,0.47012305,0.09424923,0.099420026
Kat8,0.0,-0.120163865,-0.1537273,-0.110732526,-0.10015732
Prss36,0.0,0.085279115,0.3296957,0.14584887,-0.02510725
Fus,0.0,-0.009117514,0.09007263,0.19081952,0.20530692
Pycard,0.0,-0.21061516,0.0066384934,-0.039381843,0.08670012
Itgam,0.0,0.09551416,0.1282446,-0.04232589,0.046486072
Itgad,0.0,-0.09813942,-0.126651,-0.17153549,-0.1366431
9130023H24Rik,0.0,3.8661063e-05,0.120477855,0.004680205,0.076717876
Armc5,0.0,0.31252557,0.2522009,0.535079,0.02575542
Tgfb1i1,0.0,0.1773517,0.27962995,0.005535692,0.1055879
BC017158,0.0,0.09221148,0.094625704,0.07018859,-0.083607875
Rgs10,0.0,0.2151856,0.05938573,-0.03776183,0.07433763
Gm15503,0.0,-0.019204617,0.035439458,0.017786974,0.06912787
Tial1,0.0,0.3771881,0.3241791,0.2057597,-0.03017664
Bag3,0.0,0.13859317,0.026176676,0.27345213,0.08040456
Inpp5f,0.0,0.39796203,0.2891062,0.22840488,0.090364456
Mcmbp,0.0,-0.008490965,0.13721581,0.18919241,0.042534783
Sec23ip,0.0,-0.09055238,0.016839022,-0.03302473,-0.012865592
Plpp4,0.0,-0.025517523,0.2286141,-0.039016105,-0.018555112
Wdr11,0.0,0.0680949,0.048764355,0.20332457,0.0047744364
Fgfr2,0.0,-0.17731401,-0.1747661,-0.26422602,-0.07384457
Ate1,0.0,-0.024263704,0.037034016,-0.21016084,-0.13871492
Nsmce4a,0.0,0.13258551,-0.022253726,-0.22691225,0.11901879
Tacc2,0.0,0.3696058,0.24609107,0.15679905,0.16981894
Btbd16,0.0,0.07117532,-0.03408043,-0.011422442,0.0039466564
Plekha1,0.0,-0.03705584,-0.09765684,0.06799034,-0.1915607
Htra1,0.0,-0.13125452,-0.15504926,-0.43677354,-0.023217946
2310057M21Rik,0.0,0.21683733,0.009698149,-0.06345847,-0.116910234
Pstk,0.0,0.2396416,0.15102501,0.21993889,0.11528547
Ikzf5,0.0,-0.07029107,-0.35250896,-0.41255563,-0.28615445
Acadsb,0.0,-0.017375357,0.053844057,0.19689323,0.031702183
Bub3,0.0,0.02033948,-0.101647675,0.024104869,0.018223377
Gpr26,0.0,0.047891706,-0.14094394,-0.19527802,-0.12723245
Chst15,0.0,0.023046564,-0.11517648,0.07849698,-0.10401322
Oat,0.0,0.14413643,0.53459245,0.2416882,0.24196234
Lhpp,0.0,-0.068788484,0.11157268,0.0797063,-0.13158071
Fam53b,0.0,-0.0810135,0.13616723,-0.2335071,-0.094169594
Eef1akmt2,0.0,0.10925541,-0.029633198,-0.039799478,0.03980331
Abraxas2,0.0,-0.17712405,-0.05280125,-0.011283213,0.03026256
Zranb1,0.0,0.047819063,0.124041855,0.00016999245,0.040049516
Ctbp2,0.0,0.019858416,-0.04027281,-0.11532982,-0.42700517
Edrf1,0.0,-0.04233048,-0.048167564,-0.30054817,-0.2021566
Uros,0.0,-0.008174941,-0.08724951,0.03237025,-0.47909936
Bccip,0.0,-0.073374376,-0.15244873,-0.04022078,-0.42257586
Dhx32,0.0,-0.09535628,0.0074916612,-0.11415301,-0.014694648
Fank1,0.0,-0.105287805,-0.17054278,0.013213884,0.016319294
Adam12,0.0,-0.089385666,-0.17911115,-0.052706502,-0.22626726
D7Ertd443e,0.0,0.27388713,0.016789824,0.3344799,0.15111883
Dock1,0.0,-0.036373734,0.1605537,0.1410676,0.062484138
Insyn2a,0.0,0.21579075,0.2980405,-0.051508516,0.011426404
Ptpre,0.0,0.28301024,-0.027175091,-0.12484168,-0.13802189
5830432E09Rik,0.0,-0.005091226,-0.012442423,0.009308798,0.0010661203
Mki67,0.0,-0.008981321,-0.0030806023,-0.011374723,-0.0013093497
C030029H02Rik,0.0,0.025115713,-0.062585734,0.044038154,-0.07862847
Mgmt,0.0,-0.08634117,-0.08085995,-0.05898487,-0.047024343
Ebf3,0.0,-0.008498661,-0.16417134,-0.1827882,-0.17429769
9430038I01Rik,0.0,0.094169684,0.07919848,0.3325659,0.05351518
Glrx3,0.0,0.033427548,-0.086788476,0.020640701,0.07329544
Tcerg1l,0.0,0.01352326,-0.072911486,0.013901049,0.018211046
Mapk1ip1,0.0,0.13383949,0.0983518,0.1956959,-0.23399389
Ppp2r2d,0.0,0.01837448,0.028465915,0.06987712,-0.054453403
Bnip3,0.0,0.13757004,-0.09549119,-0.4327637,-0.1310051
Gm45507,0.0,-0.08940347,-0.041545384,0.08143449,-0.056597404
Jakmip3,0.0,0.4042501,0.12124601,0.33535302,0.16431825
Dpysl4,0.0,-0.13778491,-0.013233423,-0.0936767,-0.085549824
Stk32c,0.0,0.3899786,0.18094951,0.09540009,0.1071191
Lrrc27,0.0,-0.1242149,-0.18875264,0.024791252,-0.0010764748
Pwwp2b,0.0,-0.1809106,-0.19649532,-0.25668234,-0.25412503
Inpp5a,0.0,0.0017265007,0.052560464,0.12896511,-0.17770839
Nkx6-2,0.0,0.33013728,0.4727256,0.4467634,0.25208008
Cfap46,0.0,0.47585094,0.42073578,0.28478795,0.22911732
Adgra1,0.0,-0.08530651,0.14668661,0.08729431,0.16732016
Kndc1,0.0,0.49705023,0.21172921,0.17379218,-0.011695966
Gm16201,0.0,0.017129814,0.04150987,-0.055173066,-0.13804944
6430531B16Rik,0.0,-0.06978566,-0.08003658,-0.008554032,-0.049959727
Adam8,0.0,-0.075658344,0.08490552,-0.037272327,-0.100985184
Tubgcp2,0.0,0.35119203,0.050869107,-0.08865652,-0.19776112
Zfp511,0.0,0.17859298,0.25912488,0.17251608,0.04621181
Caly,0.0,-0.24167801,-0.18541253,-0.1291439,0.074107796
Fuom,0.0,0.29482377,0.34886003,0.16981478,0.14294298
Echs1,0.0,-0.18784058,0.042024624,0.221539,0.074604705
Paox,0.0,0.22773108,-0.043216415,0.23224235,-0.11765566
Mtg1,0.0,0.07160664,0.034618236,0.3305632,0.020745069
Sprn,0.0,0.231508,0.05216725,-0.18823147,0.033918954
Zfp941,0.0,0.25699794,0.20881951,0.5328708,0.2658882
Bet1l,0.0,0.07555689,0.24330032,0.02761086,0.09028812
Ric8a,0.0,0.1226306,0.24318331,0.13534927,0.08055415
Sirt3,0.0,0.0167519,0.17897671,0.24151665,0.062398314
Psmd13,0.0,-0.09075276,0.19796523,0.13956633,-0.017544143
Pgghg,0.0,0.08273643,0.14497003,0.10600719,-0.23147348
Ifitm2,0.0,0.06932643,0.042091392,0.08141302,0.1180609
Ifitm3,0.0,0.051556572,-0.09892525,0.22374131,0.05792985
B4galnt4,0.0,0.13162895,0.20809,0.31760824,0.36210656
Ptdss2,0.0,-0.19161628,0.030805293,0.053947046,0.19656488
Rnh1,0.0,0.033422023,-0.039010756,0.042424623,-0.056110553
Hras,0.0,0.24286872,0.27271795,-0.03490433,0.19283237
Lrrc56,0.0,0.19305809,-0.14175612,-0.06604728,-0.17420878
Phrf1,0.0,-0.06500463,0.117621705,0.009012397,-0.102089345
Deaf1,0.0,0.17494258,0.24537843,0.35348123,0.15263575
Tmem80,0.0,0.34286183,0.25742075,0.42479593,0.27333185
Eps8l2,0.0,0.18270606,-0.051155187,0.11532584,0.15093714
B230206H07Rik,0.0,0.19603083,0.049416456,-0.098442964,0.16955638
Taldo1,0.0,0.109661214,0.026987268,-0.18191323,-0.11075945
Gatd1,0.0,-0.013094183,-0.14961497,0.043947447,-0.21950571
Cend1,0.0,0.33572805,0.00075514615,-0.34063148,0.08668558
Slc25a22,0.0,0.11606117,-0.03652718,0.102667265,-0.1019807
Rplp2,0.0,0.10105634,0.02677352,-0.3901474,0.024662284
Pnpla2,0.0,0.06836649,-0.026293678,-0.09756785,-0.08033917
Gm10575,0.0,-0.11247511,-0.087824866,-0.09297541,-0.030489627
Cd151,0.0,-0.43734664,-0.07960764,-0.15987782,-0.08127753
Polr2l,0.0,0.32412934,-0.1103323,-0.13685134,-0.19255528
Tspan4,0.0,-0.07976182,0.008874081,0.054988623,0.22738047
Chid1,0.0,-0.13820705,-0.13227119,0.046811953,-0.13934584
Ap2a2,0.0,0.04304608,-0.22124268,0.035745658,-0.02907601
Tollip,0.0,0.35099667,0.268797,0.030678615,0.26676497
Gm20501,0.0,-0.031580836,-0.031031393,0.02686048,-0.06623861
Brsk2,0.0,0.33149356,0.24168777,0.08996683,-0.11744845
Mob2,0.0,-0.14878242,0.06098906,0.004072327,-0.29987508
Dusp8,0.0,0.073233455,0.049358744,-0.042744663,-0.14119759
Gm32786,0.0,0.14975648,0.05687005,-0.038548075,0.03281679
Ifitm10,0.0,0.12554803,-0.001159694,-0.11015032,0.11399236
Ctsd,0.0,-0.12025242,0.06953743,0.081772566,0.19261804
Mrpl23,0.0,0.004550539,0.02354762,-0.13959585,-0.056068722
Gm33148,0.0,0.030493533,-0.11008868,-0.11517291,-0.07056914
Tspan32os,0.0,-0.13843703,0.14433452,0.24788395,0.107706316
Tspan32,0.0,-0.4625266,-0.18406796,-0.10811191,0.037138402
R74862,0.0,0.06423418,0.072828814,0.15359406,-0.03380628
Cd81,0.0,-0.34026605,-0.10694774,-0.17052951,0.111575104
Tssc4,0.0,0.40592906,0.40664434,0.6689063,0.09787992
Kcnq1,0.0,-0.09810124,-0.07421079,-0.024093552,-0.13474035
Kcnq1ot1,0.0,-0.1566193,-0.090515606,0.01046731,-0.08346412
Cdkn1c,0.0,0.018606491,-0.018460546,-0.0065431613,0.04527796
Nap1l4,0.0,0.00900491,0.087150715,-0.058051463,-0.12481558
Cars,0.0,0.098759,0.40821704,-0.041252315,0.1715789
Tnfrsf22,0.0,0.19151996,-0.16927175,-0.021497086,0.28896272
Tnfrsf23,0.0,-0.022115305,-0.0032265321,-0.018723259,-0.021021798
Osbpl5,0.0,0.22149733,0.13686669,0.0035562739,-0.009264804
Mrgpre,0.0,-0.0058256276,-0.027015554,0.011247467,-0.1817714
Nadsyn1,0.0,-0.18856806,-0.105456576,-0.37504166,-0.19414142
Dhcr7,0.0,0.25693873,0.0966884,0.09717555,0.24649027
Shank2,0.0,0.25008893,0.016668841,0.21420495,0.066339724
Gm14372,0.0,-0.0437101,-0.17415628,-0.11064859,0.029836807
Cttn,0.0,0.51066947,0.24865648,0.12565514,-0.0013636947
Ppfia1,0.0,-0.064225554,0.16373803,0.16896011,0.020173736
Fadd,0.0,0.051255997,0.08811331,0.0045148917,0.01150661
Ano1,0.0,-0.22772968,-0.29445884,0.14348301,-0.17395787
Bc1,0.0,0.58588123,-0.3153743,-0.32594386,-0.7359965
LTO1,0.0,0.0046723727,0.03744618,0.05098433,-0.13102107
Ccnd1,0.0,0.3803327,0.123513356,0.1395105,0.2976892
Tpcn2,0.0,-0.07676486,0.06099809,-0.13371263,-0.4618588
Insr,0.0,0.06566431,0.18871535,0.23374066,0.055029333
Arhgef18,0.0,-0.07617021,0.15957028,0.0821872,-0.1034615
Pex11g,0.0,-0.20182362,-0.26180983,-0.12397128,-0.016028859
Zfp358,0.0,0.1959085,-0.07957107,-0.036532648,-0.028103776
Mcoln1,0.0,-0.030558378,0.11813143,0.31824884,0.17621152
Pnpla6,0.0,-0.21734695,-0.10677835,-0.042117137,-0.1236238
Camsap3,0.0,-0.06553664,0.060067892,-0.06692459,-0.12022994
Xab2,0.0,-0.096997984,-0.105791874,-0.04365407,-0.08618201
Pet100,0.0,0.17734945,-0.022143885,0.041457623,-0.07886314
Stxbp2,0.0,-0.24325493,0.0069841165,0.010919403,0.055508595
Fcor,0.0,0.0022603944,-0.06754573,-0.25221902,-0.0801993
Gm39121,0.0,-0.0022876374,-0.061455525,-0.04508744,-0.06127416
Trappc5,0.0,0.04591418,0.105527565,0.1438928,0.053115074
Fcer2a,0.0,-0.12540269,-0.049795926,0.07773841,-0.049855016
4932443L11Rik,0.0,-0.08363421,0.109334156,0.3268798,0.025660202
Evi5l,0.0,0.06675319,0.039139614,0.26673084,0.019492581
Prr36,0.0,-0.00076850504,-0.11674925,-0.11571721,-0.013180342
Map2k7,0.0,-0.04413335,0.26326805,0.13780111,-0.0032677054
Tgfbr3l,0.0,0.43891346,0.13042007,0.32129946,0.01486136
Snapc2,0.0,0.11284273,-0.23396938,0.07571029,-0.18711787
Ctxn1,0.0,0.12704359,0.14125355,-0.007564891,-0.19098495
Timm44,0.0,0.19914144,-0.15151127,0.073823534,-0.08930908
Elavl1,0.0,0.09951047,0.13794325,0.21845375,0.1447742
Ccl25,0.0,-0.07575457,0.04236361,0.023779882,-0.09022258
Cers4,0.0,0.124888636,0.20784989,0.07574901,-0.14247006
Zfp958,0.0,0.12717158,0.16436118,0.055925764,-0.007998735
Shcbp1,0.0,0.074294105,-0.018960219,-0.02781139,0.004695691
Gm31135,0.0,0.009207339,-0.016237704,-0.0678132,0.059940457
Gm45075,0.0,-0.11438228,0.1038508,-0.08124378,-0.032668635
Efnb2,0.0,0.031823095,-0.1752493,-0.040222187,0.113121964
Arglu1,0.0,0.31132257,0.31921622,0.19808373,-0.057596833
Gm44626,0.0,-0.07646262,-0.048344012,-0.33352497,-0.17731175
Fam155a,0.0,0.0441794,-0.074928686,0.010238699,-0.41704294
Lig4,0.0,0.029472446,-0.020276673,0.10770196,0.01764818
Abhd13,0.0,0.103006646,-0.038422868,0.1277641,-0.04151021
Tnfsf13b,0.0,0.15950698,0.0516484,0.13579069,0.17339632
Myo16,0.0,0.50870866,0.31879604,0.48693314,0.20085937
4833411C07Rik,0.0,-0.5862876,-0.3120936,-0.30419466,-0.38047665
Irs2,0.0,0.050605103,-0.44892,-0.26069963,-0.2839033
9530052E02Rik,0.0,-0.46820015,-0.6348012,-0.43286154,-0.61163235
B830042I05Rik,0.0,-0.07850647,-0.012479445,0.010725922,0.026802178
Gm15418,0.0,0.048933547,-0.1385966,-0.010824476,-0.015332119
Col4a1,0.0,-0.0889745,-0.26318914,-0.18546203,-0.059741773
Col4a2,0.0,-0.057067163,0.18164167,0.13885248,0.018115133
Naxd,0.0,-0.38364697,-0.23765141,-0.45365793,-0.2025851
Cars2,0.0,0.30570534,0.30917987,0.2004262,0.18910015
Ing1,0.0,-0.04795193,-0.145765,0.08071204,0.052755974
Ankrd10,0.0,0.22063407,0.3050162,0.32168984,0.018954888
Arhgef7,0.0,-0.09700289,0.002531547,-0.013340961,-0.07438709
Tex29,0.0,-0.05480314,-0.06930034,-0.040773746,-0.023355419
B020031H02Rik,0.0,-0.12114479,0.07510297,-0.1525276,-0.16116558
Sox1ot,0.0,0.07473898,0.25169802,0.31914788,0.17940848
Sox1,0.0,-0.07277799,0.038493127,0.3078171,0.20151937
Tubgcp3,0.0,0.07055124,0.20640585,0.24588254,-0.230025
4931415C17Rik,0.0,-0.25903916,-0.21798167,-0.06146521,-0.1972036
Atp11a,0.0,0.22436358,0.33141428,0.4221378,0.051315054
Mcf2l,0.0,0.23543793,0.18470128,0.2641384,0.060271814
Gm15351,0.0,-0.058972377,-0.0064727925,-0.0064589716,0.03160619
Pcid2,0.0,0.1343188,-0.029843636,0.17242366,0.028307416
Cul4a,0.0,-0.059102476,0.028622143,0.22076312,0.065334775
Lamp1,0.0,-0.10011297,-0.0911308,-0.15091744,0.094059385
Grtp1,0.0,0.09327012,0.25606626,0.34946147,0.2736775
Dcun1d2,0.0,0.05429361,0.15575211,0.031191945,-0.012629941
Tmco3,0.0,0.044137083,-0.0581161,0.07590114,-0.06497268
Tfdp1,0.0,-0.11343268,-0.058177814,0.0067953947,-0.07463639
Tmem255b,0.0,0.013747126,-0.062426902,-0.028312601,0.029775236
Gas6,0.0,-0.015009537,0.000705041,0.066693716,0.014959589
1700029H14Rik,0.0,-0.0076470897,0.0918257,0.1441311,0.06933606
Rasa3,0.0,0.16616535,0.25745904,0.30809122,0.018992111
Cfap97d2,0.0,0.05848644,0.058616977,-0.050727144,-0.29863682
Cdc16,0.0,0.04323378,0.07968028,0.16875929,-0.09995256
Upf3a,0.0,0.18562286,0.25994474,0.09561354,-0.034946486
Champ1,0.0,0.17353109,0.0858965,0.22810557,0.1142855
Coprs,0.0,0.5603394,0.44379276,0.115336254,0.18379466
Fbxo25,0.0,0.14240874,0.07126573,0.20245051,-0.14414984
Tdrp,0.0,0.110709146,0.039806414,0.008505918,0.05060038
Erich1,0.0,-0.017922122,-0.018023212,-0.03182594,-0.00033145025
Dlgap2,0.0,0.15303582,0.041826677,-0.19464716,-0.20965631
Cln8,0.0,-0.035025664,0.26669526,0.013201207,0.16967851
Arhgef10,0.0,-0.11339098,-0.008563841,-0.005775297,-0.22350769
Kbtbd11,0.0,-0.0683944,0.12129462,-0.030065127,0.1278796
Gm45408,0.0,0.046856157,-0.0026888568,0.013622025,0.01733315
Csmd1,0.0,0.12621522,-0.10276162,0.21074632,-0.14709264
Mcph1,0.0,0.003598459,-0.06398311,0.05462145,-0.11222163
Gm16725,0.0,-0.07682888,0.053377986,0.060205888,-0.12952667
Angpt2,0.0,-0.010230649,-0.09995265,-0.15886962,-0.29594988
Agpat5,0.0,-0.0018281601,-0.08016725,-0.053329457,-0.014936246
Gm35934,0.0,0.11337124,-0.0029076692,0.0017629974,-0.09501761
Gm39139,0.0,-0.11221963,-0.1137759,-0.10414711,-0.08548096
Gm31371,0.0,-0.14738955,-0.115217276,-0.027921315,-0.14371358
Gm15319,0.0,0.0059633255,-0.23436046,-0.089476034,-0.19205606
Gm21119,0.0,-0.0807164,-0.23832695,0.027641714,-0.16108947
Atp7b,0.0,0.02018179,0.12488537,0.24304649,-0.054778658
Alg11,0.0,0.184176,0.018960863,0.1373496,0.23657559
Nek3,0.0,-0.045615938,-0.18831527,-0.18852308,-0.1554293
Ckap2,0.0,0.018288877,-0.01551564,0.07965228,0.05639827
Vps36,0.0,-0.08853128,0.086019,0.117715515,0.006705895
Thsd1,0.0,0.06509916,0.012448907,0.110546574,0.02397962
Slc25a15,0.0,0.072961934,0.25095078,0.19866607,0.18553278
Mrps31,0.0,0.10902013,0.046278544,-0.12823439,0.12408609
Smim19,0.0,-0.054588012,-0.027894333,-0.063774556,0.008900339
Slc20a2,0.0,-0.26964766,-0.062091567,-0.18648155,-0.22805452
Gm17491,0.0,-0.16148302,0.020289311,-0.052487485,-0.09180386
Vdac3,0.0,0.26238185,0.17595147,-0.038798302,0.1457836
Polb,0.0,0.24996814,0.1647813,0.06730932,-0.1391064
Ikbkb,0.0,-0.15390937,0.024120562,-0.0045617,-0.24430224
Plat,0.0,0.11185874,2.2023916e-05,-0.0023753047,0.07985421
Ap3m2,0.0,-0.21081898,-0.012819724,0.03654084,-0.06382799
1700041G16Rik,0.0,-0.21553633,-0.35928822,-0.19126412,-0.09311567
Kat6a,0.0,-0.13718323,0.13853969,0.046441056,-0.014082916
Ank1,0.0,0.06579814,-0.04289601,0.031524144,0.028321132
Gpat4,0.0,-0.018864319,0.15767647,0.179306,0.20507365
Gins4,0.0,0.035874873,-0.03908593,-0.0322125,0.14725812
Golga7,0.0,-0.16083759,0.02996045,-0.13895664,0.0058219517
Sfrp1,0.0,0.031930428,-0.06017699,-0.06902706,0.061875314
Zmat4,0.0,0.28330356,-0.060637683,0.22457412,-0.29913872
A730045E13Rik,0.0,-0.052655928,0.04087871,0.00017515197,0.010373216
Gm45163,0.0,-0.014119296,-0.09750593,-0.0057515753,0.07270106
Ido2,0.0,-0.075030915,-0.058167793,-0.054553173,-0.023992872
Adam18,0.0,0.057008807,-0.021442834,0.042681783,0.093067825
Adam5,0.0,-0.037119966,-0.01208988,-0.07135623,0.03015104
Adam32,0.0,-0.1281193,0.058235206,-0.08984221,-0.11484247
Adam9,0.0,0.08253663,-0.11693565,0.15046626,-0.12916514
Tm2d2,0.0,-0.25529516,-0.1217409,-0.18421797,-0.18498537
Plekha2,0.0,0.17152286,-0.121471256,0.09929791,0.20803162
5830408C22Rik,0.0,0.059471145,0.07867094,-0.013851076,-0.0013409406
Tacc1,0.0,0.040419497,0.09922747,0.12923521,0.04654534
Gm31045,0.0,0.006964132,-0.011044871,0.0052913595,0.05525205
Fgfr1,0.0,-0.18703802,0.01076953,0.0705436,-0.12517141
Letm2,0.0,-0.106158115,-0.12008778,0.029817848,-0.11140161
Gm45570,0.0,-0.03035669,-0.020864524,0.086830035,0.10180037
D830025C05Rik,0.0,-0.18773785,-0.12384122,-0.0412867,0.079814166
Nsd3,0.0,-0.13383421,-0.013334781,-0.05272989,-0.107412435
Plpp5,0.0,-0.18542,-0.21019465,-0.30777395,-0.25511402
Ddhd2,0.0,-0.00038647652,0.026185445,0.037590377,0.17975026
Gm17484,0.0,0.050140332,-0.21391746,0.22780551,-0.18722904
Bag4,0.0,0.11389144,-0.011212252,0.10931854,0.097309195
Lsm1,0.0,-0.014490232,0.055573206,-0.078751534,0.11357186
Star,0.0,-0.13479707,0.081196174,0.20408532,0.05070074
Ash2l,0.0,0.20353425,0.16379176,0.110939495,-0.0034440309
Kcnu1,0.0,-0.12786393,-0.22209264,0.14218208,0.059645403
Hgsnat,0.0,0.068671554,-0.1240854,0.10447964,-0.21419723
Pomk,0.0,-0.13962558,-0.06729081,-0.07396626,-0.27613676
Fnta,0.0,0.011697538,-0.18466702,0.07963858,0.106232636
Hook3,0.0,0.13292009,0.13830025,0.109811395,0.025388047
Rnf170,0.0,0.12866944,0.04051572,0.09588136,0.01853446
Gm45250,0.0,-0.2157323,-0.20092414,-0.043183915,0.00076983124
Thap1,0.0,-0.028869852,-0.4732689,-0.1256052,-0.39305568
Zfp703,0.0,0.098626,0.12587428,-0.09914832,0.03403961
Erlin2,0.0,0.36412978,0.07950041,0.26873252,0.14113763
Proscos,0.0,0.20032272,-0.045523338,0.19195896,0.023958094
Plpbp,0.0,0.1553778,0.19533306,0.08431588,0.11334041
Adgra2,0.0,-0.17713235,-0.3036418,-0.24165867,-0.21228386
Brf2,0.0,0.03919935,0.010542754,0.12367021,-0.20450479
Eif4ebp1,0.0,-0.07168334,0.057021238,0.009239018,0.148191
Unc5d,0.0,0.05168669,0.06340225,0.20883468,-0.45373118
Dusp26,0.0,0.46680808,0.18001187,0.23796934,0.29508132
Rnf122,0.0,0.043897703,0.060071863,0.19997597,0.087919936
Tti2,0.0,0.006397592,-0.14848891,-0.00022579543,-0.23705086
Mak16,0.0,0.0024622232,-0.23574586,-0.21102107,-0.17180921
Fut10,0.0,0.27034527,0.2802644,0.14485022,0.2749125
Gm45304,0.0,0.011169271,0.031029835,-0.08649419,-0.040647272
Nrg1,0.0,0.30730313,0.22540797,0.41842896,-0.1215108
Wrn,0.0,0.07329409,0.055707786,-0.0714788,0.04430992
Purg,0.0,0.32709312,0.20903355,0.08085549,0.07429078
Tex15,0.0,-0.048307486,-0.05162362,0.10151126,-0.0059530027
Ppp2cb,0.0,0.081310034,-0.11247715,0.09486081,-0.12944971
Ubxn8,0.0,0.060610816,-0.03260087,-0.2849579,-0.19485043
Gsr,0.0,0.0700847,0.20935555,0.105016656,0.13324513
Gtf2e2,0.0,-0.06953454,0.07684736,0.017082937,-0.094095826
Smim18,0.0,-0.29097143,-0.087776475,0.041304536,0.091152385
Rbpms,0.0,0.137741,-0.00794173,-0.03306751,0.08681585
Dctn6,0.0,-0.00021178275,0.029711291,0.04137451,-0.03933741
Leprotl1,0.0,0.091897994,0.05673787,0.1166629,-0.17693421
Saraf,0.0,-0.24413398,-0.14440474,-0.0652869,-0.031646654
Dusp4,0.0,-0.116434954,-0.10730425,-0.17571244,-0.11388427
Tnks,0.0,0.088844836,0.109219395,0.04989024,0.016648479
Eri1,0.0,0.03554713,0.030965352,-0.18038799,-0.06471203
Gm16793,0.0,0.046474393,0.03529918,0.008467786,0.16949742
Mfhas1,0.0,0.039796025,0.20035559,0.05781941,0.124101266
Gm35021,0.0,-0.05352569,-0.090664044,-0.034032047,-0.038571462
Gm19410,0.0,-0.012797279,-0.019241137,-0.024402848,0.044314794
Prag1,0.0,0.008000076,0.3224629,0.32584533,0.22606902
Lonrf1,0.0,0.23028028,0.21676522,-0.07619251,-0.09910557
Trmt9b,0.0,0.20933062,0.14343664,0.23838559,0.04068911
Dlc1,0.0,-0.006787464,0.09032118,0.09327915,-0.006038986
AI429214,0.0,0.21361819,-0.21145262,-0.07932294,-0.07304923
Sgcz,0.0,0.44363806,0.23340498,0.63643515,-0.06889284
Gm40493,0.0,-0.035184108,0.059253354,0.00071160495,0.14756255
Tusc3,0.0,-0.05677873,-0.034520797,-0.043910824,0.13194579
Fgf20,0.0,-0.39006597,-0.014849231,0.09876442,-0.18991715
Micu3,0.0,0.12424789,0.07413715,0.03515224,0.080350436
Zdhhc2,0.0,0.17472441,0.2747299,0.061828665,0.035399392
Cnot7,0.0,0.07984145,0.18901709,-0.07495189,0.04575582
Vps37a,0.0,0.26257053,0.12028683,0.1073908,0.11296607
Mtmr7,0.0,0.19756663,0.21051618,-0.046704635,-0.055115268
Slc7a2,0.0,-0.023910537,0.0886411,-0.12139334,0.05566863
Pdgfrl,0.0,-0.21627545,-0.027414456,-0.4236532,-0.10441511
Mtus1,0.0,0.09867398,0.16388847,0.089796014,0.15868984
B430010I23Rik,0.0,0.08044421,0.21499121,0.20863721,0.2215468
Gm16192,0.0,0.020155426,-0.093488924,0.0022406587,-0.12945984
Pcm1,0.0,-0.032563046,0.03990379,-0.02678004,0.06862377
Asah1,0.0,0.05819322,0.058440857,0.029293433,0.10605532
Frg1,0.0,-0.034169804,-0.008932615,-0.16272384,-0.12983869
2810404M03Rik,0.0,-0.0013364665,-0.011709198,0.0359315,0.09558302
Gm9908,0.0,-0.14593592,-0.06746213,-0.11866044,-0.16562118
Fat1,0.0,-0.14951436,0.116555244,0.036548324,-0.07341237
Gm30504,0.0,-0.056239445,-0.06658867,-0.023794316,-0.028041452
Klkb1,0.0,0.04310074,-0.029024556,0.14670163,0.09707381
Cyp4v3,0.0,0.18675919,0.13204864,0.036316007,0.049616225
Fam149a,0.0,0.1640074,-0.12897235,0.027302306,-0.054276682
Tlr3,0.0,0.01807429,-0.19302648,0.0029736161,0.03610552
Sorbs2,0.0,0.063535705,0.25091392,0.23574784,-0.010930121
Gm16351,0.0,-0.0906488,0.008846529,-0.15625262,-0.009109041
Sorbs2os,0.0,0.49874675,0.3759501,0.2642868,-0.12953964
Pdlim3,0.0,0.14370877,0.0415771,0.06543174,0.058218047
1700029J07Rik,0.0,-0.112446696,-0.09446573,0.16255668,-0.047136422
Ufsp2,0.0,-0.24973804,-0.26869124,-0.38848606,-0.03924112
Ankrd37,0.0,0.18288518,0.1514698,-0.052960917,-0.017689712
Lrp2bp,0.0,0.03587711,0.08239495,-0.039970614,0.16890809
Snx25,0.0,0.36819577,0.3957427,0.44607526,0.22394466
Cfap97,0.0,0.007342361,-0.17555997,-0.16420612,-0.21364605
Slc25a4,0.0,0.27532446,0.064067975,-0.099045515,0.13241242
Acsl1,0.0,-0.10428223,-0.16986659,-0.07518854,-0.290431
Cenpu,0.0,-0.034121636,-0.067904934,-0.027290663,-0.046864305
Primpol,0.0,0.058679447,0.008271292,0.4057118,0.15878054
Casp3,0.0,0.2564004,-0.044384003,0.19422898,0.32770038
Gm16675,0.0,0.197306,-0.02396106,0.14679463,0.051451504
Irf2,0.0,-0.22232535,-0.035126008,-0.16318831,-0.1392836
Enpp6,0.0,0.15087058,0.10211939,-0.08848773,-0.010835335
E330018M18Rik,0.0,0.34346458,-0.31285843,-0.026228704,-0.04404291
Stox2,0.0,-0.11009132,0.069011286,0.10160056,0.0009652823
Trappc11,0.0,-0.014379747,0.051570605,0.119036004,0.071389034
Rwdd4a,0.0,-0.08812472,0.025410058,-0.010207402,-0.007961104
Ing2,0.0,0.19866805,0.1674842,0.17238313,-0.056391478
AA386476,0.0,0.026504822,-0.009259298,0.23034379,-0.011440948
Cdkn2aip,0.0,0.010935396,-0.47718525,-0.2205035,-0.35773987
Wwc2,0.0,-0.016449265,0.07957631,0.17946835,0.04590115
Dctd,0.0,0.62873304,0.31916952,0.32487267,0.26423964
Tenm3,0.0,-0.0062474012,0.21336935,0.182877,-0.0056804568
Gm19744,0.0,-0.014200034,-0.09473738,0.099577494,0.0069477763
4930555F03Rik,0.0,0.22088358,-0.16651179,-0.12235218,-0.08311238
Gm45321,0.0,0.2268014,-0.12454423,-0.19700104,-0.17216334
Gm45323,0.0,0.10052575,0.1413696,0.097073585,0.099956214
Gm45341,0.0,-0.0055485703,-0.16347106,-0.12768498,0.0651889
Gm2516,0.0,0.11794517,0.073586404,0.0459276,0.07003918
C130073E24Rik,0.0,0.053847905,-0.19815858,0.12777457,-0.09988217
Aga,0.0,-0.16484801,-0.13264494,0.059906118,-0.033060692
Vegfc,0.0,0.049392063,-0.026084423,-0.15723115,0.0070798113
Spcs3,0.0,0.13326511,-0.010303304,-0.024519868,-0.051948167
Asb5,0.0,0.19003248,0.06827344,0.14881162,0.09443159
5330439A09Rik,0.0,-0.0073047355,-0.028244387,-0.10279764,0.0028472664
Wdr17,0.0,0.18053672,0.019254953,-0.42873293,-0.21496178
Gpm6a,0.0,-0.023315035,0.009161614,-0.070230424,-0.0011226386
Glra3,0.0,0.02879779,0.18359885,-0.06828602,-0.21694352
Hpgd,0.0,0.30056262,-0.034745306,0.09756001,0.27145967
Cep44,0.0,-0.0065052845,0.035128824,0.09006134,-0.2551141
Fbxo8,0.0,0.022982469,-0.003892459,0.033271577,-0.16916753
Scrg1,0.0,-0.2270485,-0.13979144,-0.28370637,-0.17850831
Sap30,0.0,0.13621522,0.06155408,-0.23313577,-0.19510446
2500002B13Rik,0.0,-0.029066544,-0.120734185,-0.25683978,-0.14913532
Hmgb2,0.0,-0.24903898,-0.40892762,-0.4236281,-0.3274983
Galnt7,0.0,0.08196956,0.17536752,0.11551141,0.03295575
AW046200,0.0,0.18939334,0.19868678,0.43596095,0.11434253
Gm45356,0.0,0.048743896,-0.050083812,-0.06722963,-0.0021983385
Galntl6,0.0,0.40077016,0.2956944,0.6237112,0.12948872
BC030500,0.0,-0.059473146,0.0607149,-0.043536004,0.01877425
Mfap3l,0.0,0.1342797,0.15820283,0.033237636,0.03819423
Hpf1,0.0,-0.2365278,-0.020558845,-0.27657837,-0.049596764
Clcn3,0.0,0.16033672,0.2566046,0.236403,0.13008401
B230317F23Rik,0.0,0.12342217,-0.17880727,0.092227176,-0.2574483
Nek1,0.0,0.062142674,0.050728053,0.021153748,-0.13436162
Gm16178,0.0,-0.20493202,-0.22314824,-0.1510297,-0.32967114
Sh3rf1,0.0,-0.107065775,0.025979226,-0.018018816,-0.06180934
Cbr4,0.0,-0.04069623,-0.108982876,-0.1370915,-0.0889229
Palld,0.0,-0.36281434,-0.23048393,-0.27581477,-0.2740843
Ddx60,0.0,-0.20677464,0.099051304,0.021561593,0.059459567
Spock3,0.0,0.099278755,0.1085015,0.25527596,-0.02285114
Tll1,0.0,0.17370561,-0.036380798,-0.06812851,-0.2457128
Cpe,0.0,-0.3170385,-0.040303744,-0.15476824,-0.07841681
Msmo1,0.0,-0.023553185,0.013603866,-0.06391018,0.0881644
Klhl2,0.0,-0.31781435,-0.24634287,-0.49295813,-0.15224214
Gm45345,0.0,-0.5285056,-0.3855742,-0.44955084,-0.32572642
Tmem192,0.0,-0.13622168,-0.26053217,-0.13544711,-0.16782773
March1,0.0,0.43703172,0.024564445,0.4507851,-0.12061711
Tma16,0.0,0.26836786,0.13775855,0.017616823,0.10392754
Npy5r,0.0,-0.17249388,-0.033632312,0.07179511,0.03847727
Npy1r,0.0,0.5227746,0.28046715,0.4261221,0.24691206
Naf1,0.0,0.13080752,-0.14733957,-0.056444686,0.008471295
Gm39185,0.0,0.16943896,0.008752599,0.15350366,0.03481841
Psd3,0.0,-0.14980447,0.03333674,-0.20636827,-0.07601839
Gm15991,0.0,0.025541745,-0.08202202,-0.117843166,-0.33223286
Csgalnact1,0.0,-0.39750353,-0.18473178,-0.32958668,-0.20273261
Ints10,0.0,-0.102837816,0.049652033,-0.07296111,-0.19013478
Lpl,0.0,-0.07109522,0.14581461,0.016589422,0.04890856
Slc18a1,0.0,-0.06484535,-0.0058740824,-0.036820885,0.10773748
Atp6v1b2,0.0,0.10872789,-0.0022067353,-0.08753958,0.13234892
Lzts1,0.0,0.15343277,-0.046658233,0.090795845,-0.025629766
Zfp930,0.0,0.08851982,-0.06974731,0.05699784,0.11938021
D130040H23Rik,0.0,0.2985779,0.20641305,0.20050895,0.07216109
Gm43263,0.0,-0.10792149,-0.24593267,-0.13521126,-0.18109012
Zfp868,0.0,-0.34417096,0.017291144,0.06820175,-0.10539511
Zfp964,0.0,0.272003,-0.02846577,-0.028253712,0.07868933
Zfp869,0.0,0.017282479,-0.04687105,0.13264018,-0.08415005
Zfp963,0.0,0.08857882,0.19093439,0.24950337,-0.1969341
Zfp866,0.0,-0.19663604,-0.1326121,0.10057072,-0.06347253
Atp13a1,0.0,-0.008838393,0.099069096,-0.15253557,-0.09101893
Gmip,0.0,-0.38389364,-0.08100567,-0.36576337,-0.28763813
Lpar2,0.0,-0.051005494,-0.039269995,-0.014687191,0.02068166
Pbx4,0.0,-0.063989386,0.0034318021,-0.08347211,-0.0042601796
Yjefn3,0.0,0.019039545,0.13385963,0.052163966,-0.10371232
Ndufa13,0.0,-0.0065241903,0.14800358,-0.03973809,0.071207106
Gatad2a,0.0,-0.13399735,0.15817851,0.07746238,-0.21151987
Mau2,0.0,-0.19237734,-0.056151375,-0.063102126,-0.19139427
Sugp1,0.0,-0.14236423,0.1246945,0.18873097,-0.08232448
Tm6sf2,0.0,-0.096625924,-0.045279782,-0.05743791,-0.06321969
Hapln4,0.0,0.119873434,0.12090209,-0.090681255,-0.21421012
Ncan,0.0,0.30298287,0.23370665,0.3248886,0.24483731
Rfxank,0.0,-0.029070493,-0.11293084,-0.07334215,-0.05767546
Nr2c2ap,0.0,-0.027037635,-0.00092800707,0.43820235,-0.08355072
Borcs8,0.0,-0.0070316275,0.09044988,-0.16509189,-0.097575426
Mef2b,0.0,-0.1382554,-0.09070293,-0.067486055,-0.35139638
Tmem161a,0.0,0.2639235,0.27229276,0.17366645,0.1330205
Slc25a42,0.0,0.4099778,0.41173196,0.29812345,0.025114536
Armc6,0.0,-0.33498633,-0.2894692,-0.19294502,-0.27905136
Sugp2,0.0,-0.04168185,0.13374923,0.038935564,0.12397674
Homer3,0.0,0.23886712,0.32627377,0.44741327,0.24389747
Ddx49,0.0,-0.26077995,-0.096738845,-0.15305749,-0.29827058
Cope,0.0,-0.17606154,0.07929089,-0.11728613,0.004513152
Cers1,0.0,0.022906393,0.04665332,0.124534056,-0.026322633
Upf1,0.0,0.26075044,0.20464838,0.1883148,0.35378495
Crtc1,0.0,-0.046745457,0.15238526,0.17660934,-0.06326363
Klhl26,0.0,-0.4152949,-0.08065808,-0.12061477,-0.22430915
Tmem59l,0.0,-0.23967035,-0.12840873,0.09252109,0.061729044
Rex1bd,0.0,0.09075776,0.22985613,-0.10846966,0.107632786
Uba52,0.0,0.19624911,-0.06185565,-0.08118222,0.2532156
Kxd1,0.0,-0.032735735,0.107160404,0.2592429,-0.11191811
Fkbp8,0.0,0.2091847,0.4175341,0.21839575,0.3263076
Ell,0.0,0.09480724,0.28572187,0.3441694,0.19780263
Isyna1,0.0,-0.017251194,-0.14693013,-0.0030598491,0.13592312
Ssbp4,0.0,0.27504474,0.5512707,0.4652644,0.29367524
Pgpep1,0.0,-0.043450184,-0.15995525,0.19773863,-0.062209815
Lsm4,0.0,0.044448566,0.013693256,-0.08634308,-0.12662245
Jund,0.0,0.41864145,0.14752239,0.13399224,0.49758518
Rab3a,0.0,-0.120411895,0.027641276,-0.2479789,0.13444935
Mpv17l2,0.0,0.07762342,0.09872582,0.20128258,0.19537403
Ifi30,0.0,-0.060085908,-0.18299234,-0.18024135,-0.12134527
Pik3r2,0.0,0.054105066,0.17436802,0.12667197,0.16384938
2010320M18Rik,0.0,0.24354391,0.0026956573,0.31810442,-0.15602753
Mast3,0.0,-0.19588652,-0.2051192,-0.47855434,-0.273737
Arrdc2,0.0,-0.353521,-0.41308075,-0.09489103,-0.4822235
Kcnn1,0.0,0.045201313,0.04282533,-0.061813664,-0.118382454
Ccdc124,0.0,-0.065455824,0.069983445,-0.17736378,0.080654696
Slc5a5,0.0,0.052858092,-9.87649e-05,0.12929839,0.19181296
Rpl18a,0.0,-0.0053916536,-0.16124618,-0.29340333,-0.04984062
Map1s,0.0,-0.25779903,-0.19507006,-0.16979872,-0.18339854
1700026F02Rik,0.0,-0.07122433,0.09117497,0.07100666,-0.16308592
Gm35256,0.0,0.11238094,0.028206201,0.0760427,-0.20575863
Haus8,0.0,-0.09760848,-0.3326176,-0.11061603,-0.1554731
Myo9b,0.0,-0.14852723,-0.085917704,0.07097916,-0.04091887
Use1,0.0,0.14138643,0.006441593,-0.048359387,0.09900462
Ocel1,0.0,-0.09282774,-0.09945497,-0.082745135,-0.016732365
Nr2f6,0.0,0.017015107,-0.055845473,0.06630265,0.042364478
Ushbp1,0.0,-0.00073079765,-0.023851242,0.01243059,0.1048187
Babam1,0.0,-0.09387577,-0.040800348,-0.1194628,-0.10134007
Abhd8,0.0,0.17007357,0.20950933,0.1987895,0.21837907
Mrpl34,0.0,-0.01121065,0.24357933,-0.05237636,0.1885627
Dda1,0.0,-0.06856296,-0.20788166,0.0123573225,-0.07932905
Ano8,0.0,0.14639983,0.43466157,0.62838,0.37563166
Gtpbp3,0.0,-0.16268703,0.06373089,0.22181585,-0.036100723
Plvap,0.0,0.053019054,0.0006159581,-0.09544702,0.1487459
Bst2,0.0,0.13203824,-0.022486016,0.010474443,-0.053936042
Mvb12a,0.0,0.019127347,-0.024781607,0.11812784,0.069314234
Slc27a1,0.0,-0.22402234,-0.031700622,-0.10867311,-0.26268923
Pgls,0.0,-0.15536447,0.1784514,-0.25423375,-0.058368087
Fam129c,0.0,0.09131472,0.011032999,0.062075205,-0.12657157
Colgalt1,0.0,0.4670298,0.31946492,0.5221927,0.333061
Unc13a,0.0,0.16457132,-0.024798559,-0.07084151,-0.3050869
Fcho1,0.0,0.10755323,0.12253975,0.102531865,-0.11643783
Zfp709,0.0,-0.04818201,0.12393169,-0.27765906,0.044577867
Zfp882,0.0,-0.16453724,-0.27286145,-0.26427263,-0.10924348
Zfp617,0.0,0.20806323,0.18656138,-0.02690687,-0.10935014
Zfp961,0.0,-0.06844754,0.091165796,0.12760973,-0.06498822
Tpm4,0.0,-0.03283923,-0.17055649,-0.12265445,-0.11689851
Gm26586,0.0,-0.013216093,0.06351778,0.24229068,0.033032253
Gm16091,0.0,-0.09580175,0.021836143,0.022954058,-0.09517106
Rab8a,0.0,0.008023106,-0.027439464,0.016968148,-0.0070029795
Fam32a,0.0,0.16205531,0.012194425,-0.12003791,-0.003645718
Ap1m1,0.0,0.1270734,0.3350938,0.18546042,0.0139025
Klf2,0.0,0.10811643,0.04375659,0.16052562,0.15271127
Eps15l1,0.0,-0.1180843,0.16813928,0.007729266,-0.09477107
Calr3,0.0,-0.018601624,0.050514884,-0.107088275,0.0066361483
1700030K09Rik,0.0,-0.2663111,0.0016618408,-0.032173812,-0.16631813
Cherp,0.0,-0.09628926,-0.028851941,-0.05712447,-0.0912236
Slc35e1,0.0,0.1670414,-0.14047801,0.08096419,0.02484212
Gm17435,0.0,-0.17804953,-0.2518537,0.26472297,-0.14149296
Med26,0.0,-0.38308096,-0.107989684,-0.09015001,-0.10240939
Smim7,0.0,-0.19604373,0.10151358,0.15575534,0.042380583
Tmem38a,0.0,0.0017852038,0.18580607,0.28024903,-0.10137537
Nwd1,0.0,-0.044752017,0.08504953,0.055726774,-0.10396823
Sin3b,0.0,-0.16955641,-0.047903277,-0.19226296,-0.17695579
Large1,0.0,-0.042383105,0.17231146,0.074022636,0.061637938
Hmgxb4,0.0,0.17316628,0.13039786,0.17178275,0.007254258
Gm45822,0.0,0.1352635,0.037167996,0.32723278,0.20708393
Tom1,0.0,-0.29080904,-0.15591238,-0.04500877,-0.16334568
Gm45820,0.0,-0.08926083,-0.06523681,0.21539703,0.040621374
Hmox1,0.0,0.004929073,0.07787678,0.0484728,0.032955796
Mcm5,0.0,0.040450826,0.026702954,0.008867754,-0.0016908124
Rasd2,0.0,0.105886415,0.19897719,-0.13069041,-0.13852523
Iqcm,0.0,0.10999972,0.20661572,0.166813,0.18645786
Gm45740,0.0,0.13312867,0.046629023,-0.05569201,0.027442748
Gm10649,0.0,0.23696378,0.05663511,0.34370404,0.19398548
Nr3c2,0.0,0.077357695,0.22180529,0.12802312,0.08401517
Arhgap10,0.0,0.08438075,0.11694893,0.34800264,0.20452088
Prmt9,0.0,-0.09565249,0.13227719,-0.059715696,-0.08533027
Tmem184c,0.0,-0.0017069429,-0.017467842,0.3193925,0.09170279
4933431K23Rik,0.0,0.042406656,0.13589296,-0.015303556,-0.032500353
Ednra,0.0,0.21097736,0.65050507,0.33504313,0.40148467
Rbmxl1,0.0,0.43973517,0.013739243,0.019509777,0.09595317
Slc10a7,0.0,-0.13173272,0.024075324,-0.08703658,-0.058588993
Lsm6,0.0,0.30498976,0.18958011,0.27166283,0.18941247
Zfp827,0.0,0.066626415,0.20116869,0.4047925,0.092407554
Mmaa,0.0,0.02688129,0.012304643,-0.11228813,-0.2641821
Gm4890,0.0,-0.14608693,-0.2849395,-0.16865277,-0.092113346
Smad1,0.0,-0.09844787,0.15598479,0.06292731,-0.105502136
Otud4,0.0,0.27763274,0.13079631,0.31750584,0.14517573
Abce1,0.0,0.35677522,0.26275074,0.12621,0.15522912
Anapc10,0.0,-0.19573776,-0.10071764,-0.13255605,-0.24589692
Gm45435,0.0,-0.018059075,-0.35258496,-0.36134136,-0.17913775
Hhip,0.0,0.19332403,0.040560603,0.08607176,0.21040876
Frem3,0.0,0.16675065,0.15937912,-0.07366585,-0.07963013
Smarca5,0.0,-0.06626362,-0.019111097,0.045969386,0.09514268
Gab1,0.0,-0.057803802,0.2468588,0.081907876,-0.023635007
Usp38,0.0,-0.029512063,0.017839598,0.03393354,-0.057284437
Gm9725,0.0,-0.23743904,-0.3579871,-0.07182166,-0.3426307
Inpp4b,0.0,0.32416782,0.107611746,0.4468395,-0.18876821
Il15,0.0,0.32401264,-0.04834588,0.21278435,0.12615071
Zfp330,0.0,0.13887256,0.099163026,-0.03582482,0.12730773
Rnf150,0.0,0.17326723,-0.020069208,0.06942777,-0.47665048
Tbc1d9,0.0,0.12864321,0.0878678,-0.2083185,0.012458548
Elmod2,0.0,0.016364634,-0.084128276,0.18020925,0.061422195
Clgn,0.0,0.06954534,-0.29710123,-0.032282162,-0.18680984
Scoc,0.0,0.31523067,0.055708624,-0.2888077,0.17042781
Ndufb7,0.0,0.057005238,0.064913146,-0.1615535,0.10802341
Tecr,0.0,-0.28636694,-0.06705226,-0.09835053,0.12837824
D830024N08Rik,0.0,-0.5273539,-0.13446647,-0.10516617,-0.4007362
Dnajb1,0.0,0.18341187,0.0609347,-0.072488435,-0.11813766
Gipc1,0.0,-0.09676258,0.2948674,0.16068551,0.07457883
Pkn1,0.0,-0.06697759,0.15885986,0.02793256,-0.16502568
Ptger1,0.0,-0.057581447,-0.022086265,-0.025673702,-0.10000763
Ddx39,0.0,-0.08006914,0.1619857,0.1513671,0.025020115
Adgre5,0.0,-0.084161416,-0.11680457,0.2840447,-0.18701974
Adgrl1,0.0,0.24944496,0.3939003,0.46637386,0.36175436
Gm10644,0.0,-0.11464932,0.13258675,0.0995235,0.097130075
Asf1b,0.0,-0.27942854,-0.23390996,-0.06721723,-0.22791116
Prkaca,0.0,-0.021304645,0.043201994,0.025066033,0.026255846
Samd1,0.0,0.06399337,0.0987528,0.15935764,0.24391142
C330011M18Rik,0.0,0.036314487,-0.07719965,0.10873796,-0.012056615
Rfx1,0.0,0.24970141,0.24690917,0.040652648,-0.106307045
Dcaf15,0.0,0.28890783,0.19814058,0.38101622,0.099797115
Cc2d1a,0.0,0.21112734,0.48594147,0.28263474,0.159471
4930432K21Rik,0.0,0.060361203,-0.17942233,0.32543153,-0.00784494
Nanos3,0.0,0.0047897063,0.112374395,0.0066548996,0.0065164864
Gm26532,0.0,0.20518737,0.5924941,0.7636188,-0.13288787
Zswim4,0.0,-0.06136661,0.04369997,0.17384523,-0.10263201
D8Ertd738e,0.0,0.18269458,0.35274786,0.11366649,0.29525086
Mri1,0.0,-0.12851357,-0.19091648,-0.043393955,-0.19864765
Ccdc130,0.0,-0.07803555,0.023871621,-0.03435438,-0.21276733
Cacna1a,0.0,-0.07928665,-0.055042926,0.121037155,-0.17691252
Gm16183,0.0,-0.07683806,-0.043891944,-0.053619318,-0.25699186
Ier2,0.0,-0.00443843,0.14069155,0.027283233,0.024806302
Nacc1,0.0,0.27117032,0.32849956,0.19504961,0.22219211
Trmt1,0.0,-0.07720036,0.13540463,0.098217316,-0.0935727
Nfix,0.0,-0.28991497,0.06820757,0.0014054626,-0.13186905
Dand5,0.0,-0.14917728,-0.0070944764,0.19154443,-0.20937735
Gadd45gip1,0.0,0.18982227,0.28511092,-0.09394561,0.16586676
Rad23a,0.0,0.19598335,0.23289753,0.36467987,0.1352351
Calr,0.0,-0.29734048,-0.065369084,-0.060458552,-0.19987169
Farsa,0.0,-0.18668061,0.060484145,-0.2788225,-0.13884336
Syce2,0.0,-0.12125565,-0.13789374,-0.097086065,-0.104442656
Gcdh,0.0,0.10535663,0.052156586,0.025673032,0.018701322
Dnase2a,0.0,-0.26879844,-0.16856699,-0.14760748,-0.09860595
Mast1,0.0,0.20741221,0.13426933,0.3175379,0.042196095
Rtbdn,0.0,-0.012126092,-0.11109467,0.21258625,-0.011780139
Rnaseh2a,0.0,-0.24483871,-0.07249221,-0.23544031,-0.17268524
Prdx2,0.0,-0.12138198,0.16213936,-0.05103691,0.10056093
Junb,0.0,-0.044265024,-0.13148364,-0.018006982,-0.15105456
Hook2,0.0,-0.10436194,-0.12336155,0.15704185,-0.13394988
Asna1,0.0,-0.025209807,0.07391395,0.0601538,0.098520905
Trir,0.0,0.48380798,0.4480098,0.3623988,0.37078068
Tnpo2,0.0,0.21303421,0.15061067,0.16667405,0.11651248
A230103J11Rik,0.0,0.03531713,-0.06841086,-0.084091134,-0.019536478
Fbxw9,0.0,0.16327399,0.14704823,0.20780516,0.18257277
Dhps,0.0,-0.28190786,-0.099717185,-0.13637538,-0.10830644
Wdr83,0.0,-0.074159,0.2827465,0.118449934,0.08316031
Wdr83os,0.0,-0.28668618,-0.27997833,-0.24119969,-0.17072846
Man2b1,0.0,-0.23636933,0.12222567,0.055666167,-0.14847991
Zfp791,0.0,-0.38521904,-0.31724775,0.0063504726,-0.09267597
Vps35,0.0,0.04780358,-0.01393719,-0.02873446,-0.006179668
Orc6,0.0,-0.016411677,-0.07389962,-0.21527684,-0.054545023
4921524J17Rik,0.0,0.09970688,0.15085544,0.23969689,0.11770247
Gpt2,0.0,-0.22592942,-0.24202679,-0.37279013,-0.11745649
Dnaja2,0.0,0.0071087703,0.04593835,-0.08304072,0.015426099
Neto2,0.0,0.15180793,0.059134837,0.060117252,0.078894585
Itfg1,0.0,0.008302979,0.024748988,0.06971699,0.0632883
Gm39214,0.0,0.31111306,0.12929797,-0.05752275,-0.032071702
Phkb,0.0,0.14714259,0.17963615,0.20218404,0.1217537
Abcc12,0.0,0.0624484,-0.04016592,0.005060857,-0.014373652
Lonp2,0.0,-0.2176818,0.0055515617,0.054589607,-0.037424587
Siah1a,0.0,-0.13810135,0.037890233,0.016150322,-0.103604786
Gm10638,0.0,0.03347569,-0.14340726,-0.10556148,-0.2753144
N4bp1,0.0,-0.028403297,0.040296976,0.016588721,-0.07181752
Gm2694,0.0,-0.20860802,0.060549185,0.069769695,0.04988255
Zfp423,0.0,-0.025365226,0.03994675,0.06346272,0.11581297
Cnep1r1,0.0,0.026508518,-0.008260757,0.29880488,0.047460966
Heatr3,0.0,-0.020475112,0.026860634,-0.027006537,-0.017138928
Tent4b,0.0,-0.02031216,0.27609324,0.2473638,0.07566133
Adcy7,0.0,0.014314868,-0.02157339,0.24588259,-0.0648464
Brd7,0.0,-0.042778015,-0.034399357,-0.032138124,-0.12868965
Nkd1,0.0,0.23332986,0.23523301,0.17203245,0.2472981
Snx20,0.0,0.08888522,-0.060740557,-0.011269445,-0.0073517356
Cyld,0.0,0.18988384,0.097587675,0.1956505,0.057734802
Sall1,0.0,0.040348474,0.33788732,-0.13041773,-0.17856655
Tox3,0.0,0.1538243,0.25797796,0.23884058,0.030826107
Chd9,0.0,-0.16973683,-0.017838351,-0.058539882,0.031999893
Rbl2,0.0,-0.017589323,-0.017082032,-0.04657417,-0.14382483
Aktip,0.0,0.08038978,0.19157065,-0.029496834,0.054441307
Gm45464,0.0,-0.17739516,-0.16631383,0.27692544,-0.098039374
Rpgrip1l,0.0,0.23968275,0.21677473,0.1788269,0.06926824
Fto,0.0,0.0068499744,0.18404123,0.15026028,0.0065398067
4831440D22Rik,0.0,0.09575102,0.024543587,0.0802973,-0.12130591
Gm3235,0.0,-0.14328276,-0.11791457,0.09222035,0.006193134
Crnde,0.0,-0.071359836,0.060425747,-0.13602363,-0.20824896
Mmp2,0.0,-0.06447866,-0.08972171,-0.09741011,-0.010890555
Lpcat2,0.0,0.01983912,-0.14001924,0.25750124,-0.01929184
Ces5a,0.0,0.07819917,-0.12463537,-0.09142156,0.022185974
Gm45708,0.0,-0.06597757,-0.033789113,0.06166708,-0.06972164
Gm26843,0.0,0.1320073,0.15975982,0.11703265,0.17043498
Gm30606,0.0,-0.031487536,0.093270406,0.075440936,0.067361824
4930488L21Rik,0.0,-0.15031515,-0.113826066,0.014229856,-0.1652626
Gnao1,0.0,-0.05969832,0.06280357,-0.09006079,-0.17518896
Amfr,0.0,-0.008711465,0.03909257,0.09271163,-0.14315519
Nudt21,0.0,0.20381467,0.23547973,0.15798105,0.06824848
Ogfod1,0.0,0.13220428,0.057537373,-0.11594353,-0.084716894
Bbs2,0.0,-0.0037088096,-0.0673625,0.106649265,-0.04209598
Mt3,0.0,0.42074278,0.4361358,0.18666942,0.03900495
Mt2,0.0,0.23374954,0.09292553,-0.047847927,-0.14616296
Mt1,0.0,0.2882473,0.028571453,-0.17436752,-0.16429073
Nup93,0.0,-0.06931758,0.06274711,-0.0325838,-0.029870782
C78859,0.0,-0.035679482,-0.068765715,0.3605661,-0.17863993
Herpud1,0.0,0.048376832,0.035676,0.027805332,-0.020079263
Nlrc5,0.0,-0.20947725,0.048176914,-0.24062051,-0.15959886
Cpne2,0.0,-0.029688425,0.100876465,0.11190811,0.044317216
Fam192a,0.0,0.15610416,0.28070337,-0.023660123,0.17666715
Rspry1,0.0,-0.19911042,-0.19515218,-0.12956798,-0.12566727
Arl2bp,0.0,0.29182318,0.18776214,0.0702232,0.1840834
Pllp,0.0,0.30721444,-0.045357645,-0.019301534,0.013270177
Gm45767,0.0,-0.22437707,-0.26913142,0.040247142,-0.20197397
Cx3cl1,0.0,0.13098061,0.04804478,0.20826072,0.05697801
Ccl17,0.0,-0.11198692,0.06371072,-0.025969643,-0.115825996
Ciapin1,0.0,0.020893596,-0.02615229,0.012703229,-0.0133790895
Coq9,0.0,-0.0070712417,0.264918,0.23783451,0.06575886
Polr2c,0.0,-0.09020379,-0.07655275,-0.12687744,-0.08101398
Dok4,0.0,0.03701233,0.06606164,0.027826902,0.049795438
Adgrg1,0.0,0.1401902,0.06925196,0.007172346,0.062033966
Drc7,0.0,0.046133514,0.04110515,0.021733023,0.12323203
Katnb1,0.0,0.324742,0.5466698,0.23946974,0.24481763
Kifc3,0.0,0.14067332,0.17882247,0.22080795,0.07380839
Gm31224,0.0,-0.15216765,0.010601005,0.03498473,-0.18181844
Zfp319,0.0,0.19637871,0.009712763,0.055567667,-0.035558127
Usb1,0.0,0.16909246,0.24452527,0.15412451,0.19664557
Mmp15,0.0,-0.05098901,-0.025743268,0.17757753,-0.13291088
Cfap20,0.0,0.051177796,0.053307854,-0.08792997,-0.16475728
Csnk2a2,0.0,-0.18191782,-0.0856262,-0.20661448,-0.14988548
Ccdc113,0.0,0.17740165,0.013044342,0.048992414,0.050539322
Gins3,0.0,0.3354025,0.21046689,-0.04328616,0.14116734
Ndrg4,0.0,0.19861011,0.0421959,0.06994392,0.15126282
Setd6,0.0,0.2331594,0.021724947,0.05251902,0.07390565
Cnot1,0.0,0.12757416,0.06015884,0.13641608,0.029116869
4930513N10Rik,0.0,-0.040305216,-0.02114022,-0.05803108,-0.044378232
Gm31659,0.0,0.028802168,0.034367125,0.08934048,0.101663545
Sap18b,0.0,-0.0774742,0.066480614,-0.06544577,-0.0669257
Gm31805,0.0,-0.0023806067,-0.0038836747,0.008946362,0.0065833023
Slc38a7,0.0,-0.15268555,-0.17092231,-0.15020162,-0.3257178
Got2,0.0,0.44271865,0.3985899,0.30104652,0.10656728
Gm32005,0.0,-0.03729184,-0.09047906,0.0011080755,-0.04093402
Gm15679,0.0,-0.07739462,-0.05880122,-0.14501907,-0.091383755
Cdh8,0.0,0.4816587,0.34262228,0.59700763,-0.003598988
Gm15680,0.0,0.03303485,-0.05776061,-0.10510239,-0.21003662
A330008L17Rik,0.0,0.39785847,0.28673255,0.60545975,0.21963659
Cdh11,0.0,0.27232778,0.3389983,0.24010488,0.16141242
Bean1,0.0,0.20198436,0.18697953,0.20860133,0.16360065
Tk2,0.0,0.1535503,0.17374812,0.30329102,-0.037604704
Cklf,0.0,-0.28213233,-0.032007817,-0.025918022,-0.0216675
Cmtm3,0.0,0.26977354,0.12956786,-0.0038861036,-0.023728669
Cmtm4,0.0,-0.17283241,-0.15825443,0.05278154,-0.080537155
Dync1li2,0.0,0.23658118,0.043425843,-0.047565833,0.120340556
Terb1,0.0,0.033071652,-0.24800074,-0.038433768,-0.14441635
Nae1,0.0,0.17936194,-0.018172987,0.03839023,-0.07568074
Car7,0.0,-0.111870855,-0.15870526,0.12040286,0.027941551
Pdp2,0.0,0.33801892,0.3404524,0.11071588,0.11246207
Ciao2b,0.0,0.08680208,-0.09403537,-0.14322172,0.13835248
Cbfb,0.0,0.02633366,0.010348178,-0.0032043606,-0.042008005
D230025D16Rik,0.0,-0.14704295,0.031155344,0.1214844,-0.08580968
B3gnt9,0.0,0.49796045,0.06459164,-0.019482657,-0.10122231
Tradd,0.0,0.06906797,0.13490137,-0.041684,0.022912998
Fbxl8,0.0,-0.094655894,0.020158293,-0.025965005,-0.016479189
Hsf4,0.0,-0.009168949,-0.117843196,-0.16875777,-0.14709067
Nol3,0.0,0.1409435,0.12811738,0.37437582,0.1562363
4931428F04Rik,0.0,-0.10685409,-0.27283752,-0.10220364,-0.15663129
E2f4,0.0,0.0062405765,0.078111395,-0.044174396,0.045231722
Elmo3,0.0,-0.08284804,-0.058510806,0.009085285,-0.07163577
Lrrc29,0.0,-0.070145465,0.058107838,-0.11560123,-0.23736411
Tmem208,0.0,-0.2222161,0.13892817,0.14473048,-0.13311648
Fhod1,0.0,0.22570294,-0.049548425,0.18536979,-0.16162586
Slc9a5,0.0,0.22402227,0.12939945,0.32445592,0.2599245
Plekhg4,0.0,0.042614494,0.0041226298,0.037341733,0.028400628
Lrrc36,0.0,-0.03454651,-0.0048077293,0.011888603,-0.031414498
Tppp3,0.0,-0.016194165,0.3070683,-0.086245626,0.09106256
Zdhhc1,0.0,-0.016437866,0.020905785,0.114512764,0.09302823
Atp6v0d1,0.0,-0.21800597,-0.08453024,0.0003135167,0.046100583
Gm38250,0.0,-0.67896014,-0.32414782,-0.23467039,-0.45865604
Agrp,0.0,-0.3263191,-0.57514554,-0.16169925,-0.03297317
Ripor1,0.0,0.27569038,0.24260941,0.15723042,0.39249623
Gm5914,0.0,0.21710028,-0.007570304,0.09562802,-0.19592392
Ctcf,0.0,0.070178226,0.14431967,0.12627147,0.13521758
Carmil2,0.0,0.41009513,0.26244092,-0.024736434,0.17556103
Acd,0.0,-0.00050234795,-0.006635174,0.08287382,0.083670296
Pard6a,0.0,0.021824038,-0.0447901,0.031476416,-0.041528214
Enkd1,0.0,0.12621266,-0.052189365,0.09719464,0.05430141
Gfod2,0.0,-0.13105151,-0.11672544,-0.2705146,-0.22717312
Ranbp10,0.0,-0.3655331,0.0396913,0.0028051268,-0.088111654
Tsnaxip1,0.0,-0.047683798,-0.057383023,-0.017956898,-0.12103456
Cenpt,0.0,-0.014540805,0.07358673,-0.02733206,-0.12571964
Thap11,0.0,-0.08342302,0.0019398481,-0.07454578,0.08457875
4930578M07Rik,0.0,-0.12612782,0.043472935,-0.13840462,-0.136271
Nutf2,0.0,-0.18461119,-0.1733051,0.22434878,-0.014143687
Edc4,0.0,0.46729374,0.2807173,0.15150386,0.06324485
Nrn1l,0.0,-0.025067613,0.31682068,-0.009552911,0.056044843
Pskh1,0.0,-0.069368556,0.06430967,0.27706838,0.201841
Gm16156,0.0,-0.22651203,-0.025181193,0.13140944,-0.18661967
Psmb10,0.0,-0.026641943,0.16155353,-0.07411077,0.06498342
Lcat,0.0,-0.13660276,0.13755001,0.14565319,0.054537322
Slc12a4,0.0,0.18633081,0.16826622,0.4193402,0.098643124
Dus2,0.0,-0.19524363,0.0036840132,0.0015794877,-0.031582803
Ddx28,0.0,0.0670721,0.298085,-0.09765109,0.07254401
Nfatc3,0.0,-0.13112903,0.15981993,0.037086044,0.021240309
Pla2g15,0.0,-0.05494187,-0.08781975,0.023650043,-0.021351233
Slc7a6,0.0,0.15000087,0.029591061,-0.048645906,0.008594811
Slc7a6os,0.0,-0.07684385,-0.016991667,0.16272742,0.006227702
Prmt7,0.0,0.22970867,0.19177501,0.1398117,0.0819202
Smpd3,0.0,0.061364897,-0.11899207,0.088034205,-3.0986965e-05
Gm10629,0.0,-0.072418734,0.12578753,0.18020591,0.17051876
Zfp90,0.0,0.17836745,0.065819725,0.19419128,0.08912401
Tango6,0.0,-0.13803594,0.067761555,0.13981935,-0.029468141
Has3,0.0,0.06536986,0.084518656,-0.052622635,-0.12511082
Chtf8,0.0,0.119226545,-0.04698585,0.07647584,-0.060629852
Utp4,0.0,0.040573943,-0.061353244,0.08237899,-0.026994243
Sntb2,0.0,0.13964748,0.27601877,0.30260587,0.21698165
Vps4a,0.0,0.41744265,0.30603817,0.07214652,-0.04956305
Cog8,0.0,0.23056237,0.26865336,0.16127694,0.14736386
Nip7,0.0,-0.027835537,-0.073988736,-0.30801564,-0.04776512
Terf2,0.0,0.008587755,0.15273833,0.07881467,-0.0070526153
Cyb5b,0.0,0.088383436,0.107183814,0.11528709,0.076159015
Nfat5,0.0,0.04909788,0.045697317,0.12555107,0.17949307
Nqo1,0.0,-0.017693408,0.11489907,0.030227158,0.0750145
Nob1,0.0,-0.09025879,-0.03151902,0.168385,-0.12685056
Wwp2,0.0,-0.05338963,0.14586174,0.108879656,-0.02901505
Psmd7,0.0,-0.18625432,0.0036392808,-0.063223094,0.048106413
Zfhx3,0.0,-0.18518102,0.20934755,-0.048655942,-0.22119242
D030068K23Rik,0.0,0.1608394,-0.16165039,0.10815047,-0.029194325
Dhx38,0.0,0.09003419,0.12316314,0.19128558,0.2827787
Txnl4b,0.0,-0.3203179,0.016653374,-0.2132366,-0.15964319
Dhodh,0.0,-0.122120276,-0.25136834,-0.03903147,-0.17665468
Pkd1l3,0.0,0.1607389,0.027598793,0.0619951,-0.26463422
Ist1,0.0,0.15068083,0.061497275,0.08443483,-0.045007467
Zfp821,0.0,0.022803992,0.16532013,0.3739236,0.2142439
Atxn1l,0.0,0.23666428,0.05541569,0.2972613,0.15612298
Ap1g1,0.0,0.20205411,0.1524451,0.061840944,-0.06447446
Gm17344,0.0,-0.14859733,-0.114639714,-0.14474773,-0.001812268
Phlpp2,0.0,0.19977745,0.010765657,0.22399594,0.3524782
Marveld3,0.0,-0.010925006,-0.061954703,-0.04418319,0.010487599
Zfp612,0.0,-0.33824193,0.031853937,-0.14910798,-0.25128472
Gm17720,0.0,-0.025382672,0.13703033,0.01056027,0.026598014
Calb2,0.0,0.12654765,0.10240133,-0.44164604,0.27493882
Cmtr2,0.0,0.13411313,-0.11566941,0.08861838,-0.024186462
Hydin,0.0,-0.1879988,-0.03137682,-0.048317213,-0.09212661
Vac14,0.0,0.39251634,0.35626918,0.36514682,0.2719365
Mtss2,0.0,0.16806826,0.15656832,0.28172058,0.13919082
Il34,0.0,-0.13825929,-0.16053045,0.22270578,-0.184431
Sf3b3,0.0,-0.09173229,0.043544944,-0.08193147,0.25358933
Cog4,0.0,-0.25260055,0.0063038617,0.045576446,0.12360093
Fcsk,0.0,-0.16604856,0.045136444,-0.021485772,-0.038649257
St3gal2,0.0,0.035675436,0.2859609,0.08165236,-0.014744967
Ddx19a,0.0,-0.032477595,-0.23139209,-0.2364001,-0.25164482
Ddx19b,0.0,0.017320164,-0.1465298,0.05977749,-0.10360621
Aars,0.0,0.13373967,0.13708559,0.14957787,-0.1157027
Clec18a,0.0,0.16742995,-0.013121963,0.10475281,-0.032691628
Pdpr,0.0,0.062275045,0.16414496,0.3087188,0.024095371
9430091E24Rik,0.0,0.09039299,-0.00892745,0.2510557,-0.1206161
Glg1,0.0,0.10440444,0.14357446,0.007315874,-0.0148204565
Rfwd3,0.0,0.05550278,0.043567806,0.18986046,0.12753375
Mlkl,0.0,-0.02771029,-0.011587784,-0.017597793,0.03833435
Fa2h,0.0,0.14344892,-0.005721964,0.069585666,0.010874659
Wdr59,0.0,0.09787156,0.14371066,0.2668548,0.105627544
Znrf1,0.0,-0.07890072,0.111201756,0.16038588,-0.076992504
Ldhd,0.0,0.19642614,0.34264007,0.2395726,0.05594966
Zfp1,0.0,0.07787647,-0.035293534,0.12977238,0.013832599
Bcar1,0.0,0.011212379,0.18996751,-0.10470622,0.02442345
Cfdp1,0.0,-0.24601308,-0.06600344,-0.36032164,-0.12396456
Tmem170,0.0,-0.038535036,-0.22116184,-0.336871,-0.12967022
Chst5,0.0,-0.12330095,-0.094180316,-0.12240992,-0.09821081
Tmem231,0.0,-0.20864767,-0.031681232,-0.12824771,-0.12638338
Gabarapl2,0.0,0.09183237,-0.0738607,-0.24012417,0.1684361
Adat1,0.0,-0.2728336,-0.075830154,-0.11533561,-0.32902598
Kars,0.0,0.04581195,0.12256734,-0.09088354,-0.01926351
Terf2ip,0.0,0.2596749,0.050797276,-0.0041170567,-0.05848141
Gm26994,0.0,-0.026859028,0.0015358627,-0.0031768046,0.04611227
Cntnap4,0.0,0.26187086,0.12446433,0.21343173,-0.010353014
Gm45904,0.0,0.1675215,-0.040768005,0.10735622,-0.034673393
Mon1b,0.0,-0.023971785,-0.12138952,0.07213199,0.08960922
Syce1l,0.0,-0.018392123,-0.050982922,0.076566026,0.055003233
Adamts18,0.0,0.014421178,-0.06817804,-0.094933376,-0.06966153
Nudt7,0.0,0.009085491,0.17694645,0.18630266,0.22793224
Vat1l,0.0,0.3125596,0.15470791,-0.054862693,0.08865884
Wwox,0.0,0.18769816,0.31386545,0.3084772,0.20952353
Maf,0.0,0.19193003,-0.18856788,0.044345837,-0.060615636
Dynlrb2,0.0,-0.28647438,-0.23367725,-0.22843452,-0.044664577
Cdyl2,0.0,-0.23148397,0.14141002,0.15701337,-0.060715374
Cmc2,0.0,-0.037922345,0.21760252,-0.25714484,-0.0059755705
Cenpn,0.0,-0.1242525,-0.039478853,0.019003581,0.002777834
Atmin,0.0,0.04668705,-0.021947235,0.11056289,0.080539845
1700030J22Rik,0.0,0.12231934,0.06748177,-0.0717223,0.055820245
Gcsh,0.0,0.19594468,0.21712588,0.18773085,0.015126944
Pkd1l2,0.0,0.027724605,-0.037878536,-0.025444511,-0.041223414
Gan,0.0,-0.10861989,0.0025438368,0.24527344,0.119216524
Cmip,0.0,-0.30104703,-0.06211845,-0.22184291,-0.14822209
Plcg2,0.0,-0.004321754,-0.11812487,0.13943203,-0.0452072
Sdr42e1,0.0,-0.21873537,-0.10647543,-0.112777255,-0.20933291
Mphosph6,0.0,0.4062732,0.2561091,0.035997078,0.18309459
Cdh13,0.0,0.2597675,0.25105274,0.2343247,-0.036754265
Hsbp1,0.0,0.031193167,0.030322358,-0.25635445,0.03476131
Mlycd,0.0,-0.003615968,0.050552208,0.040384907,0.16384585
Necab2,0.0,0.14858001,0.066160895,0.03829712,-0.15030411
Mbtps1,0.0,0.3994896,0.23454228,0.39872423,0.10881713
Hsdl1,0.0,-0.04925278,0.07589626,0.10053272,0.004850745
Taf1c,0.0,-0.053696558,0.2741063,0.3906029,0.041356966
Meak7,0.0,-0.052446924,0.14258371,0.123409696,0.06624467
Cotl1,0.0,-0.3705076,-0.1432259,-0.3882621,-0.25041768
Klhl36,0.0,0.18359387,-0.0071452633,0.08327027,0.18394291
Usp10,0.0,0.18937409,0.230935,-0.060522825,-0.10694708
Crispld2,0.0,0.012386274,-0.067842044,-0.094781466,-0.059671428
Zdhhc7,0.0,-0.033691406,0.03324162,0.03670863,-0.20364252
A130014A01Rik,0.0,-0.01091218,-0.08550938,0.22608478,0.1306155
6430548M08Rik,0.0,0.14264342,0.28517208,0.18145958,0.21191153
A330074K22Rik,0.0,-0.11621186,-0.067051284,-0.15363157,-0.13496095
Gse1,0.0,-0.24355607,0.18513626,-0.06833738,-0.012839753
Gins2,0.0,0.043297328,0.21699284,0.43289247,-0.028101057
1190005I06Rik,0.0,-0.050735064,-0.023399107,0.34598783,0.026836
Gm26537,0.0,-0.034045763,-0.07647239,0.078432925,-0.041728936
Emc8,0.0,0.074772,0.05113243,0.110932335,-0.013419308
Cox4i1,0.0,-0.017639428,0.036467753,-0.021585837,0.12444526
Irf8,0.0,0.06089878,-0.07506292,-0.108802974,0.13939978
Mthfsd,0.0,0.026916843,-0.04537359,0.17359507,-0.12864405
Fbxo31,0.0,0.04834539,0.078928106,-0.07256296,0.14932504
Map1lc3b,0.0,0.3917185,0.26030827,0.1963909,0.2628799
Zcchc14,0.0,-0.37120372,-0.03287758,0.043992687,-0.053083383
Gm45833,0.0,-0.05562163,-0.06981449,-0.061864123,-0.058202773
Jph3,0.0,0.20633954,-0.048375353,-0.060136132,-0.09422276
Klhdc4,0.0,0.05802443,0.25902605,-0.09312314,-0.27588618
Gm42047,0.0,0.15508704,-0.3996651,-0.2525936,0.19547588
Gm26812,0.0,-0.053026166,-0.11214557,-0.11026342,-0.07777138
Slc7a5,0.0,-0.032113392,-0.31177607,-0.0467152,-0.2837993
Banp,0.0,-0.10671024,0.0557284,-0.2316325,-0.13555731
Zfp469,0.0,0.026530342,0.096382946,0.004807476,0.04467008
Zfpm1,0.0,0.14171767,-0.076889835,0.21759298,-0.084237315
Zc3h18,0.0,-0.18620786,0.018359449,-0.0863202,-0.1207256
Cyba,0.0,-0.011588369,-0.07717359,-0.13591498,0.033553846
Mvd,0.0,0.22099933,0.11478524,0.509296,0.15781708
Rnf166,0.0,-0.12995969,0.24826175,0.38778102,0.051527746
Ctu2,0.0,0.33302805,0.36045173,0.32385135,0.2514103
Piezo1,0.0,0.09796352,-0.07486132,-0.019577939,0.017068483
Cdt1,0.0,-0.047801632,0.10945195,0.0176629,0.024326026
Aprt,0.0,0.12960726,0.1542967,0.10498513,-0.004009165
Galns,0.0,-0.0696538,-0.1852444,0.004585821,-0.009234432
Trappc2l,0.0,0.23749003,0.2277838,0.1572135,0.34404552
Cbfa2t3,0.0,-0.13470823,-0.03518988,-0.19283849,-0.10126563
C230057M02Rik,0.0,-0.040876348,-0.051527787,-0.03409794,0.009083663
Acsf3,0.0,0.005915135,0.199353,0.22181165,0.07861741
Cdh15,0.0,-0.014603738,-0.14855811,-0.10728425,-0.02122499
Gm45894,0.0,0.07266346,-0.0013627894,0.07698219,0.018425714
Ankrd11,0.0,-0.15016913,0.09780672,0.07701037,-0.0922478
2810013P06Rik,0.0,0.043879725,-0.124726914,0.031664394,-0.14406233
Spg7,0.0,0.06704374,0.15512747,0.21446721,-0.12728778
Rpl13,0.0,0.1423486,0.07712623,-0.14825238,0.06837936
Cpne7,0.0,0.23496261,0.07412043,0.24230489,-0.21436174
Chmp1a,0.0,-0.07975139,0.0027090171,-0.07872715,-0.12765524
Spata33,0.0,0.12143198,-0.12893994,0.18434829,-0.025637858
Cdk10,0.0,-0.07212741,-0.18105008,-0.23986936,-0.25084484
Spata2l,0.0,0.014952749,0.20113719,0.13327049,0.017893448
4933417D19Rik,0.0,-0.041110918,-0.026784379,0.085741356,-0.026986841
Vps9d1,0.0,-0.20535436,-0.02155496,0.045193598,-0.1960872
Zfp276,0.0,-0.054553382,0.23244236,0.07914832,0.111709535
Fanca,0.0,0.033571385,0.17594023,0.14060599,0.14501093
Spire2,0.0,0.018751133,-0.13181746,-0.054647706,-0.09409258
Tcf25,0.0,0.4443479,0.46322942,0.29123294,0.18324023
Tubb3,0.0,0.06937653,0.20906085,-0.054319426,0.22920182
Def8,0.0,-0.5111506,-0.16322376,-0.25831157,-0.33532125
Afg3l1,0.0,-0.030431516,0.022855535,0.12069472,-0.003675595
Dbndd1,0.0,0.0991738,0.1941036,0.08605278,0.043129317
Gas8,0.0,-0.17250273,0.00999263,0.039481826,-0.04494463
Rhou,0.0,-0.1302518,-0.3978108,-0.5402282,-0.07630203
4732419C18Rik,0.0,-0.06701538,-0.30698562,-0.15368225,-0.070954725
Rab4a,0.0,-0.0032916926,-0.14698161,-0.046487845,-0.038390383
2810455O05Rik,0.0,0.01237249,0.14347634,0.053918768,-0.04834957
Ccsap,0.0,0.2484009,0.0007667951,-0.059110112,-0.123193845
Acta1,0.0,-0.021221584,-0.098718554,0.03319417,-0.038730178
Gm29773,0.0,-0.0027647465,-0.17946206,-0.17023847,-0.22657493
Nup133,0.0,-0.17649345,0.00046141446,-0.03138731,-0.10342528
Gm45890,0.0,-0.1309617,-0.17744775,0.11324658,-0.059614427
Abcb10,0.0,0.24436253,0.08807087,0.22508378,0.13519417
Taf5l,0.0,0.057790115,-0.00741205,0.16635914,-0.13773602
Urb2,0.0,0.15491414,-0.020027675,0.23771487,-0.06254804
Galnt2,0.0,-0.04895816,0.073012225,0.0065902993,0.015304461
Pgbd5,0.0,-0.045103155,-0.19263496,-0.13439961,-0.5056134
Cog2,0.0,0.10388301,0.14084809,0.28002858,-0.15255214
Agt,0.0,0.06513311,0.24036025,0.089490175,0.41164255
2310022B05Rik,0.0,0.12042928,0.34259835,0.18669342,0.25350827
Ttc13,0.0,0.037365995,-0.0041087493,0.11261069,0.072856024
Arv1,0.0,-0.24202451,-0.021421932,0.040434405,-0.33406776
Fam89a,0.0,0.08545309,-0.031395502,0.31476745,0.053508986
Trim67,0.0,0.022618756,-0.006034795,0.0063050985,0.0024089143
2810004N23Rik,0.0,-0.051103964,0.119266264,-0.101727016,-0.1644153
Gnpat,0.0,0.31600088,0.07013876,0.04564385,-0.010613412
Exoc8,0.0,0.14574578,0.008032218,0.051350635,-0.06359407
Sprtn,0.0,-0.017337231,-0.029185526,0.0049652904,-0.20824252
Egln1,0.0,0.04410808,0.030697903,-0.09313741,-0.026342578
Tsnax,0.0,0.21749005,-0.0025683343,-0.1527636,-0.0072200075
Disc1,0.0,-0.21577048,-0.08271469,-0.057914592,-0.098084316
Sipa1l2,0.0,-0.017556801,-0.0130484,-0.07844458,-0.1864935
Map10,0.0,-0.112401724,-0.11467481,-0.099234745,-0.07442488
Ntpcr,0.0,-0.0071409047,0.13656703,-0.074315764,0.17802113
Pcnx2,0.0,-0.07785624,0.05493892,0.12740606,-0.16337053
A730098A19Rik,0.0,-0.023165368,-0.07034361,-0.04540737,-0.12138611
Map3k21,0.0,0.082041375,0.086077414,0.029437855,0.03304641
Kcnk1,0.0,-0.12232193,-0.08948622,-0.19026364,0.101204544
Slc35f3,0.0,0.21671414,0.115658425,-0.0035539865,0.01709313
Coa6,0.0,-0.0822141,-0.1139787,-0.3372386,-0.28999364
Tarbp1,0.0,-0.043312013,0.06535413,0.09784291,0.016612355
Gm26759,0.0,0.08838827,-0.18118058,0.12282121,-0.12326661
Irf2bp2,0.0,-0.044438347,-0.17214228,0.24636842,0.011862304
Gm31718,0.0,0.044733614,-0.049497925,0.051720906,0.14572486
Tomm20,0.0,-0.16262904,-0.19016284,-0.16582897,-0.017306749
Rbm34,0.0,0.099109694,-0.009001464,0.018222146,0.036457352
Pard3,0.0,-0.18357965,0.032940097,-0.049682558,-0.109969184
Nrp1,0.0,-0.06385328,0.22484043,-0.010727793,-0.0074353367
Itgb1,0.0,0.23113513,0.21141872,0.32378453,-0.003796056
Ccdc7a,0.0,0.023148764,-0.07587902,-0.19976243,0.0025460627
Ccdc7b,0.0,-0.10561028,-0.2541759,0.05072561,-0.11857723
2610044O15Rik8,0.0,0.21178721,0.23015177,0.21925531,0.26037377
Gm32856,0.0,0.19842646,0.14748433,0.20201147,0.1534272
Alkbh8,0.0,-0.11046272,-0.2072208,-0.19102314,-0.048529305
Cwf19l2,0.0,-0.029189833,0.026324049,0.046956915,0.048783246
Gucy1a2,0.0,0.08855165,-0.0028948337,0.0672773,-0.15609476
Aasdhppt,0.0,-0.039562993,-0.016538434,-0.20883463,-0.09663215
Kbtbd3,0.0,-0.2765062,-0.23249114,0.02074632,-0.22648686
Msantd4,0.0,0.1253899,-0.3207421,-0.17409353,-0.15035942
Gria4,0.0,0.31049997,0.028648973,0.22257978,0.067384556
Pdgfd,0.0,-0.5662999,-0.3222069,-0.5265639,-0.29705083
Dync2h1,0.0,-0.009267986,0.033401273,0.13963474,0.07291615
Dcun1d5,0.0,0.032032944,0.09394626,-0.063358895,0.10458301
Tmem123,0.0,-0.04539443,-0.032237124,0.019780768,-0.0039991066
Birc2,0.0,-0.19100794,-0.37880272,-0.16481589,-0.13756832
Birc3,0.0,-0.10599379,0.01197925,0.05064815,0.031151392
Yap1,0.0,-0.134668,0.10278676,0.111473136,0.16038832
Gm45494,0.0,-0.18736127,-0.092772655,0.1066207,0.09888955
Cfap300,0.0,-0.07006833,-0.05877275,0.08675122,-0.03747239
Cep126,0.0,-0.023785023,0.00712833,-0.098776355,-0.014250977
Trpc6,0.0,0.08177869,-0.021476917,0.11549122,0.08139942
Gm32014,0.0,-0.05701731,-0.044795368,-0.023130553,-0.14882016
Pgr,0.0,0.16187453,-0.07345536,-0.09520373,-0.11953679
Arhgap42,0.0,-0.007944904,0.11552077,0.06198579,0.018630654
Gm16833,0.0,-0.5692676,-0.17968568,-0.48453346,-0.37155864
Gm46102,0.0,0.1977996,-0.022711568,0.0676557,0.105211474
Cntn5,0.0,0.21509902,0.08214824,0.3614799,-0.3823582
Gm32710,0.0,0.02978835,-0.022994434,-0.0326187,0.04369628
Jrkl,0.0,0.28965926,-0.16368914,0.09734606,0.1648573
Ccdc82,0.0,0.523021,0.21337336,0.2869133,0.26430556
Maml2,0.0,-0.1507684,0.09429124,-0.0385181,0.0062452033
Mtmr2,0.0,0.16474836,-0.1043216,-0.0942335,-0.0846681
Cep57,0.0,-0.093228795,0.0128983855,0.09759333,0.110838905
Fam76b,0.0,0.326849,0.21419133,0.3039716,0.041385517
Gm47557,0.0,-0.014201506,-0.055947922,-0.014155464,-0.019179177
Gm47565,0.0,-0.07005389,-0.004194038,-0.06124804,0.002310316
Sesn3,0.0,-0.2784959,0.035735417,-0.320761,-0.17072356
Endod1,0.0,0.34363347,0.33512583,0.06509894,0.081445605
Kdm4d,0.0,-0.10791706,-0.033473015,0.14844897,-0.050154127
Cwc15,0.0,0.020991206,-0.119219124,-0.016123913,-0.1255927
Amotl1,0.0,0.09536547,0.12427826,-0.0733703,-0.08667029
Ankrd49,0.0,-0.16927826,-0.4131689,-0.18614289,-0.1256102
Mre11a,0.0,-0.17107302,0.10236698,0.06696611,0.0524987
Gpr83,0.0,-0.10405105,-0.119459674,-0.18364143,-0.01626606
Panx1,0.0,0.08292501,0.0033308417,0.08068955,0.13128878
Vstm5,0.0,0.005968174,-0.024062937,0.08824794,-0.052632503
Med17,0.0,0.070205964,0.06380105,0.32536528,-0.019832134
4931406C07Rik,0.0,0.4402086,0.20160554,0.4832791,0.18591224
Taf1d,0.0,-0.072142944,-0.037188746,-0.13407385,-0.0175225
Cep295,0.0,0.22597031,0.14689672,0.29669946,0.024989828
Smco4,0.0,0.16349623,-0.14673357,-0.10670201,0.0084420275
Slc36a4,0.0,0.31758654,-0.09107432,0.13672526,0.0029686242
Fat3,0.0,0.02465932,0.22867851,0.07430817,0.03897816
Chordc1,0.0,-0.0061031207,0.16425696,-0.056028716,-0.04985059
Naalad2,0.0,-0.062475115,0.1780463,-0.061291397,-0.033049695
Zfp558,0.0,0.13967535,-0.078385524,0.06413225,0.020919312
Zfp317,0.0,-0.042671993,-0.12616508,-0.067116715,0.017929187
Zfp560,0.0,0.22698595,0.066931635,0.27890444,0.2795395
Zfp26,0.0,-0.052399896,-0.054187525,-0.04429271,-0.17118013
Zfp426,0.0,-0.10760368,-0.12966739,0.06483572,-0.070013255
Zfp266,0.0,-0.072259024,-0.046946287,0.09880862,-0.07724325
Zfp846,0.0,-0.07902253,0.08458658,0.25861192,0.11295522
Fbxl12os,0.0,0.066618934,-0.25649968,-0.16679835,-0.24203075
Fbxl12,0.0,-0.10822333,-0.115832165,-0.0192266,-0.26137742
Ubl5,0.0,0.16513233,0.2559969,-0.012815595,0.21405949
Pin1,0.0,-0.08749023,-0.10494152,-0.22700045,-0.11410668
Olfm2,0.0,-0.1564674,-0.19127175,0.105930105,0.10114311
Col5a3,0.0,-0.35465202,-0.030255266,-0.18341303,-0.35155958
Shfl,0.0,0.35874754,0.10155672,0.05784055,-0.103587806
Angptl6,0.0,0.11398217,0.07605938,-0.105049,0.04941033
Ppan,0.0,0.053173944,0.3764323,0.30516702,0.080595024
Eif3g,0.0,0.053333208,0.080225825,-0.23998073,0.08032199
Dnmt1,0.0,0.26861674,-0.0029106736,-0.02096574,0.048928473
S1pr2,0.0,-0.040561676,-0.15488848,-0.08136295,-0.06102449
Mrpl4,0.0,-0.07220798,0.011291899,0.043037973,0.13421887
Icam1,0.0,0.058260918,0.007049516,0.010545395,-0.0031774007
Icam5,0.0,-0.10658514,-0.23956408,0.01494918,-0.31028157
Gm26592,0.0,-0.008268679,-0.0018009227,0.0045290105,0.040529985
Zglp1,0.0,-0.012948357,0.12094829,0.086393416,0.06505822
Fdx2,0.0,0.23392986,0.19298106,-0.008463487,0.13863847
1700084C06Rik,0.0,-0.081904605,-0.12562543,-0.009270595,-0.110003814
Tyk2,0.0,0.12767051,0.14870776,0.13056485,-0.05754911
Cdc37,0.0,0.28412205,0.10758224,-0.03465952,0.090166405
Pde4a,0.0,0.19182417,0.16145588,0.20994414,0.06344901
Gm16754,0.0,-0.021000676,0.08030604,-0.065833256,-0.005663583
Keap1,0.0,0.036096476,-0.0096744895,-0.0052807704,0.12393503
S1pr5,0.0,0.22315463,0.008316062,0.054451525,0.04462146
Atg4d,0.0,-0.01515162,0.09784339,-0.039218407,-0.1444972
Kri1,0.0,-0.21701907,-0.19350083,-0.10454902,-0.40788925
Cdkn2d,0.0,0.12833919,0.16049296,-0.117569946,-0.05027338
Slc44a2,0.0,-0.01266326,0.09749566,0.31718108,0.09911215
Gm36198,0.0,-0.22989182,-0.10487701,-0.045913115,-0.19521216
Ilf3,0.0,0.03199384,0.014645621,0.028487109,-0.08264368
Gm16853,0.0,0.030507818,0.070957325,0.17559832,0.18246368
Qtrt1,0.0,-0.077750035,0.1070301,0.08650075,0.11878221
Dnm2,0.0,-0.105591185,0.0828761,-0.01891265,-0.10424138
Tmed1,0.0,0.2134531,0.29925585,0.3971306,0.26948443
AB124611,0.0,0.07502636,0.10988739,0.11042841,0.27256566
Carm1,0.0,-0.08249679,0.23819214,0.368023,0.12829398
Yipf2,0.0,-0.09208557,0.23153484,0.28724867,0.10215651
Timm29,0.0,-0.023140073,-0.37622175,-0.2896012,-0.23897293
Smarca4,0.0,0.0022812262,0.082181,0.07479301,-0.11200086
Gm26511,0.0,-0.16958126,-0.015340343,-0.14365949,-0.085237555
Ldlr,0.0,0.08156657,0.058184855,0.13961187,-0.025590621
Spc24,0.0,-0.18016733,0.124460265,0.06822908,-0.020285055
Kank2,0.0,0.25443968,0.26286516,0.5093279,0.37913793
Dock6,0.0,-0.094134435,0.25946587,0.22341815,0.025100268
Rab3d,0.0,-0.042814896,0.020399116,0.0300032,0.043021243
Tmem205,0.0,-0.20338161,0.093659416,-0.066076495,-0.2331122
Ccdc159,0.0,-0.051776625,-0.11813914,-0.11115025,0.011305406
Plppr2,0.0,0.14765665,0.20822321,0.28454122,0.06609123
Swsap1,0.0,0.21018536,-0.10292938,-0.1341134,-0.043885376
Epor,0.0,0.016722567,-0.10025118,0.035982095,-0.021305343
Rgl3,0.0,-0.06095773,0.1844683,-0.10557269,-0.079980165
Ccdc151,0.0,0.019838527,0.14681259,-0.014513895,0.062309355
Prkcsh,0.0,0.0076364353,0.074553244,0.0064822137,0.12796125
Elavl3,0.0,0.25600493,-0.037321314,-0.12657699,-0.08099023
Zfp653,0.0,-0.04663217,0.13225067,0.110176,-0.08686186
Gm16845,0.0,-0.15743458,-0.22864142,0.032613277,-0.3558718
Ecsit,0.0,-0.3460361,-0.19822808,-0.18801962,-0.22938323
Elof1,0.0,-0.05180689,-0.058049075,-0.21052687,-0.013684678
6530413G14Rik,0.0,-0.06563571,-0.062596664,-0.061328486,-0.08119218
Pigyl,0.0,0.065648735,-0.03492304,-0.064544596,0.17060304
Zfp809,0.0,-0.0033421367,0.10005747,0.13148889,-0.06775805
Zfp599,0.0,0.18732505,0.017911859,0.05376974,0.07157907
Zfp810,0.0,-0.046432994,0.08145079,0.23597851,-0.047969587
Anln,0.0,-0.06887009,-0.24805114,-0.3066084,-0.07329575
Rp9,0.0,0.23810965,0.1613792,0.45819664,0.2524884
9530077C05Rik,0.0,0.1815668,0.11120123,0.017004937,0.121875055
Gm17545,0.0,0.07846656,0.038186453,-0.11842315,-0.107442394
Bbs9,0.0,-0.21119246,-0.14025187,-0.11803084,-0.24103922
Bmper,0.0,0.41107488,0.32120258,0.37170154,0.35784873
Npsr1,0.0,0.027482625,-0.20135723,-0.038063042,-0.15572126
Gm10701,0.0,-0.07231178,-0.016682465,-0.051562876,-0.07310485
Dpy19l1,0.0,0.3069657,0.20352271,0.28713912,0.24127957
Gm47772,0.0,-0.11268562,-0.11159672,-0.069509104,-0.08394514
Herpud2,0.0,-0.2005176,-0.021143202,-0.033298418,-0.1363771
Gm29642,0.0,-0.11512877,0.033405073,0.017342417,-0.26012525
Sept7,0.0,0.010733743,-0.009909311,-0.30294108,-0.11929802
Eepd1,0.0,0.01778726,-0.14191324,-0.14619045,-0.15271138
Gm48393,0.0,-0.05189469,-0.060223345,0.049927533,0.1033061
B3gat1,0.0,0.31759048,0.1697503,0.2511011,0.07239939
Acad8,0.0,-0.16001451,-0.04331452,-0.012471844,-0.18280011
Thyn1,0.0,-0.21921752,-0.31300876,-0.45751047,-0.34658659
Vps26b,0.0,0.035115894,-0.14619878,-0.2036385,-0.17758533
Ncapd3,0.0,7.173419e-05,0.025288373,-0.03909117,-0.028858207
Jam3,0.0,-0.049844056,0.1305153,0.08973375,0.09043434
Gm48796,0.0,0.012738049,0.021105692,-0.03793163,-0.15030894
Igsf9b,0.0,-0.102680445,-0.043512907,0.1313644,-0.232286
Opcml,0.0,0.41879678,0.2169906,0.4940762,-0.13754898
Gm48091,0.0,0.15703431,-0.16321085,0.028034002,-0.15559022
Ntm,0.0,0.0031908602,0.029711604,0.071027026,0.064777054
Gm15520,0.0,0.19098747,0.050728798,-0.23266521,0.06206076
Snx19,0.0,-0.2209651,-0.097384214,-0.20329516,-0.41529262
Adamts15,0.0,-0.09447495,-0.13409667,-0.19019324,-0.10703177
Adamts8,0.0,0.030817138,-0.059110377,-0.045677036,0.009741733
Gm29724,0.0,-0.09607714,0.021737397,0.17057315,-0.00055782497
Zbtb44,0.0,-0.14022194,0.03898601,-0.17790748,-0.0046626455
Aplp2,0.0,0.15582126,0.018197313,0.09529069,0.025617182
Prdm10,0.0,0.26546302,0.24966672,0.4171334,0.09798962
Nfrkb,0.0,-0.029621124,0.17865226,0.22342932,0.089889005
Barx2,0.0,0.008487612,-0.022259355,0.0073779807,-0.023138016
Arhgap32,0.0,0.055179384,0.06988074,0.06969233,-0.05960483
Fli1,0.0,-0.022368673,-0.1392308,0.030052453,0.017011449
Ets1,0.0,0.016468033,0.032162532,0.23253486,0.23579574
Kirrel3,0.0,-0.043938942,0.13839778,0.084831506,-0.11088733
Kirrel3os,0.0,0.04795917,-0.022823814,0.008749168,-0.16625999
St3gal4,0.0,-0.38023663,-0.17914906,-0.3818205,-0.12665659
4930581F22Rik,0.0,0.36428294,0.23657244,0.38555655,-0.062645346
Dcps,0.0,0.030859552,0.12979831,-0.017279685,0.23455027
Tirap,0.0,-0.08132303,0.13669698,-0.088244885,0.031772103
Gm39318,0.0,-0.048619404,-0.029970083,-0.0066082254,-0.012181688
Srpr,0.0,0.0063427985,0.059864234,0.07408812,0.056346282
Foxred1,0.0,0.0063731447,-0.12644556,-0.115202814,-0.34399056
Fam118b,0.0,0.0501283,0.06299372,-0.14489722,0.053266075
Rpusd4,0.0,0.0007631555,0.16129395,-0.081483744,0.007927675
Cdon,0.0,0.29241934,0.17802699,0.21562754,0.31652278
Ddx25,0.0,0.21688461,0.32595748,0.059245244,0.16341728
Pus3,0.0,-0.39605704,-0.4002155,-0.43029648,-0.2635033
Hyls1,0.0,0.24831566,-0.023783157,-0.19939952,-0.00789799
Pate2,0.0,0.4055996,0.041565433,0.36085302,0.15099022
Chek1,0.0,-0.19051564,-0.1315333,-0.16559131,-0.066252336
Stt3a,0.0,-0.0586071,0.073826075,0.048426963,0.2443156
Gm26787,0.0,-0.05760753,-0.32842302,0.18981917,0.020267691
Ei24,0.0,-0.044474848,0.06403511,0.1445054,0.046540532
Fez1,0.0,0.3601544,0.07144971,-0.028673396,0.16246754
Pknox2,0.0,-0.09529929,-0.034161042,-0.1070749,-0.1527361
Tmem218,0.0,-0.117700115,-0.053152498,0.079493865,0.077547535
Slc37a2,0.0,0.022761252,-0.07499332,-0.0039641554,-0.043837443
Ccdc15,0.0,-0.1583992,-0.15529917,-0.09983845,0.068571895
Gm34885,0.0,-0.121299,-0.11578411,-0.020311087,-0.13147846
Hepacam,0.0,-0.1487963,-0.06859064,-0.06308244,0.023642011
Robo3,0.0,0.07317006,-0.3100799,-0.085511796,-0.13756023
Msantd2,0.0,0.094968036,0.22249733,-0.023271456,-0.04553835
Esam,0.0,0.0010560341,-0.011161085,0.045139857,0.11159044
Nrgn,0.0,0.4269577,-0.27221805,-0.10554689,-0.0041629
Siae,0.0,-0.037536085,0.17057832,0.038937837,-0.05530604
Spa17,0.0,-0.16511364,-0.086336866,-0.12645473,9.279698e-05
Tbrg1,0.0,0.06329795,-0.07068491,-0.024738323,-0.018812206
Vwa5a,0.0,-0.03878282,-0.07244179,0.010316342,0.008127134
AW551984,0.0,0.34095055,0.07204153,0.06514322,0.106830016
Zfp202,0.0,-0.09825945,0.2604794,0.007910661,-0.06903159
Scn3b,0.0,0.04861427,0.08790751,0.17204149,-0.018877253
Gramd1b,0.0,0.054389358,0.11632484,0.20523548,-0.030548275
1700110K17Rik,0.0,0.12926129,0.10872327,0.37835667,-0.084405035
Clmp,0.0,0.11657041,-0.013899803,-0.0018331148,-0.12803683
Gm48293,0.0,-0.03411588,-0.03516331,-0.03022827,0.01906907
Hspa8,0.0,-0.2762568,-0.06662239,-0.54477596,0.16513106
Ubash3b,0.0,-0.15652972,0.22298832,0.10947078,-0.049319074
1700063D05Rik,0.0,-0.038287774,-0.09107983,-0.16751558,0.030993266
Mir100hg,0.0,0.011195488,-0.043544903,0.0046991333,0.010006167
Gm48742,0.0,-0.18311715,-0.1882402,-0.36966842,-0.2281021
Gm48740,0.0,0.12852968,0.15203589,0.032023564,-0.115682356
Gm48784,0.0,-0.016422085,0.09700439,0.086224645,0.0449202
Gm35835,0.0,-0.15075026,-0.1974236,-0.16895527,-0.07793386
Sorl1,0.0,-0.02483268,0.085552245,0.13031042,0.03711661
Sc5d,0.0,0.19687101,0.025914714,0.15408613,0.11287193
Tbcel,0.0,0.018953286,0.029144935,0.19239259,-0.07017848
Grik4,0.0,-0.14290509,-0.052681185,0.04317029,-0.2454686
Arhgef12,0.0,-0.09840683,0.00012820214,0.009470455,-0.026081175
Tmem136,0.0,-0.09053885,-0.22079244,-0.087767415,-0.2505219
Oaf,0.0,-0.07373573,-0.027198765,-0.106615245,-0.030083489
Gm36855,0.0,0.19480386,0.017787434,0.10011307,0.09100231
Gm30015,0.0,0.018572524,0.14762057,0.119029336,0.11347192
Nectin1,0.0,0.26299238,0.09594321,0.40762272,0.15435554
Gm30373,0.0,0.17497155,-0.033529937,0.62199455,0.045327082
Gm39323,0.0,-0.19927907,-0.22913295,0.007837124,-0.2884885
Thy1,0.0,0.073413625,0.13166454,0.16341828,0.037951663
Gm49380,0.0,0.030951943,-0.11182979,0.04144909,0.09005776
Usp2,0.0,-0.22936396,-0.112675585,-0.2873617,-0.06611479
Rnf26,0.0,-0.12116345,-0.035781987,-0.14155605,0.044369623
Gm26737,0.0,-0.010674648,-0.15097117,-0.16243462,-0.08797638
Gm10687,0.0,-0.050853707,0.00087096356,0.055726163,0.009271842
Mcam,0.0,0.3200493,0.13403073,0.27938816,0.12017095
Cbl,0.0,-0.17972067,-0.16114914,-0.29169446,-0.3306285
Nlrx1,0.0,-0.192658,-0.12831132,0.09182827,-0.066847935
Abcg4,0.0,0.32878786,0.41591603,0.27385622,0.11118975
Gm48604,0.0,0.10464707,0.10724455,0.30786693,0.09427616
Hinfp,0.0,0.0040460303,-0.01715596,0.13572122,-0.14848855
C2cd2l,0.0,-0.052048154,0.20529443,0.0058985427,0.068633966
Dpagt1,0.0,-0.20831068,0.07197158,-0.09213631,0.077038825
H2afx,0.0,-0.17371161,0.12306259,-0.03934326,0.01382246
Hmbs,0.0,-0.05240088,0.1196955,0.015045444,-0.12835325
Vps11,0.0,-0.24020278,0.028993137,-0.27176654,-0.19976416
Hyou1,0.0,0.38648733,0.12695499,-0.0076325536,0.06803602
Slc37a4,0.0,-0.06609701,-0.23504063,-0.10297426,-0.26493707
Trappc4,0.0,0.10263483,0.1771088,0.12406385,0.20779769
Rps25,0.0,0.17367485,-0.043839343,-0.3387446,0.0537197
Ccdc84,0.0,0.11677147,0.26022327,0.16729112,0.08505087
C030014I23Rik,0.0,0.079603516,-0.19393858,0.08297835,0.027021622
Gm47204,0.0,0.0019566976,0.01632366,0.030210258,0.040153876
Bcl9l,0.0,-0.13124907,0.21162897,0.51479316,0.07294228
Ddx6,0.0,0.12913963,0.29964152,0.22352792,0.11922195
Phldb1,0.0,0.30755016,0.3674212,0.2899494,0.27782762
Arcn1,0.0,0.2089083,0.08042778,0.116283305,0.07190901
Ift46,0.0,0.0017739385,-0.09616232,-0.13030583,-0.24526274
Tmem25,0.0,0.27324712,0.30329993,0.37781885,-0.17805746
Ttc36,0.0,0.16346005,-0.1589146,0.07896255,-0.06442491
Kmt2a,0.0,0.06728433,0.26042038,0.24113502,0.10853933
Gm39326,0.0,-0.0011007711,0.117755614,0.13391957,0.14776792
Atp5l,0.0,0.046880588,0.06931012,-0.24600053,0.09053716
Ube4a,0.0,-0.06870518,0.08709561,0.07384317,-0.051752754
Mpzl3,0.0,0.23430482,-0.23211959,-0.18278983,-0.16289788
Gm10684,0.0,0.02401294,0.006016208,0.027017757,0.004725553
Scn2b,0.0,0.25909778,0.26846656,0.39099342,0.29214582
Scn4b,0.0,0.11534992,0.39695042,0.274048,0.20256606
BC049352,0.0,0.041549183,0.011881158,-0.02343888,0.017838066
Il10ra,0.0,-0.090848535,0.08055685,-0.07780643,0.13374943
Fxyd6,0.0,-0.036210436,-0.30905536,-0.21468067,0.08928134
Fxyd2,0.0,0.062430017,-0.06771429,-0.04042034,-0.06681651
Dscaml1,0.0,0.33524317,0.18256198,0.016865388,0.06746137
Cep164,0.0,0.02963394,0.2845049,0.1382843,0.12514488
Bace1,0.0,0.0023340508,0.04638201,0.021129794,0.13075978
Gm16536,0.0,0.35231176,0.03382653,0.27912894,0.26242948
Rnf214,0.0,0.055850662,0.17892328,0.12153032,0.11455287
Pcsk7,0.0,-0.16251062,0.027899047,-0.06125924,-0.04867918
Tagln,0.0,0.28492743,-0.0061348826,0.31934398,0.103349306
Sidt2,0.0,-0.06841725,0.15855612,0.27675205,-0.16964306
A830035O19Rik,0.0,-0.1550039,-0.1289523,-0.19181412,-0.16570693
Pafah1b2,0.0,0.1379174,0.09401443,-0.11860804,0.09137178
Sik3,0.0,-0.27538338,0.0029424839,-0.10360752,-0.1357225
Apoa1,0.0,0.18738025,-0.07535,0.08543825,-0.08022533
Zpr1,0.0,-0.07433443,-0.0376727,0.016062167,-0.0982813
Bud13,0.0,-0.23515262,-0.12494007,-0.22770688,-0.2970531
4931429L15Rik,0.0,0.04539822,-0.06387512,0.071513474,0.049781688
Gm31374,0.0,-0.029386818,-0.1810517,-0.08019706,-0.06846984
2900052N01Rik,0.0,0.29211044,0.14423913,0.08805224,-0.13154916
Gm31698,0.0,0.039627716,0.04016833,-0.06069271,0.08004961
Gm31816,0.0,-0.00062721875,0.0045357505,-0.016986325,0.037950125
Cadm1,0.0,-0.081294596,0.1474632,-0.117322266,-0.005728446
Nxpe4,0.0,0.007113531,0.10721959,0.28470302,-0.053319782
Nxpe2,0.0,-0.25204664,0.04701166,-0.22776511,-0.509922
Rexo2,0.0,0.08306912,-0.043247502,-0.03470925,-0.012323279
Rbm7,0.0,0.082596645,0.12512164,0.23336923,-0.053472124
Gm5617,0.0,-0.012524512,0.07241936,-0.18723528,-0.12639078
Zbtb16,0.0,-0.83879054,-0.7577834,-1.046287,-0.42063025
Usp28,0.0,0.36855352,0.4128788,0.5405427,0.28030816
Zw10,0.0,0.103814974,0.12064418,0.16717012,0.016787902
Tmprss5,0.0,-0.2921702,-0.09959774,-0.008253776,-0.11581276
Drd2,0.0,0.05076094,-0.08956434,0.123172164,-0.018899772
Ttc12,0.0,-0.115583286,-0.12176013,-0.16080365,-0.26052916
Ncam1,0.0,0.07485175,0.15079203,0.117457785,0.09904479
Gm11149,0.0,0.057651505,0.14226161,0.22127451,0.15157065
Rpl10-ps3,0.0,-0.13303986,0.17477912,0.041017722,0.14220524
Plet1os,0.0,-0.1429417,0.023590634,0.0035304446,-0.14263603
Pts,0.0,0.65897477,0.28819942,0.35629007,-0.028507292
Bco2,0.0,0.0111272335,-0.027250081,0.3208539,0.20549062
Il18,0.0,0.11319391,0.17603081,0.13378617,0.18022123
Sdhd,0.0,0.3146186,-0.37161428,0.152214,0.09818815
Timm8b,0.0,0.42962027,0.35946396,0.05508724,0.43299198
Nkapd1,0.0,0.2784613,0.1919037,0.22255638,0.15634301
Pih1d2,0.0,-0.09919539,-0.09912569,-0.09552897,-0.014724154
Dlat,0.0,-0.036587432,0.060178157,-0.15408331,0.122663796
Dixdc1,0.0,0.43829727,0.36100215,-0.03116332,0.14059633
2310030G06Rik,0.0,0.047201056,-0.029768411,-0.0542333,0.013692249
Cryab,0.0,0.119840235,-0.19031058,-0.6187529,-0.0754615
1110032A03Rik,0.0,-0.037158377,-0.049601905,0.098822445,0.24256292
Fdxacb1,0.0,0.008066896,0.026671905,-0.042938627,0.06307927
Alg9,0.0,-0.0035383813,0.168353,-0.042963695,-0.13518232
Ppp2r1b,0.0,-0.17232122,0.08255667,-0.08879929,-0.17276052
Sik2,0.0,-0.26139683,0.0849212,-0.11853505,-0.094053246
Layn,0.0,-0.0952325,0.025236683,-0.039648324,-0.03380359
2010007H06Rik,0.0,0.22291264,0.06205778,0.19314924,0.19410983
Arhgap20,0.0,0.16169658,0.095852084,-0.045009352,-0.04922387
Arhgap20os,0.0,-0.011225769,-0.018146103,-0.026087034,-0.025265161
Fdx1,0.0,0.11514675,-0.13629457,-0.09264021,0.05571759
Rdx,0.0,0.16299649,0.17869921,-0.010729283,0.090001725
Zc3h12c,0.0,0.048207205,-0.0671743,0.014969878,-0.12654686
AI593442,0.0,0.31549343,0.2510664,0.20927301,0.34875488
Gm1715,0.0,0.037284955,-0.0019209534,-0.13998556,-0.1320022
Ddx10,0.0,0.24261406,0.32982054,0.1982004,0.16602066
Exph5,0.0,0.0038187243,-0.06189806,-0.11487305,-0.13686728
Poglut3,0.0,-0.100499675,0.04886717,-0.09907935,-0.077691875
4930550C14Rik,0.0,-0.2448889,-0.029704794,-0.20015544,-0.21714015
Atm,0.0,0.0014866143,0.09036878,0.068228394,0.05178795
Npat,0.0,0.1752547,-0.008589357,0.10971174,0.08846724
Acat1,0.0,-0.15915929,-0.058866154,0.040893152,-0.02766756
Cul5,0.0,-0.13041687,-0.019440833,0.019971877,-0.023476567
Gm16124,0.0,0.037220135,-0.016652092,0.14460868,-0.017800719
Rab39,0.0,-0.0061196834,0.057847865,0.13589735,0.13075091
Slc35f2,0.0,0.106153876,0.023144647,-0.02515845,0.017511543
Elmod1,0.0,0.43006003,-0.0011415184,0.07280431,-0.009018764
Tnfaip8l3,0.0,0.035888232,-0.046029367,-0.05742217,0.045069914
Gldn,0.0,0.09693865,-0.07085923,-0.00327597,-0.03992959
Dmxl2,0.0,0.21523906,0.18709837,0.26097813,0.06710011
Cib2,0.0,-0.15397495,-0.2221193,0.07483927,-0.025589526
Idh3a,0.0,0.32435906,0.24130699,0.11153278,0.13596414
Acsbg1,0.0,-0.017728806,0.14901923,0.15852338,-0.08639258
Dnaja4,0.0,0.31350118,-0.07703332,0.016697109,-0.0054210722
Wdr61,0.0,0.3764214,-0.042564064,0.21099508,0.12506598
Ireb2,0.0,0.03434144,0.14316697,0.06489201,-0.0380465
Hykk,0.0,-0.0034041088,-0.057672683,0.05652165,-0.13578805
AY074887,0.0,0.061000317,-0.036495782,-0.0013849027,0.2103743
Psma4,0.0,0.27028656,0.17942567,0.036991462,0.077892415
Ube2q2,0.0,-0.06962627,0.004148542,-0.14708436,-0.06022398
Fbxo22,0.0,0.24901494,0.08038804,0.11337161,0.32217324
Nrg4,0.0,0.04810262,-0.08381115,-0.14839216,0.06629077
Tmem266,0.0,-0.0225024,5.230587e-05,-0.075226314,-0.054621518
Etfa,0.0,-0.05874709,-0.032478496,0.030284151,0.027642526
Scaper,0.0,0.016177043,0.036230117,0.11823467,0.03936982
Rcn2,0.0,0.2633088,0.06593074,0.09695578,0.14325044
Pstpip1,0.0,0.13698319,0.2074313,0.22936612,0.11992687
Tspan3,0.0,0.14729121,0.11548582,0.1604267,0.05353237
Peak1,0.0,0.09970987,0.22434455,0.11173974,0.008426651
Hmg20a,0.0,0.005501494,0.13019423,0.011069454,-0.09532421
Lingo1,0.0,0.04541868,0.09209104,0.01291918,-0.055478327
Cspg4,0.0,0.3080766,-0.06630699,0.314574,0.23886797
Snx33,0.0,-0.17834635,-0.06937853,-0.038833946,-0.03157253
Imp3,0.0,0.09436372,-0.027166285,0.064987004,-0.012297928
Snupn,0.0,0.057554998,-0.105438426,0.060395982,0.055842444
Ptpn9,0.0,-0.14266746,-0.14206833,-0.04432962,-0.11524696
Gm10658,0.0,-0.099183545,-0.004474655,-0.29143965,-0.3114259
Sin3a,0.0,0.08306046,0.0978344,0.38820535,0.123684585
Man2c1os,0.0,-0.01764509,0.08711697,0.16516553,0.1491152
Man2c1,0.0,-0.08812796,-0.073917955,0.13937065,-0.18102235
Neil1,0.0,0.019544225,-0.12827015,0.15729979,-0.18613625
Commd4,0.0,-0.027900763,0.20341593,-0.17210066,0.062640615
1700017B05Rik,0.0,0.07469137,-0.0077797174,-0.11802758,-0.049456682
Ppcdc,0.0,-0.124545485,0.10219712,0.15595418,0.019764781
Scamp5,0.0,-0.15520835,-0.009567771,-0.0027477182,0.08548494
Rpp25,0.0,0.040671404,-0.020642823,-0.014168462,-0.004611755
Cox5a,0.0,-0.01601722,0.04358462,-0.18152472,0.14106885
Gm26631,0.0,-0.07519583,0.10174921,-0.21569048,-0.19992347
Fam219b,0.0,-0.18609719,-0.08460051,0.07615687,0.03675828
Mpi,0.0,-0.047275465,-0.04354448,-0.005376598,-0.1967134
Scamp2,0.0,-0.15516213,-0.19667114,-0.051374465,-0.030136313
Ulk3,0.0,-0.1351453,0.13208336,-0.0051912,-0.178351
Csk,0.0,-0.14184912,0.058625005,0.027278963,0.03040555
Edc3,0.0,-0.05622551,-0.038929842,0.017864676,-0.15877499
Clk3,0.0,0.3863007,0.47676522,0.30345163,-0.07970947
Gm17231,0.0,0.028272329,-0.07757139,-0.024724677,0.07488334
Arid3b,0.0,0.088766724,0.35079348,0.17392848,0.06290088
Ubl7,0.0,-0.18486544,-0.16079094,0.034298874,-0.18322697
Sema7a,0.0,0.1418697,0.17344256,-0.017885238,-0.26449028
Gm17322,0.0,0.08269144,-0.0336633,-0.008704007,0.075720884
Cyp11a1,0.0,0.040153943,-0.018704604,0.04713361,0.061820596
Islr,0.0,-0.0756181,-0.02821956,0.04499384,0.06539294
Islr2,0.0,0.061449606,0.0137811825,-0.013756774,0.053900614
Pml,0.0,-0.3436411,-0.11658337,0.11238891,-0.12558675
Stoml1,0.0,0.26110202,0.25558442,0.21295168,0.37315112
Loxl1,0.0,-0.3068884,-0.34162033,-0.18480228,-0.3685196
Insyn1,0.0,0.25040036,-0.12731911,-0.09429529,0.03097114
Cd276,0.0,0.07729539,0.16523266,0.17314494,0.035842463
Nptn,0.0,-0.12484356,-0.0804578,-0.033185527,0.10774067
Rec114,0.0,0.20540419,0.008884765,0.14295846,-0.03163103
Hcn4,0.0,0.18476333,-0.10454901,0.18009533,-0.07875232
Neo1,0.0,-0.09080461,0.06522717,0.011009254,0.052567467
Gm47271,0.0,-0.19787136,-0.045559797,-0.2956314,-0.22914681
Adpgk,0.0,0.08659083,-0.014999837,0.3080398,0.036271915
Bbs4,0.0,-0.09811598,-0.25304484,0.0069684945,0.054082118
Arih1,0.0,-0.15209933,-0.0077580214,-0.022867769,0.0023707002
Tmem202,0.0,0.118288085,0.04314486,-0.04073428,-0.012846671
Hexa,0.0,-0.23225772,0.04819895,0.07676991,0.05250267
Celf6,0.0,0.22573172,-0.12260753,-0.11700046,0.03394001
Parp6,0.0,0.10600516,0.15197487,0.14304394,0.15839522
Pkm,0.0,-0.08108476,0.077295154,-0.1466724,0.24904008
Gramd2,0.0,0.24797519,0.0013056621,-0.0008368194,0.15628056
Senp8,0.0,-0.23486815,-0.25209892,-0.14399692,-0.14953405
Myo9a,0.0,0.16697094,0.16313934,0.1329612,0.1008156
Gm20275,0.0,0.40594608,-0.0012389421,0.08128668,-0.024776489
Thsd4,0.0,0.16226989,0.029754868,-0.095490605,-0.09736055
9230112J17Rik,0.0,-0.05911705,-0.1541242,0.067543626,-0.09339738
Lrrc49,0.0,-0.18574919,-0.10716312,-0.1596289,-0.21783715
Larp6,0.0,0.20322233,0.24357066,-0.059566423,0.10593398
1700036A12Rik,0.0,-0.038242035,-0.0199916,-0.020121813,-0.046188507
Uaca,0.0,-0.27650365,-0.104356915,-0.37142128,-0.3680319
Gm33699,0.0,-0.03126962,-0.009072394,-0.016566351,-0.01036299
Tle3,0.0,0.27400628,0.28110835,0.3018702,0.071110725
Rplp1,0.0,0.1739784,0.055011876,-0.08884771,0.23902535
Kif23,0.0,-0.004992055,-0.024860796,-0.0045139287,0.027165344
Paqr5,0.0,0.05811424,0.00179125,0.067367405,0.12313998
Glce,0.0,0.29783863,0.12791413,0.4915837,0.13257474
Anp32a,0.0,0.01744573,0.047439266,-0.23628476,-0.16907504
Coro2b,0.0,-0.0069978535,0.19739017,0.24326818,-0.13420261
Itga11,0.0,-0.07101471,-0.027097484,-0.028209195,-0.10453673
Fem1b,0.0,0.07565172,0.028789982,0.08239084,0.09432559
Cln6,0.0,0.033558957,-0.017396048,-0.031664252,-0.0057747103
Calml4,0.0,0.02100587,0.20433316,-0.010389272,-0.12672523
Pias1,0.0,-0.0035342276,0.08000915,0.061642513,0.05595646
Map2k5,0.0,-0.07283433,0.109806135,0.0781491,-0.054568976
2300009A05Rik,0.0,-0.004206419,-0.014227971,0.08879013,0.21494508
Gm16759,0.0,0.046608254,0.07520372,0.16496876,0.013198063
Iqch,0.0,0.23501079,0.038704816,0.1404341,-0.2183524
Aagab,0.0,-0.028154813,0.16684514,0.051370703,-0.26786122
Smad3,0.0,-0.021016404,0.2161284,0.23815787,-0.054440185
Smad6,0.0,-0.09224938,0.13924065,0.08697399,-0.0128994435
Zwilch,0.0,0.10410399,-0.22734058,-0.05645495,-0.07917902
Rpl4,0.0,0.33679473,0.27231246,0.07358606,0.031473815
Snapc5,0.0,-0.20983845,-0.010136645,0.12653531,0.022726476
Map2k1,0.0,-0.039771527,-0.031514756,-0.032391578,0.01396675
Gm48855,0.0,-0.39699352,-0.06273144,-0.30544698,-0.3022996
Uchl4,0.0,0.393355,-0.11922779,-0.15615523,0.0693863
Tipin,0.0,0.03298574,-0.108982414,0.087217584,-0.13109608
Dis3l,0.0,-0.09257084,-0.004858531,0.08712847,-0.09903465
Megf11,0.0,-0.29639024,0.1760656,0.08324157,0.008589704
Rab11a,0.0,-0.08694796,-0.10388859,0.02826959,-0.08383219
Dennd4a,0.0,-0.002367735,0.0044971704,0.19018665,0.08203575
Ints14,0.0,-0.01199111,0.016296022,0.14322442,-0.13836001
Hacd3,0.0,-0.025308132,0.08325118,0.067412816,-0.007384956
Dpp8,0.0,0.048026074,0.0072796196,0.008539982,0.024954349
Gm47350,0.0,0.24594878,0.33847946,0.29365587,0.10501431
Igdcc4,0.0,0.15826929,0.33146358,0.41511324,0.15352388
Igdcc3,0.0,-0.34836507,-0.017299764,-0.30083573,-0.1715811
Parp16,0.0,0.09773363,0.15426084,0.52084166,0.321158
Clpx,0.0,-0.13570556,0.07251251,0.016109135,0.027951092
Gm39363,0.0,-0.1112414,-0.08598372,-0.06995791,-0.10232589
Pdcd7,0.0,0.088703886,-0.005756043,-0.017588489,0.009626899
Ubap1l,0.0,-0.20764036,-0.041417077,0.1145966,0.027517516
Rasl12,0.0,-0.016649513,-0.12490148,-0.045503292,-0.053920858
Mtfmt,0.0,0.11621094,0.16106917,-0.036630996,0.13258916
Gm47270,0.0,0.15676685,0.04229867,-0.049614653,-0.0464259
Spg21,0.0,0.12369918,0.1554018,0.17501324,0.15118988
Ankdd1a,0.0,-0.07324273,0.03624621,0.043818932,0.026365194
Plekho2,0.0,0.20579831,0.36125818,0.5174554,0.31702393
Rbpms2,0.0,-0.07019301,0.12738879,0.08189584,-0.13982138
Oaz2,0.0,0.2295858,0.22720313,0.32473546,0.2053925
Zfp609,0.0,-0.23103389,0.15093765,0.0011354722,-0.08233326
Trip4,0.0,-0.06973624,0.06885503,0.071216665,0.12667935
Pclaf,0.0,-0.121931955,0.01733078,0.004946663,-0.108566046
Csnk1g1,0.0,0.04315359,0.17430094,0.12871626,0.047447458
Ppib,0.0,-0.20135967,-0.07721282,-0.04398879,-0.16909982
Snx22,0.0,0.030723365,0.03999627,0.07719982,0.06349153
Snx1,0.0,-0.04372859,-0.014703633,0.05574166,-0.102845185
Ciao2a,0.0,-0.06361914,-0.03779886,0.0688713,0.069836825
Dapk2,0.0,-0.114998005,-0.06845502,-0.04265238,-0.03130964
Herc1,0.0,0.17329605,0.11556486,0.18408218,0.15985309
Gm28379,0.0,0.49536222,0.24536201,0.07895404,-0.07509242
Fbxl22,0.0,-0.048230253,0.03734933,0.067440554,-0.050412536
Usp3,0.0,0.11115288,0.08187801,0.18408562,0.05388169
Gm15563,0.0,-0.25931233,-0.3069654,-0.448012,-0.29317418
Car12,0.0,-0.030159853,-0.016040515,0.0947451,0.00687439
Aph1b,0.0,0.0028214902,0.061072826,0.08928191,-0.007106535
Aph1c,0.0,-0.2551053,-0.06541912,-0.15232521,-0.13243851
Rab8b,0.0,-0.15391727,-0.0037973952,-0.0421912,-0.066266626
Rps27l,0.0,0.10013947,0.2868023,0.09490989,0.16514882
Lactb,0.0,0.29534742,0.114171915,0.16875325,0.123659775
Tpm1,0.0,0.117346235,0.08301606,-0.05032883,-0.046458073
Tln2,0.0,0.123235464,0.0685009,0.13298038,0.019190133
M5C1000I18Rik,0.0,-0.09772261,-0.006681811,-0.12631923,-0.071129516
C2cd4b,0.0,-0.031529114,0.10956329,0.03667388,-0.048204176
Vps13c,0.0,0.20698334,0.18901178,0.13403314,0.030198961
Rora,0.0,-0.2093904,0.07210663,-0.0714812,-0.044858266
Gm15511,0.0,0.19450292,0.35578793,0.14818236,0.059037432
Ice2,0.0,0.06791274,0.07581704,0.14448154,0.115827516
Anxa2,0.0,0.03295625,-0.21345562,-0.067339584,-0.16154179
B230323A14Rik,0.0,0.14159861,0.10827686,0.11871391,-0.028526679
Bnip2,0.0,0.45985827,0.2039389,0.14726134,0.13948965
Gtf2a2,0.0,0.18737462,0.25408712,0.22017212,0.12271384
Fam81a,0.0,-0.22765541,0.013835296,-0.29341617,-0.41947368
Myo1e,0.0,-0.14780068,0.039161608,-0.05485228,-0.28477243
Ccnb2,0.0,-0.08112249,-0.1785501,-0.094137326,-0.14617217
Rnf111,0.0,0.023753338,0.14236139,0.015955329,0.030961618
Sltm,0.0,0.12897943,0.16906276,0.13701613,0.09747537
Mindy2,0.0,0.15838188,-0.056278154,0.13093229,0.15272968
Adam10,0.0,-0.028672665,0.1489697,-0.032971412,0.19195929
Aqp9,0.0,-0.15060043,-0.008815512,0.12261365,0.01331627
Polr2m,0.0,0.093905285,-0.09189028,-0.0210706,0.036107283
Myzap,0.0,0.0786514,-0.095932364,-0.10811354,-0.048885144
Cgnl1,0.0,0.117101714,0.14117289,-0.053614385,0.074588194
Tcf12,0.0,-0.08480709,0.10430075,-0.038080238,0.030354682
Gm27188,0.0,-0.09260923,-0.1266618,-0.03948906,-0.22662067
Gm27253,0.0,-0.058305267,-0.032592166,0.0840734,-0.028515063
Zfp280d,0.0,-0.20544897,-0.0071502347,-0.16797546,0.017354846
BC065403,0.0,-0.05626467,-0.06515014,-0.0875605,-0.04805837
Mns1,0.0,-0.21557185,-0.37362924,-0.24984652,-0.27497703
Tex9,0.0,0.12680307,0.1797446,0.24169073,0.042243943
Rfx7,0.0,-0.091175444,0.08157577,0.019138418,0.07783996
Gm27241,0.0,-0.03780947,-0.0077077597,0.0040609557,0.067925125
Nedd4,0.0,0.017013714,0.11420741,0.071486965,-0.025386482
Prtg,0.0,0.12073241,0.098483354,0.17151031,0.014270276
Pygo1,0.0,0.14389852,-0.0043287277,0.085193425,-0.09811149
Dnaaf4,0.0,0.09577363,-0.32651642,-0.03375175,0.019015659
Ccpg1os,0.0,-0.26128092,-0.22333714,0.00041235983,-0.063967034
Ccpg1,0.0,0.036709093,0.010830432,0.10064405,-0.047741383
Pigb,0.0,0.14882132,0.18255797,0.40224022,0.16045108
2310009A05Rik,0.0,0.055813633,-0.21376029,-0.24440837,-0.15584381
Rab27a,0.0,-0.056876045,-0.19955505,-0.0035380349,-0.111918494
Khdc3,0.0,0.014971127,-0.015336144,0.03786143,-0.06573412
Rsl24d1,0.0,0.23802109,-0.095713064,-0.23991202,0.19879979
Unc13c,0.0,-0.4061576,-0.24620296,-0.4268248,0.005222589
Fam214a,0.0,-0.19758365,-0.1690622,-0.35400754,-0.37674305
Arpp19,0.0,0.3827939,0.05787112,0.03273441,0.113418706
Myo5a,0.0,0.2852241,0.23747754,0.13882071,0.09267625
Myo5c,0.0,-0.20292327,-0.081534326,-0.051311474,0.010762678
Gnb5,0.0,0.07249179,0.047266,-0.016396545,0.039600812
Gm19531,0.0,0.19842097,0.12232289,0.08647432,0.08339742
Gm48677,0.0,0.22954789,0.05526049,-0.058588125,0.07188887
Mapk6,0.0,0.16128933,0.18888575,0.30303267,0.1853538
4933433G15Rik,0.0,0.15059184,0.12231369,0.05590639,0.034664303
Leo1,0.0,0.33567557,0.36101854,-0.019551337,0.15386912
Tmod3,0.0,-0.2656824,-0.043305863,-0.12915912,-0.064226836
Tmod2,0.0,0.3643989,0.36408758,0.17496495,0.1938348
Lysmd2,0.0,-0.03318639,0.116513304,-0.28365037,-0.044380486
Scg3,0.0,-0.0042688996,0.15376827,0.076296635,0.19692023
Bmp5,0.0,-0.08073455,-0.1576376,-0.1042855,-0.021680549
Gm26903,0.0,0.08713497,-0.071532086,0.0071176533,0.006675318
Hmgcll1,0.0,0.15219414,0.051756367,0.26596504,-0.14480782
Hcrtr2,0.0,0.07833153,0.109973855,0.025850043,0.22181737
Mlip,0.0,0.054969627,-0.021793818,0.031323593,-0.20662397
Lrrc1,0.0,-0.27552846,-0.06855401,-0.25595716,-0.3473322
Gclc,0.0,-0.24942054,0.07034701,-0.020039352,-0.0969343
Elovl5,0.0,0.02055797,0.0707842,0.1751574,0.18598218
Fbxo9,0.0,0.11532736,-0.19439279,0.014021061,0.112829044
Ick,0.0,0.020051487,-0.033179823,0.032464113,-0.05444889
Gsta4,0.0,-0.12912013,0.029278498,0.009583149,0.03812053
Ddx43,0.0,-0.0036654929,-0.002090794,-0.0009605838,0.016377611
Cgas,0.0,0.009084411,-0.022240072,-0.12206492,-0.09065391
Mto1,0.0,-0.08869049,-0.039945837,-0.116463006,0.020679602
Eef1a1,0.0,0.2787016,0.13162531,-0.0030443221,0.20785484
Slc17a5,0.0,-0.02335135,-0.051132552,0.0372665,-0.16962254
Cd109,0.0,-0.18583503,-0.20350435,-0.013020292,-0.18853813
Col12a1,0.0,0.2811028,-0.1256731,0.13198727,0.13397013
Cox7a2,0.0,-0.06742099,0.0058002546,-0.45397985,0.018997163
Tmem30a,0.0,0.34236348,0.1989342,0.17311245,0.11851475
Filip1,0.0,0.12022638,-0.15121673,-0.017392585,-0.32422554
Senp6,0.0,0.09753291,0.12047041,0.13437296,0.098749764
Gm17477,0.0,-0.04307428,-0.4813226,-0.36640358,-0.45667017
Myo6,0.0,0.07803665,0.18151805,0.12884322,0.052422054
Gm26713,0.0,0.03420506,-0.09478183,-0.05778585,-0.01887546
Htr1b,0.0,-0.04946609,-0.029156914,-0.14551827,-0.042860292
D430036J16Rik,0.0,-0.011347417,-0.010420803,0.048692882,0.12212743
Mei4,0.0,-0.05262112,-0.28658742,-0.15774295,0.029671483
Irak1bp1,0.0,0.1741986,0.17213601,0.034134418,0.21093051
Phip,0.0,-0.074588194,0.14086503,-0.011243038,0.0030936226
Gm39383,0.0,-0.042662654,0.00038976967,0.028799038,0.11220281
Hmgn3,0.0,0.32164568,0.38361236,0.4251013,0.16732283
Gm29054,0.0,0.0019175038,-0.13579915,-0.22800188,-0.08661446
Gm46123,0.0,0.048141837,0.3296963,0.35621285,0.23681335
Lca5,0.0,-0.12535703,0.04566698,-0.094873294,0.030647472
Gm2087,0.0,0.031219684,-0.1966509,-0.09036624,-0.17562449
Sh3bgrl2,0.0,0.081966646,0.087352075,0.06867321,-0.11298946
Elovl4,0.0,0.27679577,0.25480655,0.47949082,0.30116558
Gm36278,0.0,-0.11120385,-0.055878006,0.09443168,-0.15656072
Bckdhb,0.0,-0.17993301,-0.044527642,-0.11539565,-0.15109867
Gm46124,0.0,-0.025517875,-0.05698403,-0.12957992,-0.2947847
Tent5a,0.0,-0.015982237,-0.08217611,-0.13193288,-0.11625683
Ibtk,0.0,0.05550335,0.08920115,0.13004316,0.016597465
9330154J02Rik,0.0,-0.019066824,-0.00927956,-0.03831337,0.008634226
Tpbg,0.0,0.083356075,0.069031216,0.15954183,0.253812
Ube2cbp,0.0,0.22616711,0.14790298,0.09995893,0.3381765
Dop1a,0.0,0.028210178,0.08950573,0.096125975,-0.047848947
Pgm3,0.0,-0.036080904,0.087468624,0.07422498,-0.065424226
Rwdd2a,0.0,0.09100721,-0.14129335,-0.15761141,-0.13603988
Me1,0.0,0.26267776,0.22844268,0.26456645,0.117738426
A330041J22Rik,0.0,-0.22672075,-0.1453915,-0.0667815,-0.12557104
Prss35,0.0,-0.19602086,-0.100964196,-0.14037399,-0.2123056
Snap91,0.0,0.65275234,0.35575545,0.43494156,0.23761652
Gm36539,0.0,0.035112754,0.04107356,0.04910324,0.030822242
Ripply2,0.0,-0.016994916,-0.11681053,-0.015313273,-0.06585322
Cyb5r4,0.0,-0.16259536,0.1112957,-0.014403792,-0.14792024
Mrap2,0.0,-0.13896275,-0.1764513,-0.20252338,0.06844678
Cep162,0.0,0.07683553,0.19393918,0.07060248,-0.039493352
Nt5e,0.0,0.048367176,0.046908032,0.033196002,-0.059480097
Snx14,0.0,0.034689844,0.14827318,0.09475537,-0.022862151
Gm28229,0.0,0.13995042,-0.035463154,0.0626735,0.12839404
Syncrip,0.0,0.079039335,0.15295586,0.09030026,0.22280295
Snhg5,0.0,-0.0077118427,0.11682522,0.12778571,-0.074521184
Zfp949,0.0,0.06752336,0.11748732,0.12878455,-0.044728488
Trim43a,0.0,-0.027185246,-0.05318819,-0.03718225,-0.037899986
9430037G07Rik,0.0,0.29801175,-0.037729338,0.055147387,0.036221445
Mthfsl,0.0,-0.2157242,-0.12035297,-0.2729156,-0.217083
Gm10634,0.0,-0.17119977,-0.12920487,-0.12525588,-0.10588362
Trim43c,0.0,-0.040098287,-0.42014313,-0.07227091,-0.33164343
9330159M07Rik,0.0,-0.049779914,0.1908947,0.045542248,0.03157422
Bcl2a1b,0.0,0.006444762,0.033931755,0.021006294,-0.046571314
Mthfs,0.0,-0.023404352,0.08681403,0.07892983,-0.053220265
Minar1,0.0,0.3504144,0.06001728,0.27991176,0.056148216
Gm47409,0.0,-0.051166013,0.027430296,0.05690334,0.006519624
Tmed3,0.0,-0.38843182,-0.32509416,-0.15900308,-0.29415727
Ankrd34c,0.0,0.21799715,0.052947566,-0.12692481,0.15234667
Rasgrf1,0.0,-0.009235232,-0.17240122,0.018482434,-0.2123918
Ctsh,0.0,-0.13442183,0.087874174,-0.1321059,-0.14595835
Morf4l1,0.0,0.32860503,0.23428035,-0.035357803,0.27636704
Tbc1d2b,0.0,0.30258116,0.22501658,0.116119385,0.2709639
Zic1,0.0,0.35570598,0.28656626,0.22966449,0.2304751
Zic4,0.0,0.21451466,0.19600372,0.30591255,0.030478358
Gm29478,0.0,-0.36986727,-0.29506096,-0.26042992,-0.36994433
Plscr4,0.0,-0.24071112,-0.08650225,0.09708645,-0.03134138
Plod2,0.0,-0.092376664,-0.16692919,-0.20099206,-0.12885654
Dipk2a,0.0,-0.024958145,0.06736487,-0.0516448,0.06097903
Slc9a9,0.0,0.012201577,0.21230762,0.11099591,-0.023669332
Chst2,0.0,0.00724776,-0.101452604,-0.095679075,-0.013039146
U2surp,0.0,-0.1377325,-0.04095587,-0.06350225,0.04713402
Gm28424,0.0,-0.024893511,0.092261635,0.16057654,-0.21274124
Paqr9,0.0,0.09771003,0.15936095,0.07984401,0.09826068
Gm16126,0.0,-0.09044452,-0.17179331,0.32651296,-0.035334837
Pcolce2,0.0,-0.5904885,-0.32559007,0.0063762963,-0.2306096
Trpc1,0.0,0.021111213,0.01677975,0.22577092,0.12108767
Pls1,0.0,0.13170269,-0.11040016,-0.21472865,-0.09163231
Atr,0.0,0.10338058,0.094893165,0.18501033,0.017249018
Gm16794,0.0,-0.079750106,-0.06745763,0.034305196,0.012377067
Xrn1,0.0,0.03048376,-0.0032298416,0.10716121,-0.0758546
Gk5,0.0,0.13065702,0.17846407,0.39435637,0.1750829
Tfdp2,0.0,-0.025084779,0.24105376,0.22504386,0.010635123
Atp1b3,0.0,0.34587145,0.2257317,0.12002819,0.11962586
Rnf7,0.0,0.31076932,0.08114177,-0.13092582,0.0370252
Rasa2,0.0,-0.12701505,-0.053380933,-0.04594612,-0.2504369
Zbtb38,0.0,-0.10853185,0.014596846,-0.084012836,0.004712783
Pxylp1,0.0,-0.14087428,-0.080863856,0.021339243,-0.05129095
Spsb4,0.0,-0.14657597,0.18958066,0.079790115,0.10642013
Gm19325,0.0,-0.09129387,-0.12575142,-0.093116775,-0.15508276
Slc25a36,0.0,0.035101667,0.064485125,-0.024073824,0.12423698
Clstn2,0.0,0.41433322,0.14637879,0.42115596,-0.32204717
4921534H16Rik,0.0,-0.13538282,-0.03806597,-0.056023657,0.03305252
Nmnat3,0.0,0.27136922,0.09598765,0.32876608,0.13425146
Rbp1,0.0,-0.28138536,-0.04831633,0.018753141,-0.0096087605
4930579K19Rik,0.0,0.25184196,0.09517175,0.117703006,0.27651846
Copb2,0.0,0.19955546,0.040719688,0.36445147,0.18614863
Mrps22,0.0,0.1451297,0.11724146,0.03416927,-0.0053661913
Faim,0.0,-0.0005723126,-0.18227181,0.015647605,-0.13712375
Pik3cb,0.0,0.07725229,0.10204405,0.20998147,-0.12964451
Cep70,0.0,0.3469301,0.14793551,0.35056788,-0.074248984
4930422M22Rik,0.0,0.13464533,-0.10301702,-0.15704976,-0.118447796
Esyt3,0.0,0.014479117,-0.08162651,0.0063360166,0.012566396
Mras,0.0,0.1031178,0.21747583,0.28364807,0.027393728
Armc8,0.0,0.011117384,-0.0059746094,-0.043543864,0.039538655
Dbr1,0.0,0.08528928,-0.04565943,0.13677831,-0.07566633
Dzip1l,0.0,-0.018918535,-0.112112574,-0.16081567,0.022221658
Cldn18,0.0,0.11064855,-0.27881256,-0.23029444,-0.1184855
Il20rb,0.0,0.02194405,-0.1280115,0.22496253,-0.010850314
Nck1,0.0,-0.124147974,0.024861403,-0.11655498,0.07673237
Slc35g2,0.0,-0.18899864,-0.24591994,-0.0033977553,-0.05833717
Stag1,0.0,0.0010887012,0.03823886,-0.05117026,0.055595487
Pccb,0.0,0.013581656,-0.004069384,0.03759539,-0.053039208
Msl2,0.0,0.19927403,0.22664605,0.1611003,0.056700096
Ppp2r3a,0.0,0.17766635,0.12889653,0.17144993,0.006666571
Gm29521,0.0,-0.034355745,-0.09345819,-0.1728019,-0.24808708
9630041A04Rik,0.0,-0.14465761,0.01871549,0.027057946,-0.06592453
Ephb1,0.0,0.41162217,0.31383917,0.20068383,0.24915378
Ky,0.0,0.1149185,0.17408183,0.37543803,0.055615604
Cep63,0.0,-0.14574246,-0.122422814,0.11095505,-0.17132476
Anapc13,0.0,0.22860518,-0.018508106,0.007572867,0.13177964
Amotl2,0.0,0.19212225,0.0010863319,0.123802885,0.049427435
Ryk,0.0,0.07500029,0.08419064,0.22515833,-0.010130465
Slco2a1,0.0,0.08402651,-0.016086603,0.06877477,-0.14586334
Rab6b,0.0,0.4078465,0.14657101,-0.13015689,0.037111774
Srprb,0.0,-0.20566326,-0.049873196,0.018147983,-0.06815618
Trf,0.0,0.096574455,-0.023317084,0.05068718,0.10720228
1300017J02Rik,0.0,-0.2844265,-0.2382739,-0.21651947,-0.37531286
Topbp1,0.0,0.15014872,0.24450995,0.32480487,0.11875971
Cdv3,0.0,0.26835114,0.25864607,0.24846211,0.16240335
5830418P13Rik,0.0,0.011957591,-0.00781716,-0.035422176,0.12875468
Bfsp2,0.0,-0.026051,-0.15809736,-0.01683775,-0.010089881
Tmem108,0.0,0.5105295,0.18265387,0.3492816,0.03920579
Gm32743,0.0,-0.033753186,-0.0089579895,0.007804809,0.041176528
Nphp3,0.0,0.25834125,0.17116404,0.19879629,0.042771205
Uba5,0.0,-0.1835737,-0.21517524,-0.2772857,-0.18028173
Acad11,0.0,-0.15455642,-0.013465347,0.17649616,-0.08685561
Ackr4,0.0,-0.13079354,0.013229793,0.037981212,-0.17621803
Dnajc13,0.0,-0.06294133,0.0035300478,0.07300999,-0.078037396
Cpne4,0.0,0.35920864,-0.11378612,0.24811363,-0.2500122
Mrpl3,0.0,0.15046954,-0.007857308,0.15514252,-0.013830043
Nudt16,0.0,0.057901856,0.0811497,0.13851376,0.044229653
Nek11,0.0,-0.11992145,0.0009918604,0.00091502443,-0.12239214
Aste1,0.0,-0.22089142,-0.16758189,-0.44400674,-0.18179695
Atp2c1,0.0,-0.0636483,0.076572716,0.18118747,0.015035734
Pik3r4,0.0,0.20487387,0.17636551,0.25945753,0.05086574
Col6a4,0.0,0.0095181,0.02035223,0.051085897,0.023577707
D030055H07Rik,0.0,-0.01579251,0.0019969903,-0.027220497,0.061923407
Glyctk,0.0,-0.09861806,-0.062488414,0.10560197,0.13823006
Wdr82,0.0,-0.026038004,0.08754322,-0.0691769,-0.14275056
Ppm1m,0.0,0.59069717,0.3522775,0.025996089,-0.071139455
Twf2,0.0,0.086720586,0.20894496,0.13559699,0.010339223
Alas1,0.0,0.01980649,4.9121678e-05,0.1433129,0.12300947
4930500F10Rik,0.0,-0.00016113836,0.010392312,-0.0070742224,-0.028140914
Poc1a,0.0,-0.06281046,0.029828519,0.10168128,-0.008809887
Dusp7,0.0,0.452918,0.26366904,0.1368913,0.0688477
Rpl29,0.0,0.059439063,0.12948413,-0.11140744,-0.02703853
Acy1,0.0,0.032004558,0.2060098,0.2753566,-0.11531524
Abhd14a,0.0,-0.08124812,-0.034444503,-0.06898065,-0.1697637
Abhd14b,0.0,0.8210922,0.97093,1.0476716,0.31363454
Pcbp4,0.0,0.1953466,0.48215955,0.40751347,0.14126015
Gpr62,0.0,0.015284203,0.18372852,0.111574106,-0.14075293
Parp3,0.0,0.52961195,0.47820762,0.4828464,0.063612044
Rrp9,0.0,0.05294496,0.25862083,0.016658425,0.070348606
Grm2,0.0,-0.15906881,-0.028288629,0.094683886,-0.013798509
Tex264,0.0,-0.3377026,0.010058352,0.051267866,-0.019588694
Rad54l2,0.0,-0.0983277,0.040763237,-0.028880883,-0.05205171
Dcaf1,0.0,-0.0443556,-0.08895872,0.10601278,0.004581582
Manf,0.0,-0.33006442,-0.24004932,-0.23644441,-0.11511961
Gm37612,0.0,-0.026623733,0.04765082,0.12399839,0.05429347
Rbm15b,0.0,0.020688023,-0.032587916,-0.15514381,-0.030943278
4930524O07Rik,0.0,0.10489626,-0.02928973,0.01087293,0.006141156
Dock3,0.0,-0.08924651,0.027197108,0.14075074,-0.09782438
Mapkapk3,0.0,-0.25636625,0.07646295,-0.00881971,-0.24237108
Cish,0.0,0.14939697,0.080578,0.10659713,0.12865615
Hemk1,0.0,-0.015091103,0.04386864,0.109371684,-0.22760645
6430571L13Rik,0.0,0.003064245,0.11844154,0.030699978,-0.04071522
Cacna2d2,0.0,-0.0952142,0.046571072,0.22256173,-0.004088737
Tmem115,0.0,0.09090401,-0.04644967,-0.17431526,0.22244313
Cyb561d2,0.0,0.12147869,0.27577484,0.19730091,0.2696041
Nprl2,0.0,0.019624203,0.02617968,-0.05234234,-0.007854924
Zmynd10,0.0,-0.023832131,-0.06772349,-0.06565961,-0.008665446
Rassf1,0.0,0.012909725,0.17648841,0.06322494,0.09834935
Gm9917,0.0,-0.21961406,-0.18722332,-0.10018927,0.09189326
Tusc2,0.0,0.21053712,0.10169119,0.19758563,0.24737656
Hyal2,0.0,0.09844197,-0.22025025,0.024477843,0.017293217
Hyal1,0.0,-0.1875278,-0.052629337,0.017339723,0.037919007
Naa80,0.0,-0.053435985,0.041272078,0.07046197,-0.0782906
Hyal3,0.0,-0.0040593334,-0.036729585,0.07323006,-0.0109767895
Ifrd2,0.0,-0.2796253,0.12538293,-0.0939282,-0.1046979
Gnai2,0.0,0.23906472,0.41144627,0.42570835,0.23991154
Slc38a3,0.0,0.12095507,0.1454566,0.17048141,-0.12915342
Sema3f,0.0,0.08397585,0.092943,-0.029472135,0.15451789
Rbm5,0.0,0.17074174,0.23289187,0.29462007,0.021148935
Gm37850,0.0,0.08985222,0.10623107,-0.06503963,-0.13885078
Rbm6,0.0,0.0010162145,0.11785962,0.07806526,-0.01181227
Mon1a,0.0,-0.28699106,-0.03811257,-0.2551599,-0.04056185
Camkv,0.0,0.033074737,0.011075249,0.098681055,-0.21050197
Traip,0.0,-0.048845932,-0.09720882,0.09926978,0.011275094
Ip6k1,0.0,0.104518935,0.2897728,0.30639768,0.14196561
Gm38134,0.0,0.17175664,0.11450039,0.100633144,-0.071128175
Gmppb,0.0,-0.02760176,-0.025763908,-0.07547828,-0.025822924
Rnf123,0.0,0.15679426,-0.0024357084,-0.012766035,-0.29051566
Apeh,0.0,-0.2867198,-0.0074898303,-0.042716093,-0.07622394
Bsn,0.0,0.08813589,0.098975904,0.053720426,0.0061439425
Dag1,0.0,-0.028457925,-0.010774806,0.06696498,-0.022374026
Nicn1,0.0,0.12197979,0.15134335,0.107936576,0.3574038
Amt,0.0,-0.18251047,-0.06031953,-0.34396434,-0.28369632
Tcta,0.0,-0.1607176,0.23188734,0.1534746,0.03710837
Rhoa,0.0,-0.038576547,-0.027786303,-0.1471978,0.07076105
Gpx1,0.0,0.13727227,0.2709274,-0.16281363,0.08854483
Usp4,0.0,0.051684335,0.21270095,0.16712365,0.006563738
1700102P08Rik,0.0,-0.22059569,-0.14791442,-0.107803896,-0.0059240684
Klhdc8b,0.0,0.23680802,0.14403185,0.3811316,0.16676457
Ccdc71,0.0,0.06515489,-0.12503725,0.07917177,0.1258018
Lamb2,0.0,-0.10169439,-0.034649376,-0.004468579,0.08852255
Usp19,0.0,0.46722102,0.39541984,0.4371259,-0.12005898
Qars,0.0,-0.10111746,0.007452924,0.083408296,-0.17927392
Qrich1,0.0,-0.0035150126,0.034900494,0.13814971,0.06879805
Impdh2,0.0,-0.054361418,0.40975326,-0.082133815,0.11227508
Ndufaf3,0.0,0.16187917,0.14026663,-0.0072956607,0.091977656
4833445I07Rik,0.0,0.10322656,0.039543636,0.055455193,0.023245491
Dalrd3,0.0,0.7908934,0.3217108,0.65598965,-0.1890704
Wdr6,0.0,0.29727745,0.26510346,-0.12816095,0.33372873
P4htm,0.0,-0.2151855,0.01645929,0.15923382,-0.09207666
Gm38163,0.0,-0.078056194,0.060774602,0.021553267,0.030931145
Arih2,0.0,-0.047923896,0.018061426,0.10403943,-0.120689675
Slc25a20,0.0,-0.15958436,-0.19313306,0.06349859,-0.04282558
Prkar2a,0.0,0.029566959,0.18126024,0.045974962,0.09431375
Ip6k2,0.0,0.19059035,0.0552399,0.25358236,-0.05626501
Nckipsd,0.0,-0.370377,-0.106055446,-0.11221799,-0.17642389
Celsr3,0.0,-0.08724463,0.057391614,-0.025186166,-0.02795064
Slc26a6,0.0,0.04960084,0.13960741,0.08738364,0.19973284
Uqcrc1,0.0,-0.15903974,0.20939861,-0.08400768,-0.05037421
Col7a1,0.0,-0.27084604,-0.050101925,-0.07682731,-0.24270076
Pfkfb4,0.0,0.0109690875,0.025392205,0.18735018,-0.059487134
Shisa5,0.0,-0.26532865,0.021691894,0.024492158,-0.13392937
Atrip,0.0,0.0066302866,0.0036387295,-0.29876247,-0.2678026
Tma7,0.0,0.06685835,-0.11597876,-0.22388305,-0.03292145
Ccdc51,0.0,-0.09149511,-0.13888943,0.19041781,-0.061182532
Plxnb1,0.0,0.32269818,0.4490121,0.396541,0.00633651
Gm42756,0.0,0.13118345,-0.07811841,0.082778744,0.03314539
Nme6,0.0,-0.1828122,0.06275086,0.22992758,0.21488455
Cdc25a,0.0,0.0038722577,0.052669503,0.046477865,-0.16058537
Map4,0.0,0.03811603,0.05359424,0.0045678243,-0.031814292
Dhx30,0.0,-0.078122355,-0.044414587,0.18280539,0.05732091
Smarcc1,0.0,0.20547877,0.10977797,0.13584231,0.08565178
Cspg5,0.0,0.19119582,0.14068392,0.28505173,0.10080837
Elp6,0.0,0.03618824,-0.009966627,0.17098077,0.004651107
Scap,0.0,-0.030747667,0.29645562,0.048250973,0.15230605
Ptpn23,0.0,0.07171939,-0.052421983,0.031473797,-0.06949437
Klhl18,0.0,-0.11187216,0.19168717,0.07932283,-0.05423022
Kif9,0.0,-0.3483557,-0.32811987,-0.20607555,-0.21737075
Setd2,0.0,0.0706363,0.14369884,0.09241978,-0.062927455
Nradd,0.0,0.10917958,-0.06507696,-0.20817256,-0.2430523
Nbeal2,0.0,-0.19202372,0.13968027,-0.016666278,0.0027429261
Ccdc12,0.0,0.030900776,0.12433327,0.12754245,-0.08037223
Pth1r,0.0,0.0700527,0.27752283,0.40110996,0.21666367
Tmie,0.0,-0.0668764,-0.049489807,-0.16424744,0.00969719
Als2cl,0.0,0.5156995,0.4434862,0.7268132,0.07668674
Lrrc2,0.0,-0.2338993,0.07612077,-0.21438849,-0.15735081
Lrrfip2,0.0,0.16174857,0.09366186,0.07346505,-0.023198336
Mlh1,0.0,0.018948168,-0.14237222,-0.03708938,-0.091345206
Epm2aip1,0.0,0.30901432,0.20627584,-0.07256788,0.015641272
Trank1,0.0,0.03942156,0.094617285,0.25321814,-0.15429333
Dclk3,0.0,-0.0025630738,0.077228926,0.0004674046,-0.100731336
Stac,0.0,-0.13568994,0.036539566,-0.04780096,-0.07881901
Arpp21,0.0,0.28409618,0.30861387,0.38025993,0.09142242
2310075C17Rik,0.0,-0.015240168,-0.020670373,-0.001435604,0.024080312
2900079G21Rik,0.0,-0.12273057,0.038075164,0.013866372,0.07867667
AU023762,0.0,0.03213678,0.016140983,-0.042783678,-0.037157524
Pdcd6ip,0.0,0.12035169,0.09119964,0.17680438,0.049015805
Clasp2,0.0,0.0773265,0.15853767,0.17004645,0.03217645
Ubp1,0.0,0.19720358,0.29359692,0.34920478,0.13096821
Fbxl2,0.0,0.17626353,-0.06318995,-0.011204245,-0.31574622
Gm47950,0.0,0.0019323435,0.009370196,-0.00010315329,0.027030671
Susd5,0.0,0.22269025,0.08322571,-0.021315485,-0.046094663
4930520O04Rik,0.0,-0.034442674,0.004436545,-0.09598725,-0.082564816
Crtap,0.0,-0.049032148,-0.11116354,0.09564493,0.14472191
Glb1,0.0,-0.017090932,0.17031138,0.29028958,0.050530292
Trim71,0.0,0.04708966,-0.017539714,-0.0011103489,0.039463643
Cnot10,0.0,0.22338131,0.30436918,0.2575684,0.14347976
Dync1li1,0.0,-0.04738085,-0.07408852,-0.058919907,-0.11501026
Cmtm6,0.0,-0.06292026,-0.18359339,-0.06190791,-0.17460383
Cmtm7,0.0,-0.01157482,0.28432024,0.17235592,-0.11040961
Cmtm8,0.0,0.033833735,0.114579774,0.15043102,0.12915954
Gpd1l,0.0,0.06994502,0.10308629,0.15600142,0.16561761
Osbpl10,0.0,0.22239837,0.060365815,0.2059871,-0.10303311
Rps27rt,0.0,-0.052222513,0.08351613,-0.11191114,0.070371434
Stt3b,0.0,-0.14312029,-0.00965744,-0.08353801,-0.09169798
Gadl1,0.0,0.075842276,0.0060788095,0.047070727,-0.14151695
Tgfbr2,0.0,-0.2800352,-0.19339363,-0.35149986,-0.25684285
Rbms3,0.0,0.008286111,-0.024352334,0.025325458,-0.003425926
Gm17396,0.0,0.09990196,-0.015904073,-0.0882114,0.07749711
Gm26614,0.0,0.024227537,-0.041505266,0.056487713,0.04131108
Zcwpw2,0.0,0.0558369,0.14667001,0.031651244,-0.07319011
Azi2,0.0,0.20573255,0.2240429,-0.11047459,-0.061258927
Cmc1,0.0,0.19417845,0.13175619,0.3028374,0.13279359
Gm17399,0.0,0.041147634,-0.14090455,-0.086484306,-0.07366279
Golga4,0.0,0.09804271,0.09335648,0.17561296,0.10405743
Itga9,0.0,-0.07237744,-0.080264255,-0.020814411,-0.13538943
Gm2415,0.0,-0.2771907,-0.080448866,-0.037196495,-0.18292978
Ctdspl,0.0,-0.39034596,-0.16646408,-0.08566428,-0.26248127
Plcd1,0.0,0.17502563,0.1889184,0.30000106,0.15537666
Dlec1,0.0,-0.0591328,0.026722947,-0.043020017,-0.13538487
Slc22a14,0.0,-0.065428816,-0.104432024,0.029101798,-0.1933431
Oxsr1,0.0,0.47484076,0.2853362,0.5591378,0.2950641
Myd88,0.0,0.023571156,-0.06135684,0.038901858,0.13688475
Acaa1a,0.0,0.043915704,0.2393462,0.24664775,-0.215577
Xylb,0.0,0.027866464,-0.0071741887,-0.049963575,-0.06936359
Acvr2b,0.0,-0.31063038,0.05471444,0.11081973,0.16335557
Gm47320,0.0,-0.0042338073,0.08325322,0.18893884,0.087767325
Exog,0.0,0.00045205653,0.21733202,-0.09768079,0.008241028
Scn5a,0.0,-0.039980326,-8.804258e-06,-0.025071971,-0.029502245
Gm2449,0.0,-0.077880345,-0.13896301,0.057675526,-0.096458055
Wdr48,0.0,0.23429462,0.042922527,0.25164604,0.04998836
Cx3cr1,0.0,-0.017527765,-0.12665121,0.04150362,-0.16708824
Gorasp1,0.0,-0.20554242,-0.15890446,-0.1197021,-0.27730894
Ttc21a,0.0,-0.024263103,0.028056841,-0.041545037,-0.012401137
Csrnp1,0.0,-0.14419185,-0.056204766,-0.0787922,0.090086535
Slc25a38,0.0,-0.01876278,-0.18282618,0.077792436,0.033487037
Rpsa,0.0,0.14810658,-0.0102334395,-0.1913732,0.07761098
Mobp,0.0,0.42951715,0.2840002,-0.12843864,0.18223977
Gm38642,0.0,-0.0059735263,0.020689074,0.009863519,-0.02888082
Myrip,0.0,0.17417334,0.09922831,0.19760507,0.2035531
D830035M03Rik,0.0,-0.07816284,0.015772305,-0.13881215,-0.10861029
Eif1b,0.0,0.40306538,0.17435125,-0.10464068,0.026982725
Entpd3,0.0,0.07158923,0.14389008,0.07318246,-0.06533637
Rpl14,0.0,0.25203803,0.24788573,0.08734451,0.18533298
5830454E08Rik,0.0,0.066118315,0.26037735,0.34162897,-0.1393724
Ctnnb1,0.0,0.12592076,0.2567649,0.14428642,0.1187303
Ulk4,0.0,-0.3908555,-0.1946304,-0.13857615,-0.52306145
Gm34655,0.0,-0.07834446,-0.15062347,-0.13060121,-0.32701606
Trak1,0.0,-0.17436606,0.14810848,-0.024737626,0.060517
Cck,0.0,-0.5643705,-0.10561578,0.10616948,-0.043325663
Gm47095,0.0,-0.051819097,-0.023129739,-0.01579975,0.08967669
Lyzl4,0.0,-0.009849643,0.036564752,0.009111203,0.04144887
Vipr1,0.0,-0.061751805,-0.0321728,0.011933582,-0.023163132
Sec22c,0.0,-0.19712307,-0.08164855,0.042858936,-0.25071552
Ss18l2,0.0,0.26954532,0.085880935,-0.038268954,0.09404701
Nktr,0.0,0.111591406,0.06104126,0.13789333,0.016518086
E530011L22Rik,0.0,0.19062155,0.2752155,0.3440808,0.13049787
Zfp651,0.0,-0.20411986,-0.20067939,-0.14095977,-0.007389087
Klhl40,0.0,-0.12058301,-0.0043491833,-0.104163274,-0.02950472
Hhatl,0.0,-0.026407829,-0.044356875,0.073494844,-0.019787038
Ccdc13,0.0,0.06048245,-0.059229873,0.03651993,0.08060201
Higd1a,0.0,0.30217242,0.43234438,0.15223727,0.10104488
Gm47112,0.0,0.115142494,0.21828672,0.19101804,0.19444874
1700048O20Rik,0.0,0.05208775,-0.27450567,-0.094654754,-0.07839653
Gask1a,0.0,0.21353596,0.5401033,0.46553114,0.22631843
Pomgnt2,0.0,-0.040065274,0.34720978,0.3395967,0.08740725
Snrk,0.0,0.020233862,0.18013734,-0.078227624,0.029602736
Gm47121,0.0,-0.050281286,0.23992817,0.12107205,0.26616204
Ano10,0.0,0.36538178,0.26179886,0.34065196,0.2862871
Gm26797,0.0,-0.0053625703,-0.085875794,-0.24292997,-0.17185923
Abhd5,0.0,0.049470074,0.14207563,0.11276376,0.1636981
A730085K08Rik,0.0,-0.089871466,0.19238499,0.1400058,-0.23391436
9530059O14Rik,0.0,-0.07320007,-0.2371571,-0.0028897002,-0.34521356
Gm47134,0.0,-0.020821879,-0.00091034546,0.055658787,0.04873556
Gm35501,0.0,0.120403916,-0.0018679202,0.005375929,0.018870322
Tcaim,0.0,0.077116355,0.022984505,0.27376676,0.031167619
Zfp445,0.0,0.33828285,0.16782716,0.3583801,0.15584067
Gm47140,0.0,-0.02987793,-0.04627873,0.095050335,0.039140396
A530083I20Rik,0.0,-0.043989904,-0.1552931,-0.07103259,-0.0974413
Zkscan7,0.0,0.23984815,-0.09429474,-0.022253152,-0.15024649
Zfp105,0.0,0.009812847,0.029304594,0.25590903,0.079552814
1110059G10Rik,0.0,0.1904614,0.19701684,-0.12537858,-0.13197805
Kif15,0.0,-0.012672469,0.056061424,0.0011929348,0.12283165
Gm9856,0.0,0.0099680945,0.005816847,0.18096453,0.10358402
Tmem42,0.0,0.017674085,0.028683549,-0.12189627,0.0010565128
Tgm4,0.0,-0.02650879,-0.13948183,0.033185154,-0.024401337
Zdhhc3,0.0,0.0055035665,-0.086901054,0.01801356,-0.15221256
Exosc7,0.0,-0.08725298,0.22402826,0.22387485,-0.07538868
Clec3b,0.0,-0.1037008,-0.0892612,0.072798274,-0.031012246
Tmem158,0.0,0.19357428,0.2250453,0.2861855,0.22314315
Lars2,0.0,1.1898698,0.43950284,-0.017291665,0.34860203
Limd1,0.0,-0.036835805,0.23344873,0.47491074,0.1782099
Sacm1l,0.0,0.10090963,0.067244485,-0.0881017,0.105925664
Slc6a20b,0.0,0.14721805,-0.068032734,-0.22180247,-0.33878195
Slc6a20a,0.0,-0.07887684,0.006982538,-0.010925226,0.06495455
Ccr9,0.0,0.07904499,-0.03249284,-0.104778565,-0.05966278
Lztfl1,0.0,-0.13291188,-0.082164824,-0.07333735,0.07745443
Gm17021,0.0,0.06517403,-0.026781257,0.041757528,0.016907413
Fyco1,0.0,-0.06999822,-0.11018631,0.019990766,-0.06630844
Ccr5,0.0,0.06881816,-0.08328226,0.121016905,0.08324023
Gm39469,0.0,-0.22598863,-0.19130102,-0.07350461,-0.10046099
2010315B03Rik,0.0,0.018262507,-0.076511174,-0.102480605,-0.111825295
Ppp2r3d,0.0,0.13004641,0.096682444,0.11965819,-0.06509512
Ppp1r14c,0.0,0.15208411,0.2931742,0.15846834,0.18962015
Plekhg1,0.0,0.10783391,0.037224628,-0.036758065,0.08076625
Mthfd1l,0.0,0.113054715,-0.14983362,-0.011608534,0.22845346
Akap12,0.0,0.25399163,0.14127442,0.15600805,0.06596452
Zbtb2,0.0,-0.11665547,0.05668012,0.13609101,-0.06470339
Gm21781,0.0,0.13906676,0.24800527,0.4736653,0.15857348
Rmnd1,0.0,-0.011931749,-0.042818174,0.04156432,-0.102819525
Gm16153,0.0,-0.28552043,-0.061851997,0.03293889,0.19290902
Armt1,0.0,-0.07382661,0.05282829,0.043301493,-0.26112282
Ccdc170,0.0,0.03637415,-0.061298568,0.1334743,0.07205032
Esr1,0.0,0.1023823,-0.079827696,-0.2654674,-0.14171468
Syne1,0.0,0.07696216,0.1613679,0.2518532,0.09523976
Gm10097,0.0,0.24721831,0.03505286,-0.029106505,-0.12035825
Fbxo5,0.0,0.44134736,0.100666866,0.30236194,0.11019511
Mtrf1l,0.0,0.08061983,-0.09353721,0.25045842,-0.12762742
Rgs17,0.0,0.27695,0.083128124,0.05825991,-0.096428886
Oprm1,0.0,0.105983704,0.00514777,0.34836876,-0.021227717
Ipcef1,0.0,0.10187773,-0.13216428,-0.10684483,-0.06432005
Cnksr3,0.0,0.13967319,0.23102893,0.15142348,-0.014615923
Lrp11,0.0,-0.21724246,-0.35835293,-0.06535013,-0.16480589
Pcmt1,0.0,-0.028632723,-0.01149977,-0.04414598,-0.060849935
Nup43,0.0,-0.39414078,-0.029907271,-0.2827485,-0.15044288
Lats1,0.0,0.16105978,0.13574106,0.13588293,-0.08351146
Katna1,0.0,-0.039279368,-0.029605128,-0.006505754,-0.15848939
Gm20470,0.0,0.07939604,-0.4076828,-0.44402385,-0.24466372
Ginm1,0.0,-0.114482015,-0.16208409,0.24304421,-0.05316675
Ppil4,0.0,-0.08773632,-0.11302407,-0.23957747,-0.18818578
Tab2,0.0,0.16058363,0.28018665,0.2729058,0.10581124
Gm30906,0.0,-0.035862632,-0.008870631,0.04545444,-0.015874982
Ust,0.0,-0.13692829,0.022665001,-0.37041673,-0.24899241
Sash1,0.0,-0.06802524,0.022475787,0.03271561,-0.0104084015
Gm48727,0.0,-0.06306022,-0.07300027,0.10748938,-0.14908177
Gm48728,0.0,0.21771538,0.015469708,-0.020758644,0.044702545
Gm48748,0.0,-0.019026823,0.03281705,-0.02170311,0.0054403627
Gm48749,0.0,-0.011299178,-0.3916033,-0.1436831,-0.31262937
Samd5,0.0,0.12007289,0.1003785,0.23068127,-0.3071051
Stxbp5,0.0,-0.025478028,0.026778627,0.12201506,-0.17361978
Gm46210,0.0,0.0704155,0.050378997,0.11486471,0.2094401
Gm28905,0.0,0.13539721,-0.3011718,0.19987658,-0.22165976
Gm48281,0.0,-0.052603185,-0.043104272,-0.005095359,-0.032492813
4930598N05Rik,0.0,-0.061703045,-0.15203433,0.007986948,0.011946131
Adgb,0.0,0.071163796,-0.08408801,-0.07630105,-0.036430515
Rab32,0.0,0.114570476,0.07001652,-0.057824053,0.026167102
Grm1,0.0,0.39737713,0.17500156,0.38967037,-0.27472386
4930567K20Rik,0.0,-0.32271287,-0.14223665,0.061794266,-0.15962194
Shprh,0.0,0.12135625,0.16455942,0.11844321,-0.16452982
4930432B10Rik,0.0,0.21687536,0.2971143,0.12208168,0.23922676
Fbxo30,0.0,0.11328526,0.17448679,0.1856579,0.086850755
Epm2a,0.0,-0.13765669,-0.16934168,0.05798258,-0.15590692
Utrn,0.0,-0.07720843,0.024225723,-0.0041401125,-0.039570764
B230208H11Rik,0.0,0.10728533,0.04464314,0.26662517,0.176749
Sf3b5,0.0,0.18293527,0.36158556,0.15529636,0.31811887
Plagl1,0.0,0.03809534,0.28087956,0.1228773,0.24128449
Ltv1,0.0,-0.0056226104,0.32423234,0.037107226,0.018583216
Phactr2,0.0,-0.1441265,-0.08157031,-0.06958981,-0.08115964
Fuca2,0.0,0.008944675,0.14126676,0.04815101,0.1748713
Pex3,0.0,0.13257332,0.12691525,0.14308687,0.08879087
Adat2,0.0,-0.085666776,-0.025229538,-0.08262534,-0.018092252
Aig1,0.0,-0.35453752,-0.14122161,-0.08277731,-0.08588159
Hivep2,0.0,-0.20109949,-0.036415383,-0.13981669,-0.032850157
Adgrg6,0.0,0.0041704476,-0.13138577,0.04712827,0.104431026
Vta1,0.0,0.063189305,0.15576632,0.1782775,0.12191184
Nmbr,0.0,-0.041873686,-0.24049465,-0.16633725,-0.34676865
Gm47710,0.0,-0.37662804,-0.27898404,-0.13708349,-0.16228819
Gm20125,0.0,0.04498271,-0.056908265,-0.010776836,-0.0246571
Gm47760,0.0,0.009597399,0.029791597,-0.050234515,-0.002878555
Gm47771,0.0,0.025643328,0.012851114,0.08445269,-0.014847226
Cited2,0.0,-0.0016663037,0.02345402,-0.2438678,0.14043996
Gm20655,0.0,-0.043776073,0.12844485,0.07742243,0.10612013
Txlnb,0.0,-0.1066797,-0.061547443,-0.03977593,-0.11896375
Heca,0.0,-0.03391484,-0.081262775,-0.025571391,-0.20404938
Abracl,0.0,0.07519735,0.2837384,0.1130795,0.13088375
Reps1,0.0,0.046114855,0.1261514,0.10732999,0.017769396
Ect2l,0.0,0.13961378,-0.055530474,-0.040730104,0.11301558
Ccdc28a,0.0,0.45643124,0.3347141,0.48526043,0.2606376
Gm10827,0.0,0.13143341,0.13466753,0.23696518,0.19007833
Nhsl1,0.0,-0.37001297,-0.17046353,-0.35749462,-0.26095593
Arfgef3,0.0,0.25954822,0.14186576,0.10802058,-0.035725117
Gm32926,0.0,-0.03855531,-0.14849702,0.06309876,0.03072966
Perp,0.0,0.07810267,-0.0849434,-0.061349176,-0.07178105
Tnfaip3,0.0,0.013771713,-0.042064905,0.059721183,0.12127651
Ifngr1,0.0,-0.11481042,-0.22166827,0.06093772,0.051434252
Slc35d3,0.0,-0.058797717,-0.008441145,-0.10723399,0.0518158
Pex7,0.0,0.25503218,0.14481287,0.08070059,0.05032102
Map3k5,0.0,0.39264947,0.27516308,0.14724833,-0.20684636
Map7,0.0,0.13002782,0.1255326,0.22968507,0.0023701638
Gm48249,0.0,0.16663003,-0.04956601,0.053884692,-0.087144576
Bclaf1,0.0,0.08735467,0.16418837,0.05902209,0.09616061
Mtfr2,0.0,-0.15271038,-0.06496128,-0.045604397,-0.10371986
Pde7b,0.0,-0.5193758,-0.25432718,-0.30243778,-0.19153392
Ahi1,0.0,-0.04171444,0.006832419,-0.18511872,-0.22977443
Myb,0.0,-0.08021706,-0.11248927,-0.07261014,0.03624148
Gm26577,0.0,0.035091557,0.008643147,0.010262128,0.003195215
Hbs1l,0.0,-0.15880129,-0.019101871,0.10402705,-0.1462595
4930455C13Rik,0.0,0.115170285,0.06619897,0.010848887,-0.006673448
Sgk1,0.0,0.08392518,0.0034596873,-0.20171936,-0.11445379
Gm26740,0.0,-0.0028588586,0.019589543,0.055133976,0.08282034
Slc2a12,0.0,0.123135984,0.14786997,0.2720731,0.19169961
Tbpl1,0.0,0.035555046,-0.073131844,0.12099016,0.05426712
Eya4,0.0,0.30631566,0.1756883,0.15406185,0.27216825
Rps12,0.0,0.04733392,-0.07361058,0.035038255,0.04883162
Slc18b1,0.0,0.0122523755,-0.050319016,0.02106812,-0.20411782
Stx7,0.0,0.21244644,0.25068614,0.12079116,0.16670915
Moxd1,0.0,-0.010443728,-0.09414594,-0.052394785,-0.044871822
Gm15270,0.0,-0.17136651,-0.109592594,-0.08361035,-0.124835774
Enpp1,0.0,0.17284927,0.12055528,0.07714365,0.023998432
Enpp3,0.0,0.055891927,-0.13690948,-0.0026172264,0.0071081333
Med23,0.0,0.07398281,0.04092748,0.050612655,-0.076009504
Gm47715,0.0,-0.07391169,0.058790453,0.016175332,0.05588067
Akap7,0.0,0.06643583,0.2845344,0.23430954,0.05951348
Epb41l2,0.0,-0.1839569,0.106322855,-0.012183018,-0.055105176
Gm29571,0.0,0.23731485,0.22733155,0.27957672,0.19659364
Tmem200a,0.0,0.22828671,0.044903718,0.15195097,0.1343591
L3mbtl3,0.0,-0.2658019,-0.026711296,-0.03637986,-0.013830639
Gm48893,0.0,0.17883325,0.12029285,0.25483355,0.1675629
Arhgap18,0.0,0.14280522,0.20294935,0.26291254,0.0128546655
Lama2,0.0,-0.104533665,0.098807625,-0.008556053,0.0076683834
Ptprk,0.0,-0.2076492,-0.06034732,-0.17164731,-0.1734245
Soga3,0.0,-0.13523158,-0.06603564,-0.35536546,-0.06138981
9330159F19Rik,0.0,-0.3457508,-0.12194909,-0.43410334,-0.29028434
Gm46218,0.0,-0.20266989,-0.1382012,-0.069598794,-0.1181607
Echdc1,0.0,-0.039031103,0.015845142,0.0434384,0.108633995
Rnf146,0.0,0.04629408,-0.019321196,-0.05947143,-0.1374158
Rspo3,0.0,0.15171188,0.057646528,0.19886588,0.33905697
Gm48159,0.0,0.10236076,0.016888894,0.046736076,0.11222972
Cenpw,0.0,0.06804083,0.24601874,0.03333676,0.10076431
Trmt11,0.0,0.085364036,0.014916111,-0.038769856,-0.0284198
Gm20300,0.0,0.20397797,0.08907381,-0.01803469,-0.015564278
Hint3,0.0,-0.25141907,-0.30390424,-0.03523414,-0.059827603
Ncoa7,0.0,-0.03842013,-0.0052926354,-0.016407844,-0.05910598
Hey2,0.0,-0.21628846,-0.0046138773,-0.17893066,0.026845012
Hddc2,0.0,0.0043844357,0.0999811,0.0757841,0.039101705
Tpd52l1,0.0,0.0048897415,0.07600443,-0.1487495,-0.07767519
Gm48094,0.0,-0.4098754,-0.505632,-0.60275733,-0.5833763
Rnf217,0.0,0.014070429,0.1499626,-0.0061298534,0.07649076
Nkain2,0.0,0.09602288,0.08360595,0.25875348,0.019545615
Trdn,0.0,-0.0127346795,0.0123325875,-0.03374984,-0.029043877
Clvs2,0.0,0.18766911,0.09162949,0.061853148,0.0411916
Gm15939,0.0,0.070570394,-0.03358437,-0.0064595975,0.038985975
Rsph4a,0.0,0.12950796,0.014804129,0.04236851,0.09498565
Zup1,0.0,0.00015122443,0.028378151,0.10212525,0.057308882
A830082N09Rik,0.0,-0.1415179,-0.03762192,-0.055174842,-0.36305547
Rwdd1,0.0,0.028662581,-0.14382464,-0.1986746,-0.0702901
Gm48045,0.0,0.07383942,-0.098159865,-0.013747931,-0.031856164
Calhm5,0.0,-0.15534192,0.0376295,0.12832128,-0.04087633
Dse,0.0,0.029837226,-0.035951536,-0.048374835,-0.045173842
Tspyl1,0.0,0.494812,0.359585,-0.073916644,0.24224862
Nt5dc1,0.0,-0.041229613,0.07323912,0.17807126,0.0384755
Gm47512,0.0,-0.28862184,-0.30950996,-0.3228041,-0.116547726
Tspyl4,0.0,0.31840956,-0.07548302,-0.31577402,-0.08145695
Amd2,0.0,-0.12234828,-0.09626508,-0.03833378,-0.13474657
Hs3st5,0.0,0.048709635,0.013430946,0.25558722,-0.06841767
Hdac2,0.0,0.006336957,0.07350617,0.03346109,0.04846902
Marcks,0.0,-0.12263149,-0.10900262,-0.02148395,0.31045866
Lama4,0.0,0.14778851,-0.07506897,0.038925823,0.0300208
Fam229b,0.0,-0.24049787,-0.14235969,-0.10895275,-0.09625179
Tube1,0.0,0.12754309,0.13676794,-0.05587171,-0.017871112
Fyn,0.0,0.035815954,0.2872763,0.20670584,0.056365594
Gm16364-1,0.0,-0.24752542,0.12949303,0.21257201,-0.30128193
Traf3ip2,0.0,-0.039571136,0.16847734,0.06400862,0.1597449
E130307A14Rik,0.0,0.19444725,0.3081454,0.329142,0.24331261
Rev3l,0.0,0.10118832,0.24307185,0.19391675,0.09689063
Mfsd4b4,0.0,0.30494258,0.37277436,0.2531867,-0.001775831
4930547M16Rik,0.0,0.037665673,0.11310482,-0.11140117,-0.028275922
Mfsd4b1,0.0,0.052830376,-0.037417226,0.003569603,0.13225333
Slc16a10,0.0,-0.1194493,-0.093763545,-0.040898822,-0.18900415
Rpf2,0.0,-0.11293243,-0.057972573,0.08346262,-0.03593195
Gtf3c6,0.0,0.13497609,0.08085395,0.06918363,-0.0519948
Amd1,0.0,-0.08013192,0.048848584,0.013040114,0.03116183
Cdk19,0.0,-0.20903875,-0.025634717,-0.112274736,-0.15378998
Ddo,0.0,-0.027707428,0.04285513,0.16248912,-0.012935922
Mettl24,0.0,0.0975111,0.15897775,0.14865078,-0.059076905
Cdc40,0.0,-0.29259294,0.053753734,-0.030830275,-0.010426946
Wasf1,0.0,-0.056572188,-0.050329942,-0.18867923,-0.015788969
Fig4,0.0,0.082973376,0.22853655,0.1095026,0.05519344
Ak9,0.0,0.053378075,0.073529445,-0.057373766,0.05398736
Zbtb24,0.0,-0.07606314,-0.20624861,0.094753556,-0.060774565
Mical1,0.0,0.39899284,0.3717428,0.6815132,0.0573996
Smpd2,0.0,0.079007,0.62887233,0.32715717,0.22418755
Ppil6,0.0,-0.056480285,-0.106604755,0.009698138,-0.07271315
Cd164,0.0,0.17217122,-0.045396492,-0.11793983,-0.122767
Ccdc162,0.0,0.0036701858,0.20902684,0.100946374,0.072217345
Cep57l1,0.0,-0.15606311,-0.06159316,0.067729756,0.09115607
BC048559,0.0,0.20050722,0.19917989,-0.034548417,0.0037071332
Sesn1,0.0,-0.13930032,-0.011978429,-0.072520785,-0.12595585
Armc2,0.0,-0.2601963,-0.045169946,-0.124433845,-0.25421423
1700016J18Rik,0.0,0.027080607,-0.13210677,-0.08076426,-0.008587437
Foxo3,0.0,-0.45877078,-0.23123565,-0.30606633,-0.2957059
Afg1l,0.0,-0.37912846,-0.04019428,-0.06573888,-0.14967608
Snx3,0.0,-0.15167646,0.005229732,-0.10243134,0.051915303
Nr2e1,0.0,0.368631,0.5092475,0.6402738,0.36987492
Ostm1,0.0,0.16971946,0.24677314,0.29488727,0.1816883
Sec63,0.0,-0.001836516,0.013580449,0.013560414,0.09448085
Scml4,0.0,0.19979933,0.060707144,0.12665538,0.01399634
Gm34006,0.0,0.040130045,-0.0015964536,0.030025773,-0.095783345
Sobp,0.0,-0.096937805,0.10156281,0.028007772,-0.012866959
Gm47815,0.0,0.02624777,-0.20736077,-0.09711164,0.029329788
9030612E09Rik,0.0,0.013477776,0.21995524,-0.05653036,-0.05035915
Pdss2,0.0,-0.14123851,-0.08742648,0.0724459,-0.15326096
Bend3,0.0,0.15056224,-0.1762507,-0.014307955,-0.040983237
Gm47889,0.0,-0.24054179,-0.16621202,-0.10194944,-0.18563831
Gm9803,0.0,0.052312844,-0.045954123,-0.02716148,-0.009487217
1700021F05Rik,0.0,0.25773898,0.45497495,0.13223991,0.24044107
Cd24a,0.0,-0.0032037068,-0.017315308,-0.07716365,-0.09298656
Qrsl1,0.0,-0.31544155,-0.11917697,-0.11342454,-0.25750723
Rtn4ip1,0.0,-0.052123975,-0.23089382,-0.12882577,-0.09576613
Crybg1,0.0,-0.19330835,-0.06524741,-0.01478833,-0.07880099
Atg5,0.0,-0.02072566,0.062885955,0.013512354,-0.076133646
Prdm1,0.0,0.028159816,0.014421899,0.03714449,0.014594283
Prep,0.0,0.124925196,0.22350222,0.05289375,0.1278224
Popdc3,0.0,-0.0027663875,-0.021930838,0.016102497,0.030567368
Bves,0.0,-0.11801802,0.005179893,0.011622608,0.034489274
Lin28b,0.0,0.28266504,0.28048408,0.4951703,-0.033641994
Hace1,0.0,0.28265846,0.30171406,0.21277016,0.121354416
Gm35552,0.0,0.03149706,0.1660029,0.50363374,0.54329705
Grik2,0.0,0.21082412,0.050378844,0.18539295,0.030991435
Gm26543,0.0,-0.0005679545,-0.08604417,-0.061816625,0.011458993
Gm47018,0.0,0.04360688,-0.18360008,-0.07561835,0.07787698
Ascc3,0.0,0.025212623,-0.09602851,-0.05880003,-0.104367286
Gm46224,0.0,-0.039873973,-0.023388516,-0.0025166627,0.014196322
Dcbld1,0.0,-0.09978532,0.07035886,0.033702288,-0.06774496
Gopc,0.0,-0.1588335,-0.086747974,-0.12062432,-0.027668614
Nus1,0.0,-0.06788256,-0.05777181,-0.14497013,-0.19270241
Slc35f1,0.0,0.31029928,0.18366595,0.12656829,0.07826917
Cep85l,0.0,-0.056133725,0.016030937,0.050563045,-0.030404158
Pln,0.0,0.24665038,0.30711251,0.022494301,-0.032220826
Gm47644,0.0,-0.01251933,0.17509973,0.14096394,0.14061107
Mcm9,0.0,-0.03450475,0.018884376,-0.019605022,-0.13912153
Asf1a,0.0,0.18943666,0.17236699,0.015869588,0.12597063
Fam184a,0.0,-0.23831415,-0.15544772,-0.29843044,-0.14297704
Man1a,0.0,-0.1976591,-0.05007667,-0.2740837,-0.08456642
Gm16998,0.0,0.065360725,-0.0067262985,0.020202264,0.018885601
Tbc1d32,0.0,-0.038644202,-0.051651135,0.037953068,-0.15444022
Msl3l2,0.0,0.20025341,0.02207923,0.084185176,0.119006865
Gja1,0.0,-0.12950331,-0.08844526,-0.06290089,0.14469266
Hsf2,0.0,0.17273673,0.27441117,0.042862564,0.016973108
Serinc1,0.0,0.2409157,0.19565451,0.23788497,0.31188256
Pkib,0.0,0.22573902,-0.06240313,0.0032816827,-0.1379956
Fabp7,0.0,0.041069448,-0.29246965,0.045542825,-0.14852428
Smpdl3a,0.0,0.034562103,-0.042868868,-0.014546759,0.21027526
Gcc2,0.0,-0.008037895,-0.042792797,-0.13345262,0.014603257
Lims1,0.0,0.019483164,0.15780418,0.07069106,0.085530505
Ranbp2,0.0,0.13708952,0.13152926,0.15828942,0.035226345
Ccdc138,0.0,0.05950639,-0.0008458942,0.07135237,-0.075968675
Sh3rf3,0.0,0.053791575,0.116404384,0.22681484,0.056645013
Sept10,0.0,0.1001585,-0.021058798,0.3140164,0.14122848
Sowahc,0.0,0.053365022,-0.110800795,-0.269113,-0.23286389
P4ha1,0.0,-0.40962663,-0.06628001,-0.32442874,-0.11160606
Mcu,0.0,-0.17110416,0.06629829,-0.08432522,-0.038537987
Micu1,0.0,-0.19489399,0.028558813,-0.05132866,0.045069076
Dnajb12,0.0,0.3173496,0.24532266,0.41248727,0.19391093
Ddit4,0.0,0.14992037,-0.11622587,-0.29747075,-0.2672048
Anapc16,0.0,-0.32141888,-0.14804047,-0.18081376,0.025043681
Ascc1,0.0,-0.07931095,0.0560484,-0.11415047,-0.09817782
Spock2,0.0,0.29521093,0.12193455,0.23240654,0.1276444
Chst3,0.0,0.069322355,-0.0953566,-0.0058718547,0.122652635
Psap,0.0,0.07042049,0.20773612,0.14203957,0.13665883
Cdh23,0.0,0.09872716,0.14680399,0.17529589,-0.027316056
Vsir,0.0,0.010713071,0.12947002,0.17566584,0.16650152
Slc29a3,0.0,0.11053782,-0.028981745,-0.012874976,-0.10582497
Unc5b,0.0,0.13130665,-0.12728107,0.020242486,0.08003399
Pcbd1,0.0,0.20140305,0.11884749,-0.032377183,0.27703422
Sgpl1,0.0,0.2228323,0.120200396,0.10904889,0.163467
Pald1,0.0,0.16034591,0.30195618,0.20758703,0.25755182
Eif4ebp2,0.0,-0.33574268,-0.07470822,0.01196833,-0.08707638
Gm48086,0.0,-0.10176046,-0.014500655,0.07054153,-0.066864416
D830039M14Rik,0.0,-0.008137021,0.09113525,-0.021619346,-0.0033779964
Lrrc20,0.0,0.089127935,0.060592696,0.3514758,0.21623138
Npffr1,0.0,0.12679835,0.130056,0.05938036,0.001980871
Ppa1,0.0,-0.022113165,-0.042995587,-0.16587864,0.0105155585
Sar1a,0.0,0.06383721,0.114263624,0.015677221,-0.09064743
Tysnd1,0.0,-0.0863587,-0.10489113,0.15709516,-0.08733873
Aifm2,0.0,-0.055241384,0.015763357,-0.053419113,-0.15350775
H2afy2,0.0,-0.021333225,-0.001002714,0.13380381,0.032451857
Fam241b,0.0,0.22480398,0.1826232,0.1623404,0.16213426
Tspan15,0.0,-0.2069862,0.13473645,-0.07156228,0.051409982
Hk1,0.0,0.12562683,0.19836351,0.27817923,0.045001656
Hk1os,0.0,0.015994225,-0.1641824,0.21193163,-0.059559554
Supv3l1,0.0,0.112692244,0.13019894,0.25100476,-0.27885252
Vps26a,0.0,0.103345744,0.021052346,0.1022518,0.05799061
Srgn,0.0,0.10413818,-0.085520595,-0.021938276,0.17131595
Kif1bp,0.0,0.07457088,0.008804545,0.008041188,0.13745987
Ddx21,0.0,0.37623644,0.28438246,-0.043243006,0.21815681
Ddx50,0.0,0.078528404,0.004394397,-0.07640743,0.03479117
Stox1,0.0,-0.084368594,-0.36608246,-0.18192317,-0.42015147
Ccar1,0.0,-0.1128087,-0.042900383,-0.073143765,-0.046044968
Tet1,0.0,-0.14864627,0.10278956,0.046950806,0.071724705
Slc25a16,0.0,-0.16237484,-0.0668603,-0.12708032,-0.0024862215
Dna2,0.0,-0.19987535,-0.3265422,0.0024489835,-0.056026462
Rufy2,0.0,0.06965943,0.115358286,0.25156093,-0.0064569116
Hnrnph3,0.0,-0.0016562641,0.03500183,0.097528376,-0.06043431
Pbld2,0.0,-0.4015475,0.042896815,-0.0313137,-0.16127464
Pbld1,0.0,-0.059499536,-0.2628635,-0.1754573,-0.18319911
Atoh7,0.0,-0.0035492182,0.07806353,0.40906888,0.17792912
Mypn,0.0,-0.040930975,-0.0826568,0.0025430284,-0.11378022
1700120B22Rik,0.0,-0.0400778,-0.04832907,0.14214341,-0.08696993
Herc4,0.0,-0.112332284,0.075766355,0.009007994,-0.07704531
Sirt1,0.0,0.0058004353,-0.09717448,0.103817865,-0.14039196
Dnajc12,0.0,-0.1624207,-0.2162572,-0.19216613,-0.14854184
Ctnna3,0.0,0.22571835,0.015680686,0.41036713,0.21379007
Lrrtm3,0.0,0.3198703,0.041566595,0.06728926,0.053958155
1110002J07Rik,0.0,0.065362744,0.025892302,0.023452302,0.027365193
Gm31763,0.0,-0.064807296,0.0059256246,-0.12688799,-0.012276683
Reep3,0.0,-0.015486255,0.22560768,0.069740385,0.109542646
Jmjd1c,0.0,-0.03428273,0.08916513,0.0940157,0.094781384
Nrbf2,0.0,-0.09221588,-0.20793796,-0.11128059,-0.28701144
Ado,0.0,0.3574321,0.18612324,-0.09754853,0.044322945
Gm32364,0.0,-0.038879212,0.004375786,0.011801987,-0.007998574
Zfp365,0.0,0.20212194,-0.04425931,-0.1777704,-0.04390488
Rtkn2,0.0,0.02537469,-0.0054831216,-0.13148358,-0.06471398
Arid5b,0.0,-0.07349457,0.017143419,-0.07586188,-0.16347733
Cabcoco1,0.0,-0.2741792,-0.31699318,-0.12965535,-0.32535362
Rhobtb1,0.0,-0.17609473,-0.06292228,-0.032780986,-0.067567535
A930033H14Rik,0.0,0.09340159,0.05053338,0.011153284,-0.019104142
Ank3,0.0,0.3990199,0.07269633,0.20841719,-0.09775442
Ccdc6,0.0,-0.07025018,0.042963713,0.008341807,-0.19785357
Mrln,0.0,-0.1085635,-0.1155564,-0.027698921,0.0058937874
Slc16a9,0.0,-0.3736715,0.013791598,-0.02904512,-0.2583477
Fam13c,0.0,0.1086034,0.12768456,-0.07471808,-0.117255546
Phyhipl,0.0,0.10766913,0.18081608,0.16267283,0.14999838
4930533K18Rik,0.0,-0.080989644,-0.092479855,0.030702384,-0.036906287
Bicc1,0.0,-0.08852874,-0.16759387,-0.06787014,-0.2099748
Tfam,0.0,0.23657852,0.11545038,0.15219852,0.08601847
Ube2d1,0.0,0.059167974,0.073497996,0.004201956,0.0011529848
Cisd1,0.0,0.080587715,0.023863569,-0.046642676,-0.062139824
Ipmk,0.0,0.08216281,-0.025506578,0.27465647,-0.118084006
Gm34544,0.0,-0.17931968,-0.105798595,-0.17684053,-0.17282924
Zwint,0.0,0.24481496,0.0064763725,-0.26294756,0.12607667
A330049N07Rik,0.0,0.32209995,0.16609582,0.22135106,0.41895306
Pcdh15,0.0,0.30027902,0.18855077,0.3638237,-0.02143152
Gm15398,0.0,-0.05755211,0.0087830275,-0.14190117,-0.14130352
Gm15397,0.0,-0.029228829,-0.06454296,0.01045418,-0.012165995
Rsph14,0.0,-0.16517314,0.2303167,-0.036780875,0.08373072
Gnaz,0.0,-0.057923667,-0.1693842,-0.42242834,-0.2154849
Rab36,0.0,0.0025072247,0.20493868,0.25367463,-0.1509251
Bcr,0.0,-0.1999974,0.06736773,-0.037458096,-0.24056567
Specc1l,0.0,0.020486273,0.09050025,0.06474982,-0.11711111
Gucd1,0.0,-0.08211141,-0.14497107,0.043415673,-0.055181395
Snrpd3,0.0,0.0809884,0.19210699,-0.16183768,0.06455298
Lrrc75b,0.0,0.061960556,0.048129696,-0.0502308,0.22576754
Ggt5,0.0,-0.161781,-0.116649844,-0.065262966,-0.13999891
Susd2,0.0,0.006502796,-0.12410805,0.082821414,-0.036874194
Cabin1,0.0,0.029538505,0.028201312,0.021940127,-0.0069730952
Ddt,0.0,0.06971261,0.13294375,-0.09936059,-0.017039753
Gstt1,0.0,-0.1995346,0.092420004,-0.01059521,-0.024079733
Gstt2,0.0,-0.13782096,-0.071341835,0.19567633,0.041050628
Mif,0.0,0.031381276,0.16354427,-0.25846872,0.128153
Smarcb1,0.0,0.11058975,0.19148034,0.1682419,0.21925151
Mmp11,0.0,0.33751994,0.17925319,0.11981022,0.04452814
Chchd10,0.0,0.016586728,0.06538279,-0.39727455,0.09362759
Zfp280b,0.0,-0.041187663,-0.31733298,0.012777589,-0.24738969
Slc5a4b,0.0,-0.20460641,-0.13841343,-0.16552874,-0.23238556
Prmt2,0.0,0.2915589,0.4432286,0.10488552,0.20934922
S100b,0.0,0.5089501,0.14635004,0.3425473,0.19498247
Dip2a,0.0,0.32945156,0.24487177,0.4686972,0.013164729
Pcnt,0.0,0.17063314,0.11172272,0.12770163,0.04087162
1700094J05Rik,0.0,0.008887794,0.0640002,-0.023033176,-0.010116853
Ybey,0.0,0.14513186,-0.13470666,0.10089813,0.0055376478
Mcm3ap,0.0,0.21996926,0.40658915,0.21482901,0.18382667
Lss,0.0,0.31551674,-0.06361616,0.19486496,0.0041663945
Col6a2,0.0,0.07163957,-0.026274584,0.006827224,0.020962738
Col6a1,0.0,0.00908519,-0.016249165,0.0032836534,0.009959456
Pcbp3,0.0,0.01767923,0.22201884,0.28904533,0.03570965
Slc19a1,0.0,-0.077499986,-0.008581657,0.13834065,0.061724246
Col18a1,0.0,0.058568377,-0.13976492,0.05356146,-0.14464341
Gm10941,0.0,0.0044735745,0.1543941,0.11035536,0.10251291
Pofut2,0.0,0.22907618,0.26287338,0.18348333,0.14741588
Adarb1,0.0,0.5097964,0.31369942,0.24272549,0.09493379
Fam207a,0.0,-0.012121838,-0.09036084,0.05121852,0.02806565
Itgb2,0.0,0.017245548,-0.11065209,0.013537919,-0.009097774
Pttg1ip,0.0,-0.011674726,-0.08193083,0.036778353,-0.06631738
Sumo3,0.0,0.37117317,0.08318336,0.29431233,0.2699612
Ube2g2,0.0,-0.025442258,0.24604711,-0.06221976,0.0050163567
Tspear,0.0,0.016587272,-0.25777823,-0.24885678,-0.4065345
Lrrc3,0.0,0.12850016,0.10112362,0.14253631,-0.09716615
Trpm2,0.0,0.016587935,0.24114534,0.13330449,-0.0514277
Cfap410,0.0,0.21304831,0.09383367,0.03806483,0.20029996
Pfkl,0.0,-0.037961695,-0.003888579,-0.15775515,-0.24524467
Icosl,0.0,-0.566142,-0.41626334,-0.45500833,-0.30571392
Gatd3a,0.0,0.032364763,-0.1459119,-0.18294413,-0.22104546
Pwp2,0.0,-0.20899858,0.07264617,-0.13264641,-0.20169537
Trappc10,0.0,0.072579026,-0.011295758,-0.004589174,-0.14592195
Gm30122,0.0,-0.03711342,-0.20413229,-0.15745743,-0.2484149
Agpat3,0.0,0.22516435,0.23449054,0.25443313,0.033967808
Rrp1,0.0,0.101219445,0.2442207,-0.12178883,0.11670172
Cstb,0.0,0.16485132,-0.06975553,-0.098121144,0.13986936
4921516A02Rik,0.0,0.15546218,0.1284933,0.019470714,0.04491797
Pdxk,0.0,0.3990369,0.2798285,0.29774442,0.21920091
Ilvbl,0.0,0.2636247,0.30576158,0.2589852,0.17049569
Syde1,0.0,-0.19475108,0.038442675,-0.118260734,-0.03278542
Ccdc105,0.0,-0.018072361,-0.007553786,-0.032005288,-0.003946376
Gm30400,0.0,-0.091191515,-0.04021648,-0.060876742,-0.18250103
Slc1a6,0.0,0.22245055,0.19325006,0.4147606,0.356459
2610008E11Rik,0.0,-0.23790419,-0.05098211,0.0667161,-0.06324754
Plpp2,0.0,-0.09521786,-0.1292098,-0.03893871,0.08662731
Mier2,0.0,0.1097016,0.26221788,0.290734,-0.15578727
C2cd4c,0.0,-0.04429853,-0.001470415,-0.016760241,-0.024126364
Shc2,0.0,-0.008422822,-0.052032612,0.15579909,0.1300317
Gm47163,0.0,-0.17456552,-0.028195046,-0.057699487,0.025847608
Tpgs1,0.0,-0.21728303,0.03984349,0.008670804,-0.002627178
Cdc34,0.0,0.18926615,0.2702505,0.11988483,0.01597771
Gzmm,0.0,0.011646517,0.074327625,0.19734606,-0.0029229224
Bsg,0.0,-0.13184306,-0.10212493,0.0356578,0.11916517
Hcn2,0.0,0.07347697,-0.001797773,0.13709088,0.00541915
Polrmt,0.0,-0.08104712,0.1011911,0.17620897,0.21034698
Fgf22,0.0,-0.02312938,-0.039946765,-0.08714431,-0.087709814
Rnf126,0.0,0.06515777,0.3844171,0.2108173,0.2979467
Fstl3,0.0,0.0025502723,0.011922218,0.03540236,-0.012217607
Palm,0.0,-0.36039943,-0.2114613,-0.06770705,-0.16544607
Misp,0.0,0.008002268,-0.02997054,0.031687398,0.033306718
E130317F20Rik,0.0,-0.06397019,0.01714814,0.10359141,-0.04405092
Ptbp1,0.0,0.047867388,0.23414859,0.28609568,0.20250513
Plppr3,0.0,-0.16728951,-0.13974945,-0.058588114,-0.38845626
Prtn3,0.0,-0.052669816,-0.15212575,-0.101499885,-0.005267713
Med16,0.0,0.07521844,0.012200646,0.13435005,-0.042799726
R3hdm4,0.0,-0.031312928,0.10144065,0.15653875,0.23053482
Kiss1r,0.0,-0.038907528,0.14539008,-0.040978827,-0.074082546
Arid3a,0.0,-0.14947025,-0.16582997,0.098156676,-0.1105323
Wdr18,0.0,-0.18720332,0.042758606,0.11604743,-0.02906255
Grin3b,0.0,-0.17931974,0.03969437,-0.089881,-0.06909462
Tmem259,0.0,-0.1176759,0.21239758,0.20028575,-0.088666975
Cnn2,0.0,-0.06876789,0.07362516,0.11052418,0.02504312
Abca7,0.0,-0.23644623,0.010897212,-0.17168146,-0.3099311
Arhgap45,0.0,-0.023281198,-0.0054765483,-0.04761699,0.033499654
Polr2e,0.0,0.09478965,0.018646084,-0.12891579,0.008583292
Gpx4,0.0,0.13969742,0.044143073,-0.046084635,0.027319834
Sbno2,0.0,-0.113823846,0.30372882,0.20886108,0.046639584
Stk11,0.0,0.027831199,-0.0030326433,0.04495778,-0.11818558
Cbarp,0.0,-0.050471313,0.09752916,0.060388055,0.0069957674
Atp5d,0.0,0.06734116,0.21442696,-0.14123254,0.19745904
Midn,0.0,0.2893333,0.2392924,0.31896812,0.32572186
Cirbp,0.0,0.50973254,0.4359938,0.60557276,0.3059495
1600002K03Rik,0.0,-0.254064,-0.04171588,-0.060458697,-0.30889133
Efna2,0.0,-0.09054983,0.10518765,0.39479274,0.36004984
Pwwp3a,0.0,0.41649938,0.27152342,0.09087835,0.15435652
Ndufs7,0.0,-0.09202817,0.037812926,-0.23791692,-0.06176506
Gamt,0.0,-0.20012887,0.07225123,0.061312176,0.08193518
Dazap1,0.0,-0.15859297,0.017783893,-0.056553647,-0.09844662
Rps15,0.0,0.16275103,0.061649635,-0.035876602,0.17981392
Apc2,0.0,0.025758613,0.008101493,0.119913176,-0.05641134
2310011J03Rik,0.0,-0.32957244,-0.066440985,-0.27483526,-0.018090717
Pcsk4,0.0,0.022930086,0.11969786,0.13627924,0.06358053
Reep6,0.0,-0.097770974,-0.081876144,-0.033288274,0.007825762
Adamtsl5,0.0,-0.12433145,-0.099581026,0.40319106,0.032722153
Plk5,0.0,0.11740213,-0.08592491,0.13497403,0.031957522
Mex3d,0.0,0.04493822,-0.29547894,0.18912378,-0.0063623497
Mbd3,0.0,0.08256211,0.27992085,-0.08163329,-0.06543628
Uqcr11,0.0,0.23275396,0.16366892,-0.016113177,0.065971844
Tcf3,0.0,-0.046620518,0.13329563,0.2758131,0.20520201
Rexo1,0.0,-0.04965634,-0.038784638,0.11142162,-0.03242921
Klf16,0.0,0.07332427,-0.06714966,-0.12942666,0.076768294
Abhd17a,0.0,0.29969954,0.12078401,0.124135956,0.09986405
Gm29093,0.0,0.019226389,0.12054569,0.03085118,-0.11658333
Gm49322,0.0,0.045792703,-0.02633918,-0.05237204,-0.037678074
Csnk1g2,0.0,0.34036553,0.31396827,0.33674896,0.13683121
Btbd2,0.0,-0.06089659,0.15101749,0.001330968,-0.0011875369
Mknk2,0.0,-0.14805555,0.21935767,0.17241007,-0.00841596
Mob3a,0.0,0.08629957,0.09975071,0.18985799,0.11948391
Izumo4,0.0,0.39950934,0.65499824,0.81527317,0.30743527
Ap3d1,0.0,0.038049214,0.02360016,0.0146846995,-0.13073991
Dot1l,0.0,0.16874123,0.4398351,0.5834583,0.20059653
Plekhj1,0.0,-0.07072979,0.15564461,0.18650821,0.008331224
Sf3a2,0.0,0.10529453,0.28723133,0.22811042,0.20395067
Jsrp1,0.0,0.029113725,-0.037634056,-0.018554647,-0.0016136891
Oaz1,0.0,0.39410904,0.23029435,0.18012324,0.2884457
Lingo3,0.0,-0.026498392,-0.082758985,-0.03203011,0.078529954
Lsm7,0.0,0.10200843,0.25646803,0.19406018,0.11525618
Sppl2b,0.0,-0.15919177,0.06255008,0.20600106,-0.2541346
Tmprss9,0.0,-0.060230866,-0.01986126,-0.016594535,-0.04166289
Timm13,0.0,0.28806332,0.35051727,0.013376206,0.1175444
Lmnb2,0.0,0.11296081,0.14773238,0.4429832,0.16646998
Gadd45b,0.0,0.0020651668,-0.08313642,0.1850186,0.09464311
Gng7,0.0,-0.14600965,0.022497116,0.09571196,-0.21960866
Diras1,0.0,0.3491284,0.24365687,0.03142357,0.30607286
Gm16099,0.0,0.034039434,-0.044529684,-0.012707327,0.045343436
Slc39a3,0.0,-0.057941444,-0.10690209,0.036893614,-0.0767709
Sgta,0.0,-0.05655872,0.11079757,0.010510363,0.08340965
Thop1,0.0,0.006378539,0.14865124,-0.017124653,0.16003981
Map2k2,0.0,-0.044358544,0.017211717,0.036791153,-0.026680976
Zbtb7a,0.0,-0.17329584,-0.03453314,-0.20243202,-0.08850094
Pias4,0.0,-0.1722779,0.12216559,0.21599859,0.09595679
Eef2,0.0,0.10830542,0.047137566,0.03162933,0.14874095
Dapk3,0.0,-0.23805119,-0.018406522,0.08596453,-0.3937556
Atcayos,0.0,0.0057508526,-0.010201473,0.03054733,0.0044103786
Atcay,0.0,0.22011556,0.036512174,0.3098066,-0.0907342
Zfr2,0.0,-0.052423827,0.09667787,0.07499121,-0.15940553
Matk,0.0,0.055634357,0.078057095,-0.016437568,0.020526461
Mrpl54,0.0,0.021174263,-0.026297852,0.08559614,0.04806912
Apba3,0.0,-0.060384057,0.042315356,0.11799175,0.049794402
Pip5k1c,0.0,-0.039767865,0.0032663345,-0.06654237,-0.054376546
Cactin,0.0,-0.21887605,-0.15862271,0.015924022,-0.065344036
Hmg20b,0.0,-0.24948296,-0.21050477,-0.123552874,-0.0124905445
Mfsd12,0.0,-0.016646508,0.006340305,0.0072132475,-0.13233283
4930404N11Rik,0.0,-0.13043517,-0.16885597,-0.17097056,-0.08708753
Fzr1,0.0,-0.10712232,-0.011299379,-0.097812444,-0.039765704
Dohh,0.0,0.19345623,0.17431433,-0.043083012,0.11698069
Nfic,0.0,-0.058095686,0.104401514,0.10456225,0.03735955
Celf5,0.0,0.30879402,0.26963115,0.07943916,-0.0046002865
Gm16105,0.0,-0.09146404,-0.011035466,0.0060415883,-0.098359235
Ncln,0.0,-0.07686583,-0.045309655,0.07554524,-0.23961364
Gna15,0.0,-0.06578799,-0.04700131,0.034779713,-0.07128054
Gna11,0.0,0.025903508,0.10550619,0.040753067,0.19470835
Tle5,0.0,-0.0029934496,0.12734511,-0.086901195,0.05425935
Tle2,0.0,0.78517115,0.5159889,0.6992289,0.26827803
Tle6,0.0,-0.0073966533,-0.06563091,0.085301645,-0.008844078
BC025920,0.0,-0.26272732,-0.060678747,-0.099754006,-0.1847584
Sirt6,0.0,-0.19450566,-0.1425673,-0.060265996,-0.483774
Ankrd24,0.0,0.21627259,0.09935018,0.25557926,0.111003384
Gm10778,0.0,0.024897262,0.29340917,0.1496807,0.043357834
Zfp433,0.0,0.17160568,-0.18902786,-0.10530965,-0.0012668902
Gm3055,0.0,-0.18901397,0.018187316,-0.0069617853,-0.057953827
Gm32687,0.0,0.15867457,-0.04440988,0.00013127178,0.075303845
Zfp781,0.0,0.08091299,0.15722096,0.15242308,0.03980504
Zfp873,0.0,0.07191065,-0.20932105,0.16719815,0.041634087
BC024063,0.0,-0.024427101,0.0084075,-0.034320902,0.05039618
AU041133,0.0,-0.09473963,-0.1986573,-0.29938075,-0.18293537
Gm15608,0.0,-0.09263036,-0.06448971,0.05882495,0.07747596
Zfp938,0.0,0.1718063,0.040230267,0.037171744,0.13080543
Gm4924,0.0,-0.0101628825,0.03270212,0.18297862,0.081501186
1190007I07Rik,0.0,0.109375566,0.043458313,-0.013068907,0.056379084
Tdg,0.0,0.3194255,0.24892403,0.281553,-0.010972187
Glt8d2,0.0,0.023143753,-0.057565343,-0.061763916,-0.023439694
Hcfc2,0.0,0.118525766,0.0750564,-0.05752898,-0.04028213
Nfyb,0.0,0.08211404,-0.119301416,0.041681238,-0.13102727
Txnrd1,0.0,0.2789237,0.12097764,0.060909986,0.026754245
Gm38560,0.0,-0.04516447,-0.25394815,-0.031798713,-0.2315881
Chst11,0.0,-0.13871127,0.1709201,0.06273548,-0.12683252
Slc41a2,0.0,0.18075648,-0.039496765,-0.061421,-0.04122007
D10Wsu102e,0.0,0.2365871,0.23758037,0.33710876,0.09179382
Aldh1l2,0.0,0.011862434,0.115085945,-0.0052112974,0.007563006
Washc4,0.0,0.029347152,0.08506931,0.22308087,-0.012540445
Appl2,0.0,0.3786435,0.24088995,0.36153972,0.0399186
1500009L16Rik,0.0,0.061837073,0.21460986,0.04561098,0.03909383
Nuak1,0.0,0.23244731,0.32183516,0.18637279,0.38022715
Gm47962,0.0,-0.14132589,0.090049624,0.06242095,0.11354579
Ckap4,0.0,0.27599806,0.03912554,0.117802784,0.011607677
Tcp11l2,0.0,0.14372203,0.19347191,0.36160386,0.4065316
Gm17249,0.0,-0.027659256,-0.110554144,0.08969998,0.14092359
Polr3b,0.0,-0.16857822,0.050251905,-0.057217456,-0.09073185
Rfx4,0.0,-0.16129479,0.07716486,0.08614444,-0.01086808
Ric8b,0.0,0.14501745,0.24374896,0.14870663,-0.034516737
Fhl4,0.0,-0.0299343,-0.14733338,-0.15481442,-0.09277785
Tmem263,0.0,0.13575518,-0.2047421,-0.17606753,0.0050151017
Mterf2,0.0,-0.13035297,-0.17776838,-0.10584229,-0.13775784
Cry1,0.0,0.11072278,0.23831566,0.25540936,0.17650247
Gm38575,0.0,-0.009872341,0.046222437,-0.13217278,-0.044872485
Btbd11,0.0,0.119990766,0.25154203,0.15988089,0.13974997
Pwp1,0.0,0.20940894,-0.034037046,-0.008307278,0.10441125
Prdm4,0.0,-0.12753572,-0.14633055,-0.055939797,-0.27658606
Ascl4,0.0,-0.2141366,0.034226265,0.00118367,-0.045105975
Rtcb,0.0,0.16459589,0.08585607,-0.104307845,0.21627584
Fbxo7,0.0,0.13213682,0.11722392,0.20993495,0.116830215
Syn3,0.0,0.25571725,0.22799422,0.3804497,0.15496978
4930486F22Rik,0.0,-0.00058585964,-0.005720664,-0.013152916,-0.008577671
Timp3,0.0,0.085431084,0.14221483,0.31994092,0.07957347
Hsp90b1,0.0,0.13081211,0.10820855,0.080822416,-0.035435125
Ttc41,0.0,-0.083931275,-0.24682797,-0.09119571,-0.12373866
Nt5dc3,0.0,-0.297341,-0.1709504,-0.27055234,-0.38570005
Stab2,0.0,-0.378733,-0.1515922,-0.3978598,-0.40109465
Ascl1,0.0,-0.041827697,-0.039982833,-0.059572063,-0.022365622
Igf1,0.0,0.13814363,-0.19679964,0.25731277,-0.04576625
Parpbp,0.0,0.08485295,0.0036803186,-0.03643996,0.0143329315
Nup37,0.0,-0.30131167,-0.2669161,-0.16492905,-0.18576294
Washc3,0.0,0.19013634,0.11633441,0.29144186,0.24578485
Dram1,0.0,-0.0021689013,-0.0021621138,0.1841362,-0.093125105
Gnptab,0.0,0.11527546,0.14829183,0.054797925,-0.0012479872
Gm16235,0.0,0.050941665,-0.15522811,0.037464626,0.07991785
Chpt1,0.0,-0.1868063,-0.14793216,-0.13520356,-0.0428505
Sycp3,0.0,-0.1180038,-0.33185464,-0.18910895,0.041682422
Arl1,0.0,0.09994015,-0.024849892,-0.085087635,0.028848428
Utp20,0.0,0.35982704,0.22210212,0.23230943,0.22324355
Ano4,0.0,0.27615649,0.050992236,0.30011153,-0.18212567
Gas2l3,0.0,-0.0051314943,-0.14540297,0.14910308,0.021795206
Slc17a8,0.0,0.10305752,-0.076661386,0.17118955,-0.034068204
Scyl2,0.0,0.3080017,0.09631343,0.1639207,0.058488853
1500026H17Rik,0.0,-0.21058068,0.022682229,-0.11099052,0.02848124
Actr6,0.0,0.23069403,0.07947031,0.27089968,0.21391949
Uhrf1bp1l,0.0,0.011351582,0.1058058,-0.01784414,-0.104723595
Anks1b,0.0,0.48593596,0.16120128,0.3451959,-0.14413333
Gm47591,0.0,-0.0015682504,-0.17131579,-0.10339349,-0.3217644
Apaf1,0.0,0.2678684,0.046367317,0.3873505,0.14620596
Ikbip,0.0,0.09396325,0.1530586,-0.021199167,0.0835897
Slc25a3,0.0,0.23318091,0.028998613,-0.036775798,-0.06340887
Tmpo,0.0,0.2321425,0.18778205,0.16346557,0.018787622
Rmst,0.0,-0.10838054,-0.027488949,-0.22983435,-0.01888139
Nedd1,0.0,-0.029732157,-0.04465909,0.026314542,0.11153859
Cfap54,0.0,-0.16186586,-0.25493705,0.1346293,-0.19017524
Cdk17,0.0,-0.077802025,0.13176031,0.023838624,-0.072781004
Elk3,0.0,-0.48756713,-0.24593788,-0.35536534,-0.37130022
Lta4h,0.0,0.24930319,0.13787392,0.20429195,0.064100295
Ccdc38,0.0,-0.13411817,-0.2922203,-0.17767684,-0.1534319
Snrpf,0.0,-0.065237835,-0.6952307,-0.2812115,0.0237941
Ntn4,0.0,-0.04407333,-0.11871575,0.20942423,-0.22650586
Metap2,0.0,0.14203745,0.13775481,0.032424785,0.022117019
Vezt,0.0,0.036724903,0.106121615,0.16207714,0.02539087
Fgd6,0.0,0.12174834,0.14271505,0.006454155,-0.089077905
Nr2c1,0.0,-0.11056249,0.07127856,0.046084303,0.02705725
Ndufa12,0.0,0.010436183,0.028614553,-0.3706329,-0.1181449
Tmcc3,0.0,-0.16870756,0.018269116,-0.0113610625,-0.0438489
Cep83os,0.0,0.1225819,0.06942335,0.1365408,-0.049697615
Cep83,0.0,0.36377323,0.17713942,0.1742363,0.21269338
Gm48689,0.0,0.0034264997,0.24126765,0.13031316,0.023683421
Plxnc1,0.0,-0.038283616,-0.10402487,-0.22511494,-0.3288109
Cradd,0.0,0.06169898,0.08176778,0.13965991,0.068075344
Gm48882,0.0,0.006852529,0.023960251,-0.034754157,-0.03410836
2310039L15Rik,0.0,-0.02321602,0.0078151915,-0.019052628,0.0054027364
Socs2,0.0,0.21801007,0.078380324,0.12929429,0.0954652
Mrpl42,0.0,-0.20033006,-0.09462151,-0.10999091,-0.07960467
Ube2n,0.0,0.18461005,0.0898769,0.024388216,-0.068742454
Nudt4,0.0,0.5137472,0.19836293,0.23076054,0.28168
Eea1,0.0,0.28001103,0.31960797,0.36335766,0.066996574
Btg1,0.0,-0.061987616,-0.35888925,-0.27362442,-0.26689237
Dcn,0.0,0.15161864,-0.13274077,0.13360879,0.17408997
Lum,0.0,-0.019185053,-0.02801496,0.019114746,0.07974669
Gm10754,0.0,-0.07783025,-0.08798184,-0.009879085,0.08794791
Atp2b1,0.0,0.33674884,0.29642066,0.3738012,0.06961796
Gm48768,0.0,0.2376709,-0.009622313,0.12279693,-0.04853501
Poc1b,0.0,0.012627602,-0.05523973,0.21530637,0.0036601126
Galnt4,0.0,0.11227299,-0.014664747,0.13675523,0.17055003
Gm34574,0.0,-0.013820771,0.074355826,0.06001868,0.03485292
Dusp6,0.0,0.48274788,0.03883301,-0.11220888,-0.14160374
B530045E10Rik,0.0,-0.02706854,-0.0049859174,-0.046681188,-0.0052159484
Gm47578,0.0,0.057100475,-0.058774114,-0.04474831,-0.14070565
Kitl,0.0,0.2070665,0.17416574,-0.0029264316,-0.123846896
Tmtc3,0.0,0.30756396,0.08724352,0.33439854,-0.05647716
Cep290,0.0,0.051429987,-0.07746396,-0.30570656,-0.08875748
4930430F08Rik,0.0,0.32422858,0.12819482,0.001368627,-0.018234372
Gm47956,0.0,0.0074326396,-0.055211823,-0.13038045,-0.11294109
Mgat4c,0.0,-0.08356615,-0.12216719,-0.07154434,0.11266704
Gm47033,0.0,0.10996914,-0.11324115,-0.008942574,0.12184805
Nts,0.0,-0.046666563,-0.036441825,0.12089938,-0.19960251
Lrriq1,0.0,-0.09986287,-0.38479346,-0.21125937,-0.17551668
Slc6a15,0.0,-0.046224605,-0.17095289,0.11195458,-0.29704344
Tmtc2,0.0,0.07736787,0.23446742,0.06663723,0.107216895
Gm15663,0.0,0.03646238,-0.04577301,-0.1086307,-0.15607813
Mettl25,0.0,0.038433053,0.14201055,0.05102004,0.122967005
Ccdc59,0.0,0.2821402,-0.012662008,0.18320368,0.14345264
Ppfia2,0.0,0.30667663,0.15265551,0.4443077,-0.08639392
4930532I03Rik,0.0,0.040854454,-0.09069198,-0.058646712,-0.006246154
Acss3,0.0,-0.26303852,-0.23412418,-0.2615379,-0.107062675
Lin7a,0.0,0.012867201,-0.24611045,-0.028383277,-0.06630635
Ptprq,0.0,0.032635286,-0.03283628,-0.04074602,0.08673073
Ppp1r12a,0.0,0.17394638,0.1927341,0.1137369,0.016794816
Pawr,0.0,-0.06747314,-0.13678207,-0.0545935,-0.048255835
Syt1,0.0,0.27743056,0.26802307,0.31609672,0.09169324
Gm5136,0.0,0.01636328,-0.15563394,0.012266701,-0.084728196
Nav3,0.0,-0.10696251,-0.16795081,-0.021694511,0.18164718
Csrp2,0.0,-0.010286499,-0.009962592,-0.07885354,0.08285772
Zdhhc17,0.0,0.10682398,0.08852406,0.19457114,0.022065729
Osbpl8,0.0,0.1103491,0.14214142,0.057876073,0.13795555
Bbs10,0.0,0.085006535,-0.2544006,-0.22482821,-0.11553353
Nap1l1,0.0,0.35222617,0.34360585,0.053651854,0.2514985
Phlda1,0.0,0.1551905,0.1320528,-0.0063260123,0.0628342
Gm30624,0.0,-0.0082248915,-0.009124942,0.017922461,-0.002789734
Krr1,0.0,0.4603923,0.21587221,0.12089445,0.16388586
Glipr1,0.0,-0.11106701,-0.10920724,-0.13001975,-0.0610893
Kcnc2,0.0,0.34878123,0.2813867,0.5073664,-0.18490168
Atxn7l3b,0.0,0.08080035,-0.04448864,-0.21589008,0.04058329
Trhde,0.0,-0.17291123,-0.12642907,-0.005894892,-0.433827
4930473D10Rik,0.0,-0.009322112,-0.043671753,-0.01943715,-0.03024924
Gm15723,0.0,0.035919435,-0.0071829706,0.01788635,0.06639406
Tbc1d15,0.0,0.27759746,0.26127017,0.3504354,0.14929268
Rab21,0.0,0.0077324286,-0.054865338,0.15360448,0.011581197
Tmem19,0.0,-0.18840185,-0.059772834,0.10941531,-0.10789462
Thap2,0.0,-0.2342377,-0.044865247,-0.1517599,-0.060321733
Zfc3h1,0.0,-0.11466319,-0.0116935335,-0.01204275,-0.13320835
Lgr5,0.0,0.029671997,0.068332285,0.020206738,-0.06499424
A930009A15Rik,0.0,-0.0104284715,-0.06588932,-0.025527118,-0.080727376
Ptprr,0.0,-0.033201925,-0.13885051,0.14973418,-0.23679456
Ptprb,0.0,0.35896277,-0.019344583,0.29637867,0.02887401
Kcnmb4,0.0,0.03052068,0.17636043,-0.056712512,-0.04380856
Kcnmb4os2,0.0,-0.148928,0.025196379,0.023673706,-0.018684065
Cnot2,0.0,-0.06717004,0.14042668,0.0037896335,-0.03416629
5330438D12Rik,0.0,0.11532329,0.13023295,-0.24112281,-0.110565536
Myrfl,0.0,-0.09167442,0.038212065,0.06582304,-0.010654552
Rab3ip,0.0,-0.029409364,0.14821732,0.018270895,-0.15529004
4933412E12Rik,0.0,-0.01360634,0.16326007,0.16378398,0.07193283
Cct2,0.0,0.16560663,0.22475284,-0.06934087,0.08230116
Frs2,0.0,-0.10126318,-0.02314059,-0.01030102,-0.18292135
Yeats4,0.0,0.18254942,0.17941192,-0.013931826,-0.039984062
Lyz2,0.0,-0.110260084,-0.17495179,0.039442405,-0.021429434
Cpsf6,0.0,0.19924067,0.1750268,0.14488123,-0.027154222
Cpm,0.0,0.109778255,-0.043903217,0.04721584,-0.15695329
Mdm2,0.0,0.12975526,0.12691563,0.17799127,0.114733934
Slc35e3,0.0,0.17985564,0.036128983,0.36520585,0.085735254
Nup107,0.0,-0.02991774,-0.025968455,-0.20916489,-0.2723342
Rap1b,0.0,0.109588996,0.2307213,0.13088243,-0.032365113
Mdm1,0.0,0.13236196,0.0963948,0.00017783791,-0.12043454
Dyrk2,0.0,0.3025297,0.035431996,0.258699,0.12194864
Cand1,0.0,0.23379046,0.23577905,0.06575264,0.07475165
Grip1os3,0.0,0.014517151,0.06867871,0.038563702,0.053969014
Grip1,0.0,0.1779019,0.12423907,0.22976987,0.011634499
Gm47027,0.0,-0.01239663,0.1280783,-0.061100896,-0.03030863
Grip1os2,0.0,0.047695175,0.048539378,-0.008108148,-0.063094005
Grip1os1,0.0,0.03734269,0.007594105,0.032487765,0.048686504
Helb,0.0,-0.09905296,0.12469238,0.07822196,0.101948366
Irak3,0.0,-0.017658252,0.17103353,0.015324296,-0.019661535
Tmbim4,0.0,-0.15087253,-0.15796457,-0.17357509,-0.088540725
Llph,0.0,0.4820369,0.0780021,-0.2986127,-0.047571696
Msrb3,0.0,-0.0027801264,-0.14210184,0.19129787,-0.17944439
Gm15910,0.0,-0.0121327285,0.05555083,-0.06883262,-0.031464882
Lemd3,0.0,0.020760894,0.013012402,0.0058312938,0.024904143
Wif1,0.0,-0.061737597,-0.028945532,0.16355601,-0.08045591
Tbc1d30,0.0,0.27635387,0.054775678,-0.0066781268,-0.07592655
Gns,0.0,0.0006122887,0.09921441,0.09840239,-0.114743166
Rassf3,0.0,0.1677986,0.077965975,0.05871539,-0.040114224
Gm35696,0.0,-0.065323755,-0.339522,-0.15644252,-0.28253508
Tbk1,0.0,0.23505132,0.12014507,0.23624872,-0.050587
Xpot,0.0,0.08831011,0.035540015,0.15555283,0.050745264
D930020B18Rik,0.0,0.24086952,0.23287106,0.2656067,0.17916892
BC048403,0.0,-0.0721014,-0.11318765,-0.033354793,-0.08032806
Srgap1,0.0,-0.18419217,0.001318777,-0.15118235,-0.07952035
Rxylt1,0.0,0.42992482,0.044979617,0.36122322,0.11410688
Ppm1h,0.0,0.20033458,0.15131441,0.21231788,0.019934043
Mon2,0.0,0.09548583,0.18298507,0.2103526,-0.032088414
Usp15,0.0,0.31455305,0.20098408,0.17190579,0.08460881
Tafa2,0.0,0.48542595,0.107211754,0.45672983,-0.12753692
Slc16a7,0.0,0.1560989,-0.031954892,-0.078533135,-0.040624358
Lrig3,0.0,-0.17979321,-0.051475756,-0.048103057,-0.2542127
4930484H19Rik,0.0,0.04849914,0.08251414,0.20077994,0.061672285
Atp23,0.0,0.15582114,0.03702642,0.119454,-0.10248449
Ctdsp2,0.0,0.31748545,0.29307765,0.2672335,-0.11216353
Avil,0.0,-0.34319836,-0.19427401,-0.19881514,-0.1885213
Tsfm,0.0,-0.2861833,-0.010902882,-0.09889524,-0.13587889
Eef1akmt3,0.0,-0.09469649,0.030591602,-0.06176576,-0.069731295
Mettl1,0.0,0.025745235,0.090221584,0.106568135,0.10516781
March9,0.0,-0.088101886,-0.06628334,0.05571058,-0.09031874
Cdk4,0.0,0.07549208,0.035131782,0.09361219,0.12487337
Tspan31,0.0,-0.19120185,0.07154272,0.043789007,-0.19742215
A730063M14Rik,0.0,0.058574885,-0.18153033,0.23863912,0.049521197
Agap2,0.0,0.19743882,0.05855873,0.017377973,-0.003616713
Os9,0.0,-0.36343837,-0.03963902,0.0031598397,-0.13792604
B4galnt1,0.0,0.03300573,0.16824159,0.38324416,0.18879785
Slc26a10,0.0,-0.03267683,-0.032362763,-0.03459444,-0.037810612
Arhgef25,0.0,0.2940366,0.27947858,0.1407695,0.078081176
Dtx3,0.0,0.23510519,0.19757582,0.28168082,-0.41813523
F420014N23Rik,0.0,-0.28274888,0.032357536,0.12335778,-0.0983914
Pip4k2c,0.0,-0.010499366,0.074084245,0.06065542,-0.084427014
Kif5a,0.0,0.53506386,0.11455947,0.13623191,0.12454422
Dctn2,0.0,-0.039475262,0.17138873,0.11498219,0.06355163
Mbd6,0.0,0.22979951,0.32093498,0.40402812,0.010169938
Gm20492,0.0,0.07847748,0.10461412,0.008464977,0.19135793
Gm4189,0.0,0.25559953,-0.21795967,0.06342038,-0.17572998
Ddit3,0.0,-0.03518256,-0.034752447,0.11012286,-0.0189358
Mars,0.0,-0.098967694,0.26126754,0.10646772,0.10015606
Gm47200,0.0,0.15523261,0.1593703,0.23659876,0.20611137
R3hdm2,0.0,0.09362686,0.1170661,0.15465815,-0.046206504
Stac3,0.0,0.24163356,0.0975432,0.108669296,-0.075693525
Shmt2,0.0,-0.09913918,-0.045454416,-0.21535131,-0.21186328
Nxph4,0.0,-0.07890816,-0.32272086,-0.3480222,-0.1568997
Lrp1,0.0,0.046800993,0.11606545,0.067727566,-0.15020151
Stat6,0.0,-0.0070296247,-0.074418195,0.03865715,0.03354061
Nab2,0.0,0.07688025,0.047255367,-0.09284909,0.030595066
Nemp1,0.0,0.06380102,0.27640796,0.31045422,0.11614434
Gm16230,0.0,-0.17255294,-0.28662255,-0.25159928,-0.27953315
Myo1a,0.0,-0.063443035,0.018350776,0.00044697803,0.0042105783
Tac2,0.0,-0.50836885,-0.57660484,0.038799226,-0.46919644
Zbtb39,0.0,0.09086496,-0.1695452,0.12585479,-0.081475936
Rdh9,0.0,-0.08806132,0.057807676,-0.02632254,0.04257933
Prim1,0.0,-0.24343255,-0.23680858,-0.21850826,-0.24596691
Naca,0.0,0.12031241,-0.10980108,-0.41493008,0.14687204
Ptges3,0.0,0.30136824,0.19231717,-0.019727737,0.11216553
Gm47438,0.0,-0.016040452,-0.091211185,0.12935673,0.03354603
Atp5b,0.0,0.024956867,0.111412406,0.07539418,0.10993675
Baz2a,0.0,0.05947636,0.29998577,0.28729016,0.14746076
Rbms2,0.0,-0.19257309,0.037443157,0.10497016,-0.24147087
Gls2,0.0,0.077526085,0.020213969,0.15075512,-0.06192246
AC135859.1,0.0,0.060869716,0.048541464,-0.008381039,-0.020265412
Spryd4,0.0,0.11035337,-0.048426695,-0.044167235,0.049834277
Timeless,0.0,-0.043593857,-0.11306504,0.02055876,-0.05871976
Stat2,0.0,0.16514626,0.29071665,0.24883679,0.10382563
Pan2,0.0,-0.09698342,-0.07458925,0.10030384,-0.0855548
Cnpy2,0.0,-0.0033118837,-0.06472762,0.11508839,-0.083622344
Cs,0.0,0.12576765,0.18240166,0.27812487,0.09595825
Coq10a,0.0,0.057471275,0.22925457,0.31680676,0.258518
Ankrd52,0.0,-0.091064155,-0.124227375,-0.059739865,-0.22782002
Nabp2,0.0,-0.19430181,-0.03929706,-0.199896,0.044968527
Rnf41,0.0,0.08887807,0.0155392885,0.067282185,-0.013123706
Smarcc2,0.0,0.16856456,0.23295149,0.24460942,0.07409036
Myl6,0.0,0.19391882,0.3146119,-0.017174318,0.10177445
Myl6b,0.0,0.11904308,0.18210782,0.19902161,0.13563037
Esyt1,0.0,0.029976778,0.06691222,0.1190497,0.13091055
Zc3h10,0.0,-0.02380794,-0.038853295,-0.11745727,-0.09530863
Rpl41,0.0,0.26324418,0.29854128,0.0047522187,0.27748352
Pa2g4,0.0,-0.07808344,-0.18054448,-0.08207584,-0.04089372
Erbb3,0.0,0.11392347,-0.23257226,0.02320156,0.07260551
Rps26,0.0,0.25459376,0.10801886,-0.20574267,0.123424694
Ikzf4,0.0,0.23152134,0.20435826,0.30740437,0.13820493
Gm26876,0.0,-0.031187061,-0.044330485,-0.005049101,-0.014231882
Suox,0.0,0.0974143,-0.0666358,-0.04115555,0.044874925
Rab5b,0.0,0.29162654,0.112466276,0.3586232,0.17455193
Cdk2,0.0,0.29762328,0.08764383,0.45927233,0.09403156
Dgka,0.0,-0.15751323,-0.23707154,-0.13886441,-0.38515353
Pym1,0.0,0.072361186,0.15534888,0.26465514,0.09223627
Gm47093,0.0,-0.06188476,-0.27711672,-0.07319036,-0.17953214
Mmp19,0.0,0.4078111,0.18334778,0.17338485,0.02623272
Tmem198b,0.0,-0.24415576,0.049400307,0.022559242,-0.096551776
Dnajc14,0.0,0.07989524,-0.06557912,-0.10359364,-0.22838467
Sarnp,0.0,-0.1293408,-0.0497425,-0.0018741526,-0.057767417
Ormdl2,0.0,-0.40547815,-0.4464454,-0.47465646,-0.19203237
Gdf11,0.0,0.16503094,0.42299083,0.40961015,0.038950995
Cd63,0.0,-0.0831406,0.02059843,0.12990066,-0.010901414
Rdh5,0.0,0.00069111586,0.08796078,0.16676307,0.1737724
Bloc1s1,0.0,0.18813474,0.12517403,0.12822433,0.13970129
Itga7,0.0,0.21399596,0.4562951,0.57174927,0.17739253
Tespa1,0.0,-0.04050137,-0.051671077,-0.018480685,-0.035937555
Vmn2r84,0.0,-0.009111121,0.06892763,0.08825442,0.116474345
Vmn2r85,0.0,-0.15406378,0.070372365,-0.017295234,-0.017422654
Vmn2r86,0.0,0.06647933,0.0077844113,0.0017962866,-0.018282361
Vmn2r87,0.0,0.1301986,-0.16104831,-0.18392625,0.059462804
Gm31793,0.0,-0.1623516,0.07170658,0.016613716,-0.031023849
Sfi1,0.0,0.08040764,0.1777426,0.2708225,-0.010673866
Drg1,0.0,-0.1338054,-0.08993305,-0.01390465,0.012890284
Eif4enif1,0.0,0.06330384,0.0616966,0.025821693,0.12524788
Patz1,0.0,-0.010099374,0.03325017,0.25217554,-0.08538157
Gm12592,0.0,-0.20749846,0.020672707,0.09152292,-0.023875268
Gm11944,0.0,-0.078945786,-0.15768772,0.17097117,-0.079880804
Pik3ip1,0.0,-0.13716212,-0.09150884,0.01950012,-0.004769774
Limk2,0.0,-0.23887822,0.024767553,0.010463094,-0.11034662
Rnf185,0.0,-0.22904593,-0.17904633,0.0049319826,-0.029457992
8430429K09Rik,0.0,-0.21067621,-0.2332316,-0.064386204,-0.021815062
Pla2g3,0.0,-0.39017034,-0.18149695,-0.3146653,-0.41945392
Inpp5j,0.0,0.024610661,0.2761992,0.06761024,-0.08014997
Selenom,0.0,-0.15182328,-0.13710892,-0.22772247,-0.06880424
Smtn,0.0,0.19921958,0.050927565,0.15241234,0.09883052
Tug1,0.0,-0.035796024,-0.021748036,-0.13593353,-0.040124886
Morc2a,0.0,-0.17388263,0.09393235,-0.08862864,-0.087841086
Osbp2,0.0,0.09273704,-0.20807931,0.15529084,-0.060928814
Dusp18,0.0,0.15035202,-0.20385906,-0.1293312,-0.026767964
Slc35e4,0.0,0.089016356,-0.09571938,-0.17800297,-0.18175425
Tcn2,0.0,-0.13962443,0.103223726,0.23774411,-0.023299366
4930556J24Rik,0.0,-0.23960091,-0.27146173,0.051700644,0.11370477
Pes1,0.0,-0.23520818,-0.13218437,-0.11257076,-0.15062968
Gal3st1,0.0,0.1690386,0.14478749,0.021084778,0.03234925
Mtfp1,0.0,0.3689758,0.45956573,0.16285238,0.082108214
Sec14l2,0.0,0.037315637,0.26728922,0.23062558,0.126358
Rnf215,0.0,-0.14076453,0.32225332,0.042137858,-0.033335917
Ccdc157,0.0,-0.16767447,-0.17452307,-0.012631623,-0.04964371
Sf3a1,0.0,-0.047214434,0.026544236,-0.056637757,-0.033811405
Tbc1d10a,0.0,-0.15041226,0.23779777,0.17204933,0.010334931
Castor1,0.0,-0.2613848,-0.10421232,0.007415005,0.08782604
Mtmr3,0.0,-0.050262287,0.005122222,0.05642509,-0.031514324
Ascc2,0.0,0.29495907,0.090658575,0.37429225,-0.22907768
Uqcr10,0.0,0.19087273,0.19868279,0.013975479,-0.057016253
Zmat5,0.0,-0.057749115,-0.028366461,0.11754212,0.07779278
Cabp7,0.0,0.038095515,-0.088941485,-0.073928684,-0.020578356
Nf2,0.0,-0.32772464,-0.17435023,-0.26418552,-0.30392176
Nipsnap1,0.0,0.10754205,0.201183,0.28587008,0.04782045
Thoc5,0.0,0.032542065,0.25212455,0.22010192,-0.101861686
Nefh,0.0,0.58156234,0.3062664,0.20125382,0.4634
Ap1b1,0.0,0.13243903,0.0031071901,0.07159762,-0.020397082
Gas2l1,0.0,0.11200911,-0.08585888,0.27866066,-0.24504872
Rasl10a,0.0,-0.1056728,-0.18624464,-0.04205866,-0.07823836
Ewsr1,0.0,0.35530126,0.19586061,0.37153995,-0.064414084
Rhbdd3,0.0,0.20478472,-0.036655895,0.21226507,-0.21546294
Emid1,0.0,-0.053000122,0.034733437,0.09137944,-0.04479105
Kremen1,0.0,-0.18898845,0.14851615,0.07184874,0.010225832
Znrf3,0.0,-0.19736147,0.008356135,-0.18565165,-0.113803744
Gm11963,0.0,-0.13090564,0.15050165,-0.16235507,-0.13317373
Xbp1,0.0,-0.18246344,-0.121488914,-0.19183007,0.057856232
Ccdc117,0.0,0.009718332,-0.04067151,-0.18894611,-0.18355075
Mrps24,0.0,0.105871335,0.18267061,0.03139112,0.04305394
Urgcp,0.0,-0.3184468,-0.028714595,-0.032668345,-0.079788394
Dbnl,0.0,0.17987241,0.23558396,0.01637698,0.010407537
Polm,0.0,-0.0041785575,0.18203852,-0.07082148,0.018378422
Aebp1,0.0,-0.09598316,-0.03801627,0.0010837168,-0.17582302
Pold2,0.0,-0.04750885,-0.10915838,-0.37595928,-0.33351767
Gck,0.0,-0.016048536,0.04858593,-0.058306977,-0.07987084
Ykt6,0.0,0.31220415,-0.012075856,0.27878276,0.19528046
Camk2b,0.0,0.32309514,0.20088606,0.02565892,0.16651598
Nudcd3,0.0,-0.09308475,-0.09874897,-0.18950224,-0.22056797
Ddx56,0.0,0.010360293,0.13020779,0.14765093,0.0020793155
Tmed4,0.0,0.055016026,0.026204668,0.12818484,0.07671325
Ogdh,0.0,0.022958703,0.073810875,0.038153544,0.010088064
Zmiz2,0.0,0.12327835,0.072629064,0.03898345,0.1000998
Ppia,0.0,0.110221095,0.060606055,-0.21554872,0.18657629
H2afv,0.0,-0.070360854,0.14446574,0.29115754,0.088709004
Purb,0.0,0.6158305,0.26905346,-0.012805015,0.42176315
Gm11973,0.0,0.007074874,0.016360857,-0.1134257,0.07670364
Snhg15,0.0,-0.18279132,-0.012785226,-0.041761387,-0.13452756
Ccm2,0.0,-0.13412075,0.13283105,0.21156885,-0.06447835
Nacad,0.0,-0.19086137,0.1073334,-0.016188469,0.08644518
Tbrg4,0.0,0.10680365,0.120333865,0.05392961,0.054630686
Ramp3,0.0,-0.15207016,0.026951265,-0.031969316,-0.04382602
Adcy1,0.0,0.4379476,0.35063535,0.5283067,0.20921849
Igfbp3,0.0,0.029009894,-0.120698184,-0.24456899,-0.13532537
Tns3,0.0,-0.2239721,-0.076673724,-0.20695017,-0.21574111
Hus1,0.0,-0.17126425,0.014179117,-0.07447857,-0.0012315819
Vwc2,0.0,0.08067615,-0.16638309,0.15898657,-0.049031496
Zpbp,0.0,-0.09829058,-0.064130574,-0.17739877,0.022515047
Spata48,0.0,0.07768227,0.098258995,0.06289518,0.21396634
Ikzf1,0.0,-0.1417405,-0.10258284,-0.12454153,-0.030915696
Ddc,0.0,0.39032274,0.3445971,0.18197411,0.087966576
1700042O10Rik,0.0,-0.0071402956,-0.019851545,-0.019506456,0.0860714
Grb10,0.0,-0.016768292,0.24340177,0.20137925,0.049900673
Cobl,0.0,0.16011809,0.09311455,0.4879432,0.01969339
Gm12002,0.0,-0.04107619,0.09711684,0.04772344,0.032084215
Vstm2a,0.0,0.27639297,0.21435761,0.17189954,-0.07135768
Sec61g,0.0,0.13829303,-0.031936266,-0.3259641,0.0010842606
Egfr,0.0,0.00640361,0.36907768,0.070166185,0.104988344
Plek,0.0,0.10804162,-0.07397854,0.2701134,0.11339612
Cnrip1,0.0,-0.26305753,-0.037385464,-0.084705815,-0.11771701
Ppp3r1,0.0,0.05455127,0.021326087,-0.17194471,0.14861232
Wdr92,0.0,-0.08094985,0.032916766,0.06993052,-0.06283309
Pno1,0.0,0.1975176,0.26126233,0.03390445,0.16531898
C1d,0.0,0.16327801,-0.1232846,0.016238011,0.12108998
Etaa1,0.0,-0.065328844,0.096435204,0.11320239,0.18505944
Etaa1os,0.0,-0.14871347,0.15547821,-0.04148762,0.1861889
Meis1,0.0,-0.033336565,0.10651396,0.04193861,-0.037820935
Gm12027,0.0,-0.23015255,-0.06258245,-0.1654084,-0.17657611
Spred2,0.0,-0.09817765,0.15121508,0.014526058,-0.12759435
Actr2,0.0,0.24952921,0.038711622,0.09457566,0.057648487
Rab1a,0.0,-0.0621686,-0.0035052635,-0.029533155,-0.026581157
Cep68,0.0,-0.030131355,0.045612186,-0.07295816,0.032013997
Slc1a4,0.0,0.08682043,0.2874811,0.2580944,0.08080676
Sertad2,0.0,-0.16904669,0.35475308,0.2063341,0.028589897
Aftph,0.0,0.06330311,0.016283028,0.20475438,-0.07849729
Lgalsl,0.0,0.16996595,-0.0805879,0.0036748126,0.008061253
Peli1,0.0,-0.073751345,0.06983475,-0.037484244,-0.004900649
Vps54,0.0,-0.14280023,-0.0024901032,-0.10749237,-0.21928033
Ugp2,0.0,0.25920248,0.3484104,0.2600419,0.15900089
Mdh1,0.0,0.03190077,0.11478989,-0.21410173,0.18597129
Wdpcp,0.0,-0.18897134,0.004753271,-0.09187346,-0.17124955
Otx1,0.0,-0.2554508,-0.045202203,-0.06417753,-0.14205618
Ehbp1,0.0,-0.015215874,0.1332671,0.12073746,-0.022501454
Tmem17,0.0,0.041078538,0.060441718,0.036639914,-0.027760707
B3gnt2,0.0,-0.08598344,-0.123264864,-0.20393647,-0.2706005
9130230N09Rik,0.0,-0.0046677105,-0.0027808808,0.038676213,0.03745774
Commd1,0.0,-0.12442995,0.08249029,-0.15589447,-0.018902728
Zrsr1,0.0,0.5268784,0.030651964,-0.17283688,-0.12382074
Cct4,0.0,-0.060024492,0.060812864,-0.0634965,-0.08575255
Fam161a,0.0,-0.37892315,-0.31656826,-0.28324947,-0.36051667
Gm12059,0.0,-0.004456358,0.0060577528,-0.14234991,-0.023777565
Xpo1,0.0,-0.28074002,-0.1267977,-0.27832904,-0.1830343
Usp34,0.0,0.023379713,0.056880802,0.002223514,0.06844401
Ahsa2,0.0,0.3541469,0.19556999,0.19464639,-0.007434562
1700093K21Rik,0.0,0.08134606,-0.045572303,-0.039142564,0.08124826
Selenok-ps1,0.0,-0.011426382,-0.041756004,0.1400609,0.01044422
0610010F05Rik,0.0,-0.07716833,-0.013705045,-0.08534904,-0.007329501
Pex13,0.0,-0.26794028,-0.2301254,-0.05585017,-0.11840273
Pus10,0.0,-0.102065615,0.035276067,0.2411359,-0.01447992
Rel,0.0,-0.015923232,-0.015693799,0.22490895,-0.095686786
Papolg,0.0,0.2794632,0.18867928,0.32581192,-0.036148295
A830031A19Rik,0.0,-0.07423834,-0.090143114,-0.055387296,-0.08585422
Bcl11a,0.0,0.2481234,0.021654904,0.21367878,0.08152417
Gm12064,0.0,0.029628642,-0.06211653,-0.011785182,0.0156037565
Gm12068,0.0,-0.012949193,-0.019715248,-0.004153518,-0.025463175
5730522E02Rik,0.0,0.08911261,-0.10723777,0.21310855,-0.17278041
Fancl,0.0,-0.058533236,0.24281655,-0.06327915,-0.041316204
Vrk2,0.0,0.061073825,0.013279088,0.070246965,-0.04288365
Ccdc85a,0.0,-0.028040849,-0.011757821,-0.09128163,0.08173126
Gm12082,0.0,-0.2315697,-0.14303716,-0.1271861,-0.093324505
Efemp1,0.0,-0.28305754,-0.20305204,-0.10136229,-0.09547825
Pnpt1,0.0,0.42586482,0.03799978,0.12485718,0.032825544
A630052C17Rik,0.0,0.20302999,0.060517937,0.32043368,-0.02577123
Ppp4r3b,0.0,-0.0045140088,0.10444747,0.043184046,-0.08400822
Cfap36,0.0,-0.1475698,-0.1447725,-0.3505506,-0.18525529
Ccdc88a,0.0,0.13106519,0.07332368,0.07200734,0.07558144
Prorsd1,0.0,-0.048770722,0.044575837,-0.22296932,-0.19850168
Gm12089,0.0,-0.07068074,0.03783425,-0.076643035,0.04021877
Mtif2,0.0,-0.28792378,-0.038804483,-0.064122915,-0.08994885
Rps27a,0.0,0.1605733,0.14246328,-0.2222067,0.22834963
Clhc1,0.0,-0.39689994,-0.29866064,-0.107001424,-0.20508628
Gm12092,0.0,-0.063389756,-0.027624227,0.0049293153,0.12910394
Rtn4,0.0,0.05165156,0.055216834,-0.03249763,0.13022871
Eml6,0.0,-0.0048705935,0.044385348,0.038514435,0.009146325
4931440F15Rik,0.0,-0.09789796,-0.0609121,0.055231337,-0.09580538
Sptbn1,0.0,0.16790576,0.06744743,0.046856053,-0.0020626187
Gm8098,0.0,0.025359076,-0.048976034,-0.034171022,-0.1119748
4930505A04Rik,0.0,-0.020379415,0.016087528,-0.06854921,-0.12282255
Acyp2,0.0,-0.20765181,-0.09936064,-0.056608237,-0.056104947
Psme4,0.0,-0.11407076,0.052833907,0.003862407,-0.04364615
Gpr75,0.0,0.056385383,0.20763081,0.14521156,0.11154847
Asb3,0.0,0.056996018,0.10128429,0.13955379,0.03232447
Erlec1,0.0,0.02733762,-0.026557166,-0.101334974,-0.1451065
Chac2,0.0,0.038942486,-0.07455756,-0.017734302,-0.036928184
Stc2,0.0,0.019674232,-0.05794457,-0.0016847141,0.061306287
Bod1,0.0,0.34375232,0.16544807,0.13631085,0.26537216
D630024D03Rik,0.0,-0.06967316,0.056815706,-0.015332146,0.027422484
Cpeb4,0.0,0.14908054,0.04512223,0.12893566,0.12896025
Nsg2,0.0,0.5543291,0.34034628,0.46941224,0.32728463
Snrnp25,0.0,0.17120844,0.3138541,-0.17346956,0.19098061
Rhbdf1,0.0,0.18123898,0.32592177,0.113339886,-0.08894712
Nprl3,0.0,-0.028181016,0.11065203,0.110609025,0.056604825
Mpg,0.0,-0.31743762,-0.057395875,-0.14253406,-0.38790828
Sh3pxd2b,0.0,0.16145158,0.29499996,0.25954822,0.18422377
Ubtd2,0.0,0.14889307,0.27422658,-0.0036593378,0.11889854
Efcab9,0.0,-0.11609708,-0.0760607,-0.07481803,-0.06400571
Stk10,0.0,-0.06716303,-0.026140608,0.206099,-0.018151172
Fbxw11,0.0,-0.040245116,0.09397238,-0.015203185,-0.0385949
Fgf18,0.0,-0.11259639,-0.015416469,-0.0966987,-0.0043105567
Npm1,0.0,0.07407674,-0.08497059,-0.16815957,-0.057546142
Ranbp17,0.0,0.11324982,0.070445314,0.052488565,0.0070747808
Kcnip1,0.0,-0.37685418,-0.17248069,-0.37391406,-0.3040073
Gm12120,0.0,-0.050589364,-0.060260832,-0.060085885,-0.08105199
Lcp2,0.0,0.037829615,-0.026451293,-0.0016505569,-0.033591926
Dock2,0.0,0.01367484,0.05845733,-0.06154777,0.20352955
Insyn2b,0.0,0.22145578,0.17985673,0.22919792,0.19200784
Spdl1,0.0,-0.038378023,-0.0608178,0.044838198,-0.00020030513
Slit3,0.0,0.10486654,0.015908422,0.054525826,-0.36628667
Gm12122,0.0,-9.3193725e-05,-0.018313173,0.025906691,0.03988961
Pank3,0.0,0.20617756,-0.022537224,-0.07302982,0.08417446
Fbll1,0.0,0.17605951,0.13912755,-0.1400283,-0.04838375
Rars,0.0,0.17179126,0.06668008,0.21120998,-0.18436374
Wwc1,0.0,0.033117652,0.23787768,0.16488013,0.1231046
Tenm2,0.0,0.31877464,0.30546752,0.4432702,-0.2114049
Mat2b,0.0,0.012968421,-0.021247342,0.042063057,0.06583009
Nudcd2,0.0,0.13320026,-0.03867258,0.045208447,-0.057208978
Ccng1,0.0,0.16720754,0.04290633,-0.2365526,-0.12779164
A230004M16Rik,0.0,0.108780935,-0.04164485,0.10749102,0.059928037
Gabrg2,0.0,0.17085755,0.11358476,0.2130007,0.046709985
Gabra1,0.0,0.34898305,0.16427186,0.1716345,0.0072218627
Gabrb2,0.0,0.4487877,0.1888467,0.49446678,-0.06052795
Atp10b,0.0,0.091083094,0.056537494,-0.0013513863,0.12233594
Gm12146,0.0,0.040114023,-0.0152712595,-0.0037976746,0.0320772
Pttg1,0.0,-0.19698825,-0.006061081,-0.18507451,-0.18866004
Slu7,0.0,0.26614797,-0.036538623,0.02720289,-0.039787196
Ccnjl,0.0,-0.284074,-0.1377683,-0.14532351,-0.3391289
Pwwp2a,0.0,-0.070928216,-0.061309718,-0.090740085,-0.0842883
Ttc1,0.0,-0.16162963,-0.031366866,-0.35916826,-0.017055396
Adra1b,0.0,0.09625501,0.047485337,0.3253519,0.16456598
Ublcp1,0.0,0.0993885,-0.010822542,-0.012275286,-0.016596392
Rnf145,0.0,-0.018174432,-0.019830063,0.038221467,-0.021205269
Ebf1,0.0,0.21740511,-0.17170173,0.3189625,-0.060534008
Clint1,0.0,0.05324577,0.055809345,-0.037904896,-0.013418004
Lsm11,0.0,-0.0747052,-0.0069463495,0.051930785,-0.019363396
Thg1l,0.0,0.17493612,-0.054658704,0.07354064,0.18039623
Gm12166,0.0,-0.08310209,-0.07859917,-0.104402065,-0.036270507
Adam19,0.0,0.20981646,-0.060194958,-0.011765894,-0.046029296
Nipal4,0.0,0.108871,0.19798118,0.14544833,0.09442505
Cyfip2,0.0,0.28303024,0.18690234,0.06028209,-0.04085107
Fndc9,0.0,-0.017822107,-0.031566404,-0.11846648,-0.123419836
Itk,0.0,-0.066121876,-0.17143585,0.07476347,-0.006497332
Med7,0.0,0.11755177,0.086896956,0.031350233,0.05507399
Havcr2,0.0,0.033260085,-0.02455823,0.019626377,0.015226861
Sgcd,0.0,-0.07086641,0.37164584,-0.03800585,-0.11678519
Rack1,0.0,0.12418988,0.06694999,0.08442707,0.07544121
Trim41,0.0,-0.18519375,0.10387401,0.17271972,-0.18130675
Trim7,0.0,0.11519736,0.24249564,0.34953043,0.15260005
Irgm1,0.0,-0.23077515,-0.3884779,-0.07530835,0.015555732
Gm12185,0.0,0.01451933,0.0048112012,0.08052212,0.031029146
Zfp62,0.0,-0.010875961,-0.042581543,-0.11692102,-0.06390937
Mgat1,0.0,0.07691878,0.13764092,0.09304998,-0.08256296
Cnot6,0.0,-0.034847334,0.0009816661,0.09851638,-0.03749636
Gfpt2,0.0,0.17094587,0.16160682,0.41591927,0.18904379
Mapk9,0.0,0.35484847,0.07475762,0.124062456,0.24623516
Rasgef1c,0.0,0.027656939,-0.15011357,-0.088897884,-0.105967
Rnf130,0.0,-0.005114071,0.05098109,0.083891116,0.033213735
Tbc1d9b,0.0,-0.2978196,-0.32239103,-0.16160813,-0.22984886
Mrnip,0.0,0.0031875186,-0.000333447,0.074336946,0.01091218
Sqstm1,0.0,0.07261344,0.03686534,0.044507973,0.15302005
Mgat4b,0.0,-0.047848098,0.019144274,0.12956707,0.095113754
Ltc4s,0.0,0.04653865,-0.01829623,0.010553829,0.03203543
Gm26542,0.0,-0.27766365,-0.06220971,0.020768803,-0.21161765
Maml1,0.0,-0.28009072,-0.058285877,0.036094822,-0.2733624
Canx,0.0,0.3338921,0.13906036,0.1326979,0.22260374
Hnrnph1,0.0,0.5162109,0.4155663,0.5831611,-0.008687854
Rufy1,0.0,-0.40876785,-0.2364995,-0.18329082,-0.18667768
Gm12198,0.0,-0.1068925,-0.05481722,-0.14660394,-0.07558876
Adamts2,0.0,-0.011778787,-0.03766595,0.14923806,0.1460189
Zfp354c,0.0,-0.1957194,-0.14805198,0.12728399,0.023069581
Zfp879,0.0,0.16781302,-0.1589529,0.008632895,-0.109815195
Zfp454,0.0,0.0567321,-0.019040462,0.032698765,-0.17615563
Zfp2,0.0,0.04321558,-0.023844868,0.1561192,0.12639539
Zfp354b,0.0,-0.0905435,-0.21186514,-0.08452002,-0.19231871
Zfp354a,0.0,0.1657572,0.10515872,0.1425264,0.021139294
Clk4,0.0,0.19055189,0.043961324,0.013347983,0.0752324
Col23a1,0.0,0.19013545,-0.19160233,0.13741297,0.21936116
Phykpl,0.0,0.394782,0.24783014,0.23861457,-0.08480412
Hnrnpab,0.0,0.42962444,0.22271134,0.060741603,0.01944387
Nhp2,0.0,-0.025348391,-0.010850493,-0.22014923,-0.10979135
Rmnd5b,0.0,0.09779304,0.06800872,-0.17741081,-0.07202709
N4bp3,0.0,0.009564716,0.0476311,-0.09214603,0.084823415
D930048N14Rik,0.0,-0.013456434,0.24943632,0.1842044,0.13786626
0610009B22Rik,0.0,0.055181414,-0.12679198,0.0020824075,0.15604606
Sec24a,0.0,-0.21910653,0.015288215,-0.03838782,-0.27142903
Sar1b,0.0,-0.09029429,-0.10742326,-0.022135818,-0.15088259
Jade2,0.0,0.10809037,0.19544648,0.23472281,0.21917835
Cdkn2aipnl,0.0,0.09194915,-0.04882224,-0.096624196,0.0056587458
Ube2b,0.0,0.22167388,0.16951698,0.27820823,0.011994705
Cdkl3,0.0,0.09052685,0.066458255,0.28390685,0.03794557
Ppp2ca,0.0,0.05901134,0.086414486,-0.11597344,0.19872096
Skp1a,0.0,0.46728218,0.15909433,0.056601375,0.28524503
Tcf7,0.0,-0.14392342,-0.23172009,0.14108372,0.13644148
Vdac1,0.0,0.18375775,0.031435132,-0.2415429,0.08128646
9530068E07Rik,0.0,0.21229309,0.1331983,0.22688445,0.18624204
Fstl4,0.0,0.1873603,-0.049539275,-0.05014439,-0.47378096
Hspa4,0.0,0.15306123,0.113826014,0.021366388,0.06507231
Zcchc10,0.0,0.13017815,-0.14664263,0.016656183,0.036622595
Aff4,0.0,-0.09002095,-0.0042931475,-0.018033687,-0.12372208
Uqcrq,0.0,0.04578755,0.17914224,-0.11753836,0.20851403
Gdf9,0.0,-0.14141521,-0.47875232,-0.13502052,-0.18824953
Shroom1,0.0,-0.084685504,0.07238331,-0.024720717,0.12123141
Sowaha,0.0,-0.04150802,-0.091598116,-0.2201559,-0.09920013
Sept8,0.0,0.10745094,0.031453498,0.034152478,0.10637043
A430108G06Rik,0.0,0.029263293,-0.033339098,-0.00502895,0.023907632
Kif3a,0.0,0.16388784,0.12735987,0.013000652,0.021460965
Il4,0.0,0.28782803,-0.0016613603,0.005256474,0.008215621
Rad50,0.0,0.23040819,0.18283302,0.07563557,0.27644533
Irf1,0.0,0.103008986,0.19392651,0.13269511,0.2240215
Gm12216,0.0,-0.08895076,0.06410535,0.26245594,-0.12584892
Slc22a5,0.0,0.3328908,0.2306565,0.36047918,0.14572792
Slc22a21,0.0,0.18947771,0.09217189,0.30020943,0.027467147
Slc22a4,0.0,-0.08333266,-0.061020106,-0.039397616,-0.14240752
Pdlim4,0.0,-0.17451009,0.17766938,0.045564108,0.06851034
P4ha2,0.0,-0.2348552,-0.044870883,-0.047973655,-0.1515229
Acsl6,0.0,0.19960296,0.08131244,0.2328628,0.016734019
Fnip1,0.0,0.067574464,0.13316111,0.14339598,0.041684195
Rapgef6,0.0,-0.13920747,0.02409812,0.009531773,-0.10864843
Cdc42se2,0.0,-0.07681301,-0.009613395,-0.036450706,-0.044685476
Gm12227,0.0,-0.061278194,-0.25747502,0.0034396946,-0.28998667
Lyrm7,0.0,0.11715925,-0.0637293,0.062002145,-0.08579138
Hint1,0.0,-0.097681925,-0.041785255,-0.413023,0.044792786
Gpx3,0.0,-0.27352592,-0.34257936,-0.3404939,-0.2935138
Tnip1,0.0,0.13230494,0.045014575,0.039647378,0.08816929
Anxa6,0.0,-0.027637228,0.29783052,0.05673734,-0.025311887
Gm2a,0.0,0.22172153,0.116507895,0.2554291,0.06465324
Slc36a1,0.0,0.15482402,0.028263144,0.27194494,-0.099683106
Sparc,0.0,-0.2831667,-0.120459184,-0.23221916,-0.049875088
Atox1,0.0,0.00427597,-0.02160163,-0.24398129,-0.30830982
G3bp1,0.0,0.1141111,0.31137094,0.20524603,0.19728285
Glra1,0.0,-0.088146955,-0.032848418,0.013286706,-0.22942528
Gm12239,0.0,0.056642026,-0.049976066,0.2434514,-0.013154343
Gria1,0.0,0.015852831,0.12430486,0.11067405,-0.038351938
Fam114a2,0.0,0.18833591,0.1806252,0.24001649,-0.06501037
Mfap3,0.0,0.076563485,0.09422121,0.2760202,0.159236
4933424L21Rik,0.0,0.07345103,0.04197228,0.1755028,0.068405494
Galnt10,0.0,0.101058796,0.30384725,0.13762967,0.032506555
2010001A14Rik,0.0,-0.13951212,-0.041358516,0.06707797,-0.1841309
Sap30l,0.0,-0.18925229,0.008772537,0.07768349,0.009140415
Larp1,0.0,-0.08006459,-0.03083434,0.117426604,-0.009443507
Cnot8,0.0,0.03567564,-0.0735964,-0.21611947,-0.059230607
Gemin5,0.0,-0.051886328,0.10376741,0.038813855,-0.08068988
Mrpl22,0.0,0.037701238,0.08718408,-0.18615524,0.016796332
Irgm2,0.0,-0.16521356,-0.15600508,-0.11210953,-0.030075904
Zfp692,0.0,-0.29048854,0.07416086,0.078668155,0.0064350255
Zfp672,0.0,0.35007936,0.2507283,0.36898354,0.26141155
Sh3bp5l,0.0,-0.017560348,0.28316027,0.12071329,0.07131111
Olfr323,0.0,-0.09395775,-0.14834729,-0.050950557,-0.1538325
Gm12258,0.0,0.36520314,0.237594,0.54905474,0.033737093
2810021J22Rik,0.0,-0.29704756,-0.17501369,-0.0515683,-0.255817
Zfp39,0.0,-0.003095748,-0.19780204,-0.006291314,-0.056009084
Rnf187,0.0,0.24343264,0.1310691,-0.06771593,0.16760387
Hist3h2ba,0.0,0.041614875,-0.06612609,-0.05792047,-0.18926081
Hist3h2a,0.0,0.06646325,0.44408804,0.31144285,0.045712367
Trim17,0.0,0.07952742,0.36633655,0.016103983,-0.0934852
2310058D17Rik,0.0,-0.0099061765,0.014152512,0.14470102,-0.020777542
Trim11,0.0,-0.059264705,0.23211655,0.052833088,-0.047856808
Iba57,0.0,0.0066053607,0.105574235,0.044077702,-0.0074696466
Gjc2,0.0,-0.08225325,-0.25162876,-0.05374066,-0.12029186
Guk1,0.0,-0.061762154,-0.023841526,-0.23366794,-0.35293287
2610507I01Rik,0.0,-0.10628981,0.08119749,-0.07945326,0.070202395
Mrpl55,0.0,0.17830238,0.18512718,-0.068855256,0.08073929
2310033P09Rik,0.0,-0.087094724,0.20738159,-0.30081078,-0.13807148
Arf1,0.0,0.1373719,0.13553736,0.08211985,0.3167152
Wnt9a,0.0,-0.21364412,-0.021387408,0.19713555,-0.19427112
Snap47,0.0,-0.0650942,-0.17621107,-0.41102317,-0.106074974
Jmjd4,0.0,-0.038365684,0.26225528,0.050151013,0.00069404393
Zfp867,0.0,-0.4215324,-0.16857977,-0.1679078,-0.22356775
Zkscan17,0.0,0.23231994,0.04231046,0.21001883,-0.14054349
4933439C10Rik,0.0,0.13939588,0.3749826,0.26782748,0.16084608
Mprip,0.0,0.017533004,0.18972702,0.18788223,-0.08557193
Pld6,0.0,-0.009681776,-0.080865905,0.025752092,-0.041624833
Flcn,0.0,0.4828711,0.4826167,0.630299,0.16184756
Gm16062,0.0,-0.030091543,0.11174751,-0.11044558,-0.040129192
Cops3,0.0,0.08836258,0.22066125,0.24811652,0.1294497
Nt5m,0.0,0.16604657,0.04740689,0.028943226,-0.10722551
Med9os,0.0,0.12080823,-0.1425361,-0.087971784,-0.18888369
Med9,0.0,-0.029858425,0.20642483,-0.2768595,0.24469894
Rasd1,0.0,0.1677951,0.049442727,-0.19949056,-0.058384493
Pemt,0.0,-0.12308628,-0.029058337,0.122262076,0.11117658
Rai1,0.0,-0.028164372,0.19436106,0.24573654,0.040572956
Srebf1,0.0,0.23392724,0.34591305,0.23822291,0.053436562
Tom1l2,0.0,-0.033449493,-0.007970259,0.09162969,-0.010853678
Drc3,0.0,0.13522261,0.35293496,0.13771339,0.05606339
Atpaf2,0.0,-0.13731882,-0.25081435,-0.23774798,-0.40594763
Gid4,0.0,-0.091755345,0.18996572,0.1745911,0.11468956
Drg2,0.0,-0.06427671,0.15001175,-0.039018996,0.09921886
Myo15,0.0,-0.12191995,0.11117658,0.21001053,-0.042637683
Alkbh5,0.0,0.3333901,0.27248338,0.2638824,0.3443643
Llgl1,0.0,-0.03618346,0.10172331,-0.011045955,-0.06737625
Flii,0.0,0.13598922,0.009109199,0.23667443,0.04721695
Mief2,0.0,0.015016794,0.3712777,0.13608159,0.2623623
Top3a,0.0,0.013856243,-0.1383536,-0.13129044,-0.2186295
Smcr8,0.0,0.057426635,0.030633798,0.12496333,-0.06550005
Shmt1,0.0,0.22676882,0.11309996,0.044838518,0.15085214
Dhrs7b,0.0,-0.110603414,0.15421489,0.08285403,0.21499744
Tmem11,0.0,0.18328519,0.28059566,-0.10681057,0.15349412
Natd1,0.0,-0.31869242,-0.29263234,-0.0140986815,-0.023549616
Map2k3os,0.0,-0.01843799,-0.13760026,0.113414206,-0.12286241
Map2k3,0.0,-0.16718765,-0.07227908,0.05201575,-0.13531977
Kcnj12,0.0,-0.14943238,-0.07584346,-0.04684388,-0.1728576
Tnfrsf13b,0.0,0.01630119,-0.013169235,0.032249264,0.027288705
Usp22,0.0,0.20090733,0.24631993,0.17485692,0.10882886
Aldh3a2,0.0,0.18737893,0.10415511,0.3909365,0.18043996
Gm45605,0.0,0.033066213,-0.11159666,0.2325265,-0.07243033
Rnf112,0.0,0.34225368,0.22941747,0.30710593,-0.16257875
Mapk7,0.0,0.17405716,0.1620677,0.38397035,0.21920513
B9d1,0.0,-0.17837635,-0.1286773,-0.095207326,0.0059614405
Epn2,0.0,0.0736821,-0.010171607,-0.027434193,-0.06250048
Slc5a10,0.0,-0.022088349,-0.012632204,-0.00047245715,0.02657828
Prpsap2,0.0,0.09175202,0.058460843,0.13101435,0.016532905
Ulk2,0.0,0.0892458,0.15490118,0.2568076,0.09508572
A530017D24Rik,0.0,-0.07534917,-0.3127399,-0.20748867,-0.41068864
Akap10,0.0,-0.19091538,-0.052913982,-0.02874003,-0.0806063
Specc1,0.0,0.0876202,0.2037302,0.20595774,0.046891272
Adora2b,0.0,-0.18704626,0.06294044,-0.042666122,0.31916648
Zswim7,0.0,0.0051458254,-0.0025339052,0.14913878,-0.06683265
Ttc19,0.0,0.041295476,0.094654776,0.07442866,0.0907045
Ncor1,0.0,-0.0035414398,0.055703774,0.0437963,0.038796127
Pigl,0.0,0.093705915,0.012472101,0.15792339,0.02545891
Cenpv,0.0,-0.027018204,0.085508935,0.10962275,-0.16786125
Gm12279,0.0,0.2701444,0.002645418,-0.07894057,0.026048012
Ubb,0.0,0.0018451363,0.03814112,-0.38844508,0.19781764
Trpv2,0.0,0.12672542,-0.015705794,0.2665249,0.07739915
2410006H16Rik,0.0,0.12796558,0.12530488,-0.1758607,0.24008152
Lrrc75a,0.0,-0.01398436,0.14586312,0.30372345,-0.0088477805
Lrrc75aos2,0.0,0.15574871,0.11985497,0.020547152,0.05197094
Mmgt2,0.0,0.3762323,0.18724073,0.54038143,0.39129913
Zfp287,0.0,-0.031839244,0.122048765,0.09583533,-0.044439048
Zfp286,0.0,0.1331279,0.1698035,0.24602823,0.23379005
Fbxw10,0.0,-0.23992991,-0.2894645,0.15576674,0.03482241
Tvp23b,0.0,-0.32050303,-0.46822578,-0.13932158,-0.13378516
Tvp23bos,0.0,-0.007873464,-0.15630725,0.17567587,0.0436899
Pmp22,0.0,0.062286165,-0.02843875,-0.22844577,-0.0637638
Cox10,0.0,-0.11493703,0.063120164,-0.114020936,-0.07299136
2810001G20Rik,0.0,0.065931216,0.060188018,0.21332511,0.07737513
Hs3st3a1,0.0,-0.17872924,-0.036172494,0.104353316,-0.098536976
Elac2,0.0,0.029025258,-0.14272557,0.0056759724,-0.05485094
Arhgap44,0.0,0.20725282,0.38067096,0.014870197,-0.059393942
Myocd,0.0,0.0046763755,0.0476534,0.016103739,-0.020143162
Map2k4,0.0,0.04823157,0.06481254,0.1079674,-0.04384827
Zkscan6,0.0,0.21709882,0.2018137,0.30701044,0.24268891
Dnah9,0.0,-0.11845486,-0.0725416,0.114498146,-0.024730062
Gm12296,0.0,0.28267613,-0.03268832,0.13570537,-0.040399775
Shisa6,0.0,0.3810775,0.30027652,0.5167192,-0.08665931
Tmem220,0.0,0.1030493,0.0409417,0.14080475,0.16320004
Adprm,0.0,0.14080721,0.12727295,0.19482091,0.1566838
Sco1,0.0,-0.0037790556,0.008310759,-0.17473327,-0.12868069
Gas7,0.0,0.45508385,0.049323246,0.11222931,-0.031465575
Glp2r,0.0,0.14965479,-0.08723742,0.03021654,-0.115060635
Usp43,0.0,-0.07618377,-0.028147057,-0.108075626,0.01713156
Cfap52,0.0,0.044485167,-0.008897033,0.01025318,0.035053074
Stx8,0.0,-0.18687795,-0.01261477,0.045982715,-0.11218565
Ntn1,0.0,-0.16730256,0.09005799,-0.15324758,-0.35226816
Pik3r5,0.0,0.027914252,-0.04396177,0.03051497,-0.017505772
Pik3r6,0.0,0.0030268515,-7.0730224e-05,0.019684564,-0.01756794
Myh10,0.0,0.24267855,-0.008827798,-0.11917869,-0.17646137
Ndel1,0.0,-0.011701979,-0.01869364,0.0035378858,-0.049265884
Rpl26,0.0,0.08574835,0.076822795,-0.25101638,0.11940749
Arhgef15,0.0,0.16233273,0.098016724,-0.071640216,-0.12695973
Slc25a35,0.0,-0.11753128,0.12066737,-0.2590689,-0.2890675
Rangrf,0.0,-0.07790456,0.059032038,0.10244678,-0.013297889
Pfas,0.0,-0.046199236,0.08723889,0.07115364,-0.12992118
Ctc1,0.0,-0.036533467,0.008433934,0.039719798,0.09105869
9330160F10Rik,0.0,0.07481956,0.010609128,0.13276482,-0.06279363
Borcs6,0.0,0.21835773,-0.022555605,0.0401232,0.07492023
Tmem107,0.0,-0.21387315,-0.13018195,0.0335504,-0.1342882
Vamp2,0.0,0.22150013,0.26187712,-0.023897126,0.006718591
Per1,0.0,-0.27342936,-0.23315094,-0.18799908,-0.21998748
Hes7,0.0,-0.01252991,0.07100261,0.1085376,0.024813246
Aloxe3,0.0,0.05653178,0.021352196,0.028867116,0.010224458
Alox8,0.0,0.07725248,0.029927116,-0.09218359,0.09265891
Gucy2e,0.0,0.25664115,0.13870618,0.131949,-0.049163654
Cntrob,0.0,0.07026679,-0.07099521,-0.020514742,0.038045835
Trappc1,0.0,-0.06539762,0.0052073635,-0.049147423,0.083356515
Kcnab3,0.0,-0.14668444,0.12019399,-0.015228108,0.053907014
Kcnab3os,0.0,0.03737782,-0.038564667,0.19368613,0.08912356
Rnf227,0.0,0.5205027,0.23701338,-0.10172984,0.31946692
Chd3,0.0,0.27359766,0.06230045,-0.033722416,0.06240529
Cyb5d1,0.0,0.037264302,-0.15341459,-0.11598386,0.04338073
Naa38,0.0,0.2527743,0.02917914,0.039819874,0.17077677
Tmem88,0.0,-0.11471033,-0.14134234,-0.08571062,-0.19177112
Kdm6b,0.0,-0.1957373,0.096159264,-0.18011531,-0.09124775
Dnah2,0.0,-0.29588604,-0.18497503,-0.22692135,-0.2972576
Efnb3,0.0,0.13393477,0.24940394,0.044886366,0.088189095
Wrap53,0.0,0.011468515,0.2953149,0.27945042,0.1875762
Trp53,0.0,0.3107039,0.17362809,0.29730302,0.2194591
Atp1b2,0.0,0.108126834,0.032556683,0.16518648,0.088127635
Sat2,0.0,-0.09316956,0.009344995,0.12757204,0.10923877
Fxr2,0.0,0.4252532,0.4143816,0.2929818,0.013734221
Mpdu1,0.0,-0.1955583,-0.22730538,-0.24829355,-0.28729063
Cd68,0.0,-0.06514088,0.07004151,-0.15513466,-0.16179107
Eif4a1,0.0,0.06751981,0.13537544,-0.1552328,0.15471351
Senp3,0.0,-0.032869674,0.013873111,0.16064979,-0.10047312
Tnfsf13os,0.0,-0.21580389,-0.20173948,-0.11591407,-0.15855291
Tnfsf13,0.0,0.11553004,-0.13750835,-0.046088018,0.045652486
Tnfsf12,0.0,-0.026949495,0.033185408,0.15381967,0.015671715
Polr2a,0.0,0.14420407,-0.0028790087,0.36754715,0.081503354
Zbtb4,0.0,0.16779399,0.2893995,0.0076262355,0.09079392
Chrnb1,0.0,-0.1119649,-0.004511535,-0.06941878,-0.13273662
Fgf11,0.0,0.26792735,0.08777017,0.3971125,-0.058787853
Nlgn2,0.0,0.34426618,0.2607137,0.3632306,0.058762476
Tmem256,0.0,0.31578925,0.24063772,0.29216847,0.004714653
Plscr3,0.0,0.047141254,0.2832615,0.5517235,0.15980515
Neurl4,0.0,0.28288186,0.42131853,0.33860555,-0.00046554208
Gps2,0.0,-0.2452505,-0.13678278,-0.20074295,-0.40192863
Eif5a,0.0,0.18591622,-0.07993385,-0.339117,0.08695698
Ybx2,0.0,0.07329884,-0.08989099,0.07900676,-0.059663434
Elp5,0.0,-0.20482627,-0.1146761,0.06544849,0.04258875
Ctdnep1,0.0,0.038531758,0.20127927,0.16229081,0.07863088
Gabarap,0.0,0.19769256,0.14909567,-0.09445399,0.14883506
Phf23,0.0,0.06458763,0.21603271,0.041613646,0.13508214
Dvl2,0.0,-0.1527347,0.011970598,0.000820037,-0.25986716
Acadvl,0.0,-0.09726981,0.27727646,0.15366948,0.10710671
Dlg4,0.0,0.09047705,0.24615945,0.20542467,0.011024967
Slc16a11,0.0,0.3234138,-0.21662587,0.20110035,-0.05775124
Slc16a13,0.0,-0.0024258532,-0.023315702,-0.030622799,0.13751169
0610010K14Rik,0.0,0.16053246,-0.09879251,0.012626436,0.017043106
Rnasek,0.0,-0.23455733,-0.29795563,-0.07995954,-0.029932814
Pelp1,0.0,-0.19710523,-0.15110439,-0.16242817,-0.11224596
Arrb2,0.0,0.16797516,0.13514537,-0.00028971583,-0.12425646
Med11,0.0,0.16515955,-0.03581292,-0.05829575,-0.072700486
Psmb6,0.0,0.29190752,0.21326187,0.034347743,0.07026118
Pld2,0.0,0.17049223,0.2587749,0.18362805,0.07797842
Mink1,0.0,0.04435388,0.020854272,0.012389986,-0.23428582
Slc25a11,0.0,-0.044233788,0.06546032,0.028748743,-0.08058187
Rnf167,0.0,0.094046816,0.1771425,0.31191832,-0.02552402
Pfn1,0.0,-0.16527565,-0.15004945,-0.24056892,0.017929513
Gm12319,0.0,0.03938301,-0.0045372043,-0.05857251,-0.05753693
Eno3,0.0,-0.06749002,-0.11254855,-0.013417539,0.036395222
Spag7,0.0,0.11292354,0.1676426,-0.0017199516,-0.03452252
Camta2,0.0,0.1062341,0.026525972,-0.06677517,-0.15408793
Inca1,0.0,0.14068094,0.23191875,0.32134584,0.080997914
Kif1c,0.0,0.31797627,0.35759872,0.33288267,0.0038519204
Zfp3,0.0,0.026272422,-0.1352596,0.113698885,-0.018873144
Rabep1,0.0,0.080565795,0.1040667,0.2062928,0.14695922
Gm19967,0.0,0.36810815,0.21617305,0.3932471,0.27238706
Nup88,0.0,0.36762056,0.27735782,0.16482794,0.050582007
Rpain,0.0,0.2715217,0.18264103,0.28752744,0.23870242
C1qbp,0.0,0.14933318,0.24080634,0.13062261,-0.03469263
Dhx33,0.0,0.5086631,0.44561762,0.42938036,0.2667302
Derl2,0.0,-0.3247065,-0.19073667,-0.13636015,-0.33979875
Mis12,0.0,0.1197438,-0.0454932,-0.20790452,-0.08738921
6330403K07Rik,0.0,0.31031013,0.09314752,-0.36891806,0.21369644
Nlrp1b,0.0,-0.049177557,-0.010169918,0.0029116129,-0.0036087106
Gm12324,0.0,0.01847168,-0.18876892,-0.15304732,-0.038580675
Gm12326,0.0,0.20948346,0.094737336,0.28727764,0.15309596
Wscd1,0.0,0.1620529,0.19118531,0.26335195,0.14592133
Pitpnm3,0.0,-0.09880024,0.12949158,0.12118739,-0.08231862
4933427D14Rik,0.0,0.30399853,-0.06697975,-0.024011262,-0.15013131
Gm43951,0.0,0.025248952,-0.034823358,-0.020103412,0.032394998
Txndc17,0.0,0.094760455,-0.11231138,-0.24559,-0.028200824
Med31,0.0,-0.2008375,-0.22711818,-0.13126123,-0.013151273
4930563E22Rik,0.0,0.16489063,-0.10842699,0.11660991,0.010500781
Slc13a5,0.0,0.22504313,0.3678795,0.32884195,0.1656532
Xaf1,0.0,-0.08778924,-0.28543857,-0.21474524,-0.30259505
Tekt1,0.0,0.07321313,0.12408284,0.13144533,0.057856105
Mybbp1a,0.0,0.18289165,0.33133626,0.086877875,0.0092006475
Spns2,0.0,-0.0802724,-0.1698451,-0.13255462,-0.2870217
Spns3,0.0,0.036810353,0.020723464,0.028172076,0.033457693
Ube2g1,0.0,-0.01759538,0.07922824,0.12116313,0.015855297
Ankfy1,0.0,0.10632253,0.14997452,0.17265905,-0.055455312
Cyb5d2,0.0,-0.060637463,-0.12077537,0.25002357,-0.05252954
Zzef1,0.0,-0.07313144,0.045597997,0.10444093,-0.028945543
4732414G09Rik,0.0,-0.024396205,0.13514455,-0.15357542,0.00915246
Camkk1,0.0,0.41220585,-0.09315268,-0.11107319,-0.20449656
Ncbp3,0.0,0.030091383,0.14126703,0.118185855,-0.074924886
Itgae,0.0,-0.051840357,-0.05401875,-0.08148329,-0.06718505
Emc6,0.0,-0.046644457,-0.19325757,-0.1381875,-0.13481846
Tax1bp3,0.0,0.03741802,0.05887354,0.010099269,0.055266
Ctns,0.0,-0.08208108,0.0965148,0.26370388,-0.17079176
Shpk,0.0,0.017477395,-0.15957431,0.085984826,-0.2093122
Trpv3,0.0,0.06176105,-0.038610093,-0.064525135,-0.02232498
Aspa,0.0,0.47710627,0.41936955,0.43448675,0.5012525
Rap1gap2,0.0,0.077734515,0.21936464,0.2813183,0.06967132
Ccdc92b,0.0,-0.05787179,-0.0038697552,0.009594713,-0.13479966
Cluh,0.0,0.43401635,0.4765829,0.32540837,-0.022743672
Pafah1b1,0.0,0.0912325,0.10235391,-0.005504608,0.059920542
Mettl16,0.0,-0.025881521,0.17681502,0.12890449,-0.08583402
Mnt,0.0,0.07849383,-0.12623325,0.17750232,-0.07440776
Sgsm2,0.0,0.054358687,-0.06124313,0.099405184,-0.13709277
Tsr1,0.0,0.045233555,0.06717699,-0.017421275,0.030125678
Srr,0.0,-0.17070737,0.17888707,0.13650447,-0.0368532
Smg6,0.0,0.01831296,0.08000219,0.11910867,-0.0077625513
1700016P03Rik,0.0,-0.17814203,0.004958771,-0.19394371,-0.10716928
Ovca2,0.0,-0.10603684,0.026000887,0.073642984,0.02610752
Dph1,0.0,0.100939974,-0.15105806,-0.15934908,-0.09926173
Rtn4rl1,0.0,-0.1139133,-0.29701194,-0.024777208,-0.26891002
Rpa1,0.0,0.09630461,0.20841879,0.35206866,0.099787414
Smyd4,0.0,0.23726429,0.24495198,0.4409609,0.115648896
Serpinf1,0.0,-0.15688843,0.23428357,0.007916044,-0.027597327
Wdr81,0.0,0.005601622,0.08277501,0.12229766,0.10562592
Mir22hg,0.0,0.5575702,0.37982503,0.23797816,0.22455052
Prpf8,0.0,0.16792372,-0.106608644,0.23478284,0.11009146
Rilp,0.0,0.043605335,0.0021694526,0.11446377,0.03266758
Scarf1,0.0,-0.15282679,-0.14866611,0.073889606,-0.11973047
Gm45606,0.0,0.09625375,0.036751553,0.079010285,0.05615931
Slc43a2,0.0,-0.3389523,-0.12167101,-0.33003807,-0.3546654
Pitpna,0.0,0.05931639,-0.074356854,-0.092923775,-0.018000834
4931413K12Rik,0.0,0.0102405185,-0.10855529,-0.010345312,-0.0067905127
Inpp5k,0.0,0.22000432,0.120223105,0.10426137,0.09630671
Myo1c,0.0,0.028260276,0.20736216,0.36790127,0.14203931
Crk,0.0,0.042292163,0.058817144,0.087257385,0.07824862
Ywhae,0.0,-0.05205375,-0.09396294,-0.32955793,0.015846517
Doc2b,0.0,-0.07543003,0.08793165,-0.06377246,0.081225
Gm12339,0.0,-0.051390097,-0.04745892,-0.040288843,-0.086626515
Rph3al,0.0,0.07443238,0.22812411,0.23594232,0.2034357
Rflnb,0.0,0.13740078,0.26058194,-0.01563792,0.15878835
Vps53,0.0,-0.103851594,-0.22037326,-0.077528186,-0.3292458
Glod4,0.0,-0.051309396,-0.009816069,-0.05186529,-0.008825138
Fam57a,0.0,-0.12157343,-0.00831894,-0.0011346813,-0.09522554
Mrm3,0.0,-0.07634256,0.025032632,0.12842318,0.18465823
Nxn,0.0,-0.47483772,-0.17054221,-0.21341088,-0.040231146
Timm22,0.0,-0.12535514,-0.005650144,0.08681564,0.07499091
Abr,0.0,-0.17070532,0.0983378,0.052977026,-0.04160726
Bhlha9,0.0,0.009061501,-0.0026467498,0.004241137,0.014955254
Gosr1,0.0,-0.06631224,-0.040038303,0.036740124,-0.1483067
Cpd,0.0,0.10960645,0.33829504,0.09401531,0.0067671835
Blmh,0.0,-0.22812164,-0.1004595,-0.050137583,-0.104693025
Nsrp1,0.0,0.00821659,-0.09688411,-0.22750902,-0.002850146
Efcab5,0.0,-0.1686545,-0.14319639,-0.018023048,-0.11942555
Ssh2,0.0,0.07067926,0.20694521,0.08775617,-0.10233706
Coro6,0.0,-0.012180641,0.29688114,0.5237282,0.1483977
Ankrd13b,0.0,0.2540841,0.24558946,0.27537632,0.1941306
Git1,0.0,0.0966144,0.09532547,0.21932845,0.038894422
Trp53i13,0.0,0.13819668,0.1686382,0.07061011,0.2694767
Abhd15,0.0,-0.077717885,-0.058132254,-0.031226201,0.033608552
Taok1,0.0,-0.01522997,-0.054072283,-0.032400154,0.02671355
Nufip2,0.0,0.0332176,0.048738413,-0.07431946,0.072168134
Cryba1,0.0,-0.08405709,-0.09193964,-0.13218659,-0.07527611
Myo18a,0.0,-0.06325765,0.020061232,0.07011426,-0.04310754
Gm10277,0.0,-0.15132403,0.054874536,-0.004360982,0.028045174
Pipox,0.0,0.9171172,0.7454032,0.97949934,0.5781102
Sez6,0.0,0.19510165,0.26917857,0.3674724,0.2506482
Phf12,0.0,-0.058585897,0.11119381,0.112319484,-0.05220121
Dhrs13os,0.0,0.20344454,-0.17422491,-0.06352373,0.11211613
Dhrs13,0.0,-0.093264095,-0.10665753,0.14931194,0.1761238
Flot2,0.0,-0.040890835,-0.07568848,0.15577477,-0.028815709
Eral1,0.0,0.19279821,0.03740348,0.38446492,0.29345235
Fam222b,0.0,-0.30150574,0.04175022,-0.010286928,-0.070567995
Traf4,0.0,0.060645893,0.35893887,0.14867179,0.18540537
Nek8,0.0,-0.08230378,-0.099922016,0.18392861,0.0020825155
Tlcd1,0.0,0.59047365,0.42702165,0.6984562,0.2401223
Rpl23a,0.0,0.29006904,0.099191606,0.006975919,0.41365802
Rab34,0.0,-0.30412275,0.009179186,0.040442802,0.00670343
Proca1,0.0,0.042112082,0.16070858,0.30946958,0.15745437
Supt6,0.0,0.054684035,0.03433922,0.032031626,0.051755756
Sdf2,0.0,-0.09253399,-0.11311589,0.061259802,0.0027730875
2610507B11Rik,0.0,-0.16421327,0.0053094355,0.050921705,-0.17004016
Rskr,0.0,-0.042021398,0.044823077,0.046476685,-0.18135563
Spag5,0.0,-0.21497177,-0.22034587,0.10875024,-0.018902581
Aldoc,0.0,0.10665126,0.13293733,0.04515609,-0.02182497
Pigs,0.0,-0.045540843,0.0025880188,0.1382985,-0.085985556
Unc119,0.0,-0.025223102,0.14062431,0.06863722,-0.22267172
Slc46a1,0.0,-0.12039669,-0.08329989,0.026230786,0.12605427
Sarm1,0.0,0.023367854,0.085470825,0.06814854,-0.12866487
Vtn,0.0,0.12948775,-0.042601466,0.23171234,0.14753489
Tmem199,0.0,-0.16212824,-0.07957706,0.02091108,-0.05110403
Poldip2,0.0,-0.019231267,-0.029238377,-0.029489394,-0.30046132
Tnfaip1,0.0,-0.02427667,0.15230487,0.08051948,-0.20232823
Ift20,0.0,0.49996194,0.42859355,0.48649734,0.16599095
Tmem97,0.0,-0.00760825,-0.33862156,-0.1713458,-0.2592414
Nlk,0.0,0.008143492,0.085318506,0.07868883,0.064938545
Ccnq,0.0,0.2165313,-0.12816164,0.09295594,0.08344925
Lyrm9,0.0,0.20890862,0.09490609,-0.16602683,0.21546705
Lgals9,0.0,-0.05097596,-0.15079932,-0.10327464,-0.10652163
Ksr1,0.0,-0.04423192,0.24039881,0.18196814,-0.059691906
Wsb1,0.0,0.7213369,0.6584612,0.85903203,0.35236543
Nf1,0.0,0.021218136,0.10350138,0.12399736,0.07537179
Omg,0.0,0.19770856,0.17697687,0.20129594,0.10904352
Evi2,0.0,0.07434112,-0.024699325,-0.048682302,-0.23238026
Evi2a,0.0,0.09246428,0.22030278,0.25464773,0.26229835
Rab11fip4,0.0,0.010344751,0.023461156,0.07248474,-0.06633823
Rab11fip4os1,0.0,-0.101032004,0.022740956,0.028759643,0.025424633
Utp6,0.0,0.078671925,0.1048759,-0.053399473,-0.08945148
Suz12,0.0,-0.106061555,-0.016323453,-0.15954524,-0.15075552
Crlf3,0.0,-0.17476213,-0.018650934,-0.12988314,-0.20660697
Atad5,0.0,0.23254743,0.26194248,0.3164734,-0.031022578
Tefm,0.0,-0.037451953,-0.0006482564,-0.0064419657,0.1251965
Adap2,0.0,-0.07615782,-0.23953289,-0.40469766,-0.23858342
Adap2os,0.0,-0.29124454,-0.05470314,-0.31557077,-0.17854303
Rnf135,0.0,-0.11037067,0.055250384,0.07665591,-0.038215183
Rhot1,0.0,0.010957055,0.09272471,0.044725437,-0.046514854
Rhbdl3,0.0,-0.51539505,-0.30153358,-0.12148837,-0.09518145
5730455P16Rik,0.0,0.16887903,0.16001387,0.33622992,0.0540265
Zfp207,0.0,0.1974999,0.14625843,0.09287427,-0.034292206
Psmd11,0.0,-0.15566432,-0.008221458,-0.06750906,-0.12210245
Cdk5r1,0.0,0.26311937,0.32695207,-0.004277155,0.02697809
Myo1d,0.0,0.4741779,0.006364867,0.039870575,0.1617474
C030013C21Rik,0.0,0.0085945185,0.024792057,-0.011326652,-0.0163067
Tmem98,0.0,0.2334651,-0.0015591979,0.3118273,0.15701628
Asic2,0.0,-0.091379106,0.08736066,-0.14626631,0.10893309
Gm11417,0.0,-0.25484744,-0.05529807,-0.27827877,0.06804787
4930527B05Rik,0.0,-0.005247364,0.003564719,0.037038475,0.06832344
Gm11418,0.0,0.003502749,0.11729093,0.08017323,0.14826149
5530401A14Rik,0.0,-0.02193207,-0.08123593,-0.09018032,-0.0343084
Gm31522,0.0,0.0067663193,0.011166825,-0.0059264023,-0.004513031
Tmem132e,0.0,0.22366107,0.0049483776,0.050579205,0.10793152
Cct6b,0.0,-0.0039020926,0.11022574,0.23264715,0.22764096
Zfp830,0.0,0.07233146,-0.15839788,-0.0994346,-0.1486989
Gm11423,0.0,-0.22147802,-0.15071057,-0.28935423,-0.1483518
Lig3,0.0,0.055576753,-0.1762471,0.025050122,-0.22366503
Rffl,0.0,0.14101641,0.2851292,0.5191791,0.17773312
Rad51d,0.0,-0.20808452,0.0905431,0.13087738,-0.028959408
Fndc8,0.0,-0.14732718,-0.18973137,-0.093451925,-0.08915044
Nle1,0.0,0.12196433,0.3597469,0.09885778,0.25872904
Slfn5,0.0,-0.09360178,-0.082942754,0.02362854,-0.06816691
Slfn8,0.0,0.0025709942,-0.08048498,-0.04041884,-0.043536045
AA465934,0.0,-0.16465019,-0.22530149,-0.028931774,-0.234359
Pex12,0.0,0.088694684,0.08289515,0.040187977,0.062333997
Ap2b1,0.0,-0.00388683,-0.038346272,-0.0028047822,-0.10322948
Rasl10b,0.0,-0.08914514,-0.2218483,-0.14135522,-0.45224082
Mmp28,0.0,-0.3418687,0.0665308,0.011883523,-0.12310132
Taf15,0.0,-0.06425926,0.06946692,0.059408378,0.07494764
E230016K23Rik,0.0,-0.014458515,-0.13546808,0.00802294,0.036342215
Wfdc18,0.0,0.25455856,0.06937815,0.11903789,0.28881598
Heatr6,0.0,0.06926727,0.14555992,0.12252802,0.251265
Gm12576,0.0,0.03891208,-0.0041627884,0.11842449,0.090269454
Ddx52,0.0,-0.09966293,0.0117003955,-0.0116431415,0.10205679
Synrg,0.0,0.033884726,0.17492227,0.16047177,0.006104648
Dusp14,0.0,0.070287615,0.027234655,0.06561118,-0.02348923
Tada2a,0.0,0.12917055,0.15440965,0.24412256,0.096913375
Acaca,0.0,0.052474216,-0.007860728,0.044214856,-0.089390725
Gm11437,0.0,0.09297953,-0.23835401,0.10510177,-0.19920175
Aatf,0.0,-0.14621341,0.087940454,-0.0725991,-0.11779117
Mrm1,0.0,0.20657136,0.19143143,0.26001337,0.14605668
Dhrs11,0.0,0.15428972,0.098458946,0.20220049,0.18978122
Ggnbp2,0.0,0.2772352,0.17556378,0.11691673,0.0380715
Pigw,0.0,0.46477246,0.18066967,0.19746661,0.19372426
Myo19,0.0,0.05817794,0.14192149,0.12585914,0.10017288
Znhit3,0.0,0.21674417,0.045209557,0.055026054,0.14941068
Car4,0.0,0.1378715,0.19941548,0.124880865,-0.08559068
Usp32,0.0,-0.06848562,0.0020821467,0.006829858,0.06407928
Appbp2,0.0,-0.02200134,-0.12345956,0.006741978,-0.19192986
Appbp2os,0.0,-0.06953196,0.15995942,0.22626886,0.10348641
Ppm1d,0.0,0.01033783,0.15582234,0.166657,0.052532963
Bcas3,0.0,-0.23569551,0.0129984,-0.033052202,-0.06521709
Bcas3os1,0.0,-0.19301528,0.21186511,-0.21769059,-0.22367269
Bcas3os2,0.0,0.09312752,0.03514615,-0.012541588,-0.026938166
2610027K06Rik,0.0,-0.024732435,0.09148828,0.02288638,-0.1426197
Brip1,0.0,-0.09204659,-0.060901478,-0.03662994,-0.043712597
Brip1os,0.0,0.11545719,0.09501533,0.039678007,-0.04636541
Ints2,0.0,0.08668644,0.17710395,0.11612305,0.09715262
Med13,0.0,-0.14065692,0.0033133887,-0.046697512,0.02663257
Rnft1,0.0,0.03815575,-0.101721495,0.2853864,-0.01268822
Rps6kb1,0.0,0.07896925,0.0035022348,0.019904912,-0.07047129
Tubd1,0.0,-0.12292112,0.118614875,-0.3246294,-0.07149471
Vmp1,0.0,-0.107049085,0.08031688,0.047868524,0.09335505
Ptrh2,0.0,-0.14734317,-0.19081214,-0.13938501,-0.16925085
Cltc,0.0,0.065820426,0.072743535,-0.07843777,0.043577895
Dhx40,0.0,0.050365187,-0.23726693,-0.07285555,-0.17005879
Ypel2,0.0,0.24200922,0.44384027,0.2512512,0.17882879
Gdpd1,0.0,-0.028940592,-0.028998397,-0.110286444,-0.1122393
Smg8,0.0,-0.10190553,0.108006194,0.03621235,-0.05617106
Ska2,0.0,0.06758847,0.08721822,0.08564914,0.08759009
Gm11491,0.0,0.099521965,-0.031874277,-0.026003592,0.045821164
Trim37,0.0,0.10397979,0.075357005,0.096012756,0.011649258
Ppm1e,0.0,-0.06265323,0.19332114,0.118428774,-0.009737968
Rad51c,0.0,-0.3636905,-0.109227955,-0.29864752,-0.2044005
Tex14,0.0,-0.020276349,-0.120566234,-0.18127988,-0.14723082
Sept4,0.0,-0.15159602,0.013692813,-0.14310336,-0.2348799
Mtmr4,0.0,0.0539755,-0.043431967,-0.19263805,-0.08747267
Hsf5,0.0,-0.42794687,-0.23781088,-0.11245776,-0.4037537
Rnf43,0.0,0.08728914,0.16871454,0.124671444,0.1970774
Supt4a,0.0,0.035190936,-0.10274886,-0.004908018,0.13249657
Mir142hg,0.0,-0.11336366,-0.10906221,-0.060652465,-0.06400589
Tspoap1,0.0,0.4558516,0.44642922,0.60514176,0.057301015
Mks1,0.0,-0.2987959,-0.021808527,0.18373281,-0.21883425
Dynll2,0.0,0.6315608,0.16750273,-0.07587311,0.35440958
Gm11508,0.0,-0.06645428,0.22670954,0.44996497,-0.039188907
Srsf1,0.0,0.3467607,0.4391243,0.43270028,-0.113631606
Gm15892,0.0,-0.0095497,0.14647695,0.086203955,-0.042554
Vezf1,0.0,-0.0901807,0.023501273,0.06264962,0.008915264
Cuedc1,0.0,-0.07945128,0.11651442,0.22634998,0.012448199
Mrps23,0.0,0.13044064,0.08927396,0.23921683,-0.11868597
Msi2,0.0,-0.17376678,0.022773594,-0.021992162,-0.016021878
C030037D09Rik,0.0,-0.18901749,-0.077280805,-0.14194842,-0.19453238
Akap1,0.0,-0.097725816,-0.05763895,-0.12047259,-0.22717787
4930556N13Rik,0.0,0.06101,-0.052294053,0.16888724,0.07758206
Scpep1os,0.0,0.004862502,-0.057685066,0.24039857,-0.08251372
Scpep1,0.0,-0.09474168,-0.046444125,0.17609149,0.06602249
Coil,0.0,-0.25460175,-0.2060771,0.035363182,-0.22242749
Trim25,0.0,-0.09344048,0.017166011,0.2216089,0.0022859536
Dgke,0.0,0.29622036,0.34438586,0.5215483,0.21650988
Nog,0.0,0.033955008,0.047822826,0.18395022,0.22256365
Ankfn1,0.0,0.036552906,0.12063092,-0.017564408,-0.14698231
Tmem100,0.0,-0.18700056,-0.40455276,-0.16317067,-0.3159588
Gm45716,0.0,-0.0030467957,-0.047368437,0.08169915,0.01256066
Mmd,0.0,0.079713985,0.091441356,-0.04032077,0.07503369
Hlf,0.0,0.20230862,0.3504349,0.27853352,0.009546965
Stxbp4,0.0,-0.18541723,0.09566834,-0.055028416,-0.16412394
Cox11,0.0,-0.082725756,-0.09468965,0.04207657,-0.21318442
Tom1l1,0.0,0.165369,0.18556815,0.3235938,0.19483049
Car10,0.0,0.05207517,-0.10788872,-0.030463472,-0.03513451
Utp18,0.0,0.24864632,0.13284467,0.044339538,0.10073041
Mbtd1,0.0,-0.017142646,0.18963617,0.11748452,-0.09858393
Nme2,0.0,0.12092007,-0.018049419,-0.31240758,0.0029468983
Nme1,0.0,0.064703025,0.03595745,-0.33878094,0.0677871
Spag9,0.0,0.118508175,0.15005854,0.17727523,0.024442613
B230206L02Rik,0.0,-0.30262393,0.0073711965,0.03865332,-0.046943754
Tob1,0.0,-0.105995305,0.05037463,0.014713287,0.16576204
Luc7l3,0.0,0.07285607,0.23780505,0.23320729,0.12540466
Ankrd40,0.0,0.29236022,0.30160534,0.37587577,0.22999506
Abcc3,0.0,-0.07062757,-0.12013903,0.0007798013,0.029049596
Cacna1g,0.0,0.38249683,0.015016809,0.33286852,-0.17588484
Mycbpap,0.0,0.065350816,0.08910332,0.17348096,0.079796076
Rsad1,0.0,0.1236814,0.12588719,0.121648625,0.1875807
Acsf2,0.0,-0.21494947,0.13529195,-0.107539594,0.0064455066
Lrrc59,0.0,-0.1064648,-0.0022733994,-0.36412764,-0.10479978
Eme1,0.0,0.05384224,0.037872322,-0.005665485,0.010766029
Mrpl27,0.0,-0.1250215,-0.20102698,-0.22486883,-0.014939055
Xylt2,0.0,-0.0038884059,0.046666503,0.13915282,-0.099505804
Gm11542,0.0,-0.21446586,-0.041124284,0.03291203,-0.053529605
Col1a1,0.0,0.37829044,0.033133626,0.27591193,0.31959316
Ppp1r9b,0.0,-0.038443197,-0.041906677,-0.17300986,-0.002360534
Samd14,0.0,-0.07238648,0.022293828,-0.14875862,-0.2836982
Pdk2,0.0,-0.4254601,-0.28252816,-0.31770083,-0.07504514
Itga3,0.0,-0.008210156,-0.2131855,0.16056395,-0.124211244
Kat7,0.0,-0.051323347,-0.14447843,0.016317682,-0.061453536
Gm11520,0.0,-0.37540776,-0.20660962,0.060133055,-0.22175191
Fam117a,0.0,0.006635651,0.33616918,0.28085017,0.24311724
Slc35b1,0.0,-0.34387982,-0.15848017,-0.0969527,-0.15690666
Spop,0.0,0.22887056,0.07841052,0.22671176,0.24417351
Nxph3,0.0,0.03823103,-0.113976724,0.048365857,-0.015287209
Phb,0.0,-0.45695305,-0.19773626,-0.36899918,-0.06598702
Zfp652os,0.0,-0.048582494,0.08883669,-0.1662027,-0.04960157
Zfp652,0.0,0.06124001,0.15865716,0.1051407,0.06856656
Abi3,0.0,-0.07093174,-0.11070803,-0.09499609,0.06949283
4833417C18Rik,0.0,0.03287907,0.020980459,0.13920707,-0.057978146
B4galnt2,0.0,-0.13001865,-0.23741478,-0.17989731,-0.20051005
Snf8,0.0,0.003012538,0.033425167,0.20056185,0.17237678
Ube2z,0.0,0.09253393,-0.01846568,0.0037888587,-0.049302917
Atp5g1,0.0,0.07743463,0.10331387,-0.29425406,0.13794057
Skap1,0.0,-0.08637919,-0.09266005,0.041876726,0.063733116
Snx11,0.0,0.34551138,0.2514693,0.01762712,0.17650834
Cbx1,0.0,-0.029192913,-0.0033816695,0.009579346,-0.06968644
Nfe2l1,0.0,0.42446792,0.10072541,0.17735872,0.28031227
Copz2,0.0,-0.3922456,-0.20341843,-0.082210526,0.02261325
Cdk5rap3,0.0,0.27186194,0.07277193,0.13722211,-0.073382765
D030028A08Rik,0.0,-0.16657695,0.029670082,-0.04691935,-0.041314278
Pnpo,0.0,0.3709744,0.08368037,-0.20701379,0.029926635
Sp2,0.0,0.13009438,0.24754816,0.20683894,0.06470626
Scrn2,0.0,0.15273254,0.028879385,0.05402014,0.086655274
Lrrc46,0.0,-0.04627151,0.0019825455,0.08502874,0.033754677
Mrpl10,0.0,-0.059111893,-0.15634692,-0.09979479,-0.043608993
Osbpl7,0.0,-0.14526069,-0.06574355,0.05946543,-0.21590987
Tbkbp1,0.0,0.18132663,0.20083757,0.39910942,0.09834811
Kpnb1,0.0,-0.09114709,0.060807727,0.1075659,-0.07135715
Npepps,0.0,-0.10225715,0.002075106,0.040767625,-0.009102769
Gm11592,0.0,0.09560187,0.17543891,0.10659818,0.013015538
Mrpl45,0.0,0.26678324,0.08429471,0.2845355,0.19453228
Socs7,0.0,0.05347322,0.2143079,0.18964194,0.017057538
Arhgap23,0.0,0.008940458,0.2881984,0.26021308,0.028078571
4933428G20Rik,0.0,-0.023852183,-0.0055666883,0.004044095,0.0044142995
Srcin1,0.0,0.5305007,0.22631724,0.42731464,0.26657656
Gm11613,0.0,-0.21632928,-0.20810997,0.00048378855,-0.25225645
Mllt6,0.0,0.09601888,0.23832904,0.38143367,-0.080428675
Cisd3,0.0,0.24867028,-0.052788295,0.16613597,-0.00022231042
Pcgf2,0.0,-0.09727239,-0.14796829,0.12454363,-0.006745876
Psmb3,0.0,0.101533,0.10799673,-0.081082724,0.110459834
Pip4k2b,0.0,0.17469586,0.20198041,0.086201146,0.22710767
Cwc25,0.0,-0.06958104,0.09824535,-0.1339351,-0.16835012
1700001P01Rik,0.0,-0.043962035,0.005818378,-0.048601925,-0.034824647
Rpl23,0.0,0.2191738,0.13705878,-0.20695373,0.1447479
Lasp1,0.0,-0.209204,0.18382531,-0.006852839,-0.020312514
B230217C12Rik,0.0,0.024115479,-0.0028406866,0.0063403826,-0.1546168
Fbxo47,0.0,-0.20588967,-0.07970262,-0.072294176,-0.09980826
Gm11630,0.0,-0.130515,0.07880259,-0.11028409,-0.10965912
Plxdc1,0.0,0.1273876,0.30342698,0.1924595,0.11778957
Arl5c,0.0,-0.2023854,-0.3502077,-0.17720297,-0.23470718
Cacnb1,0.0,0.2531618,0.10770594,0.3097896,0.11726747
Gm11629,0.0,-0.01699432,-0.009940757,-0.026959155,0.027472008
Rpl19,0.0,0.15335055,0.066138506,-0.34260002,0.09933318
Stac2,0.0,-0.070332944,0.023525558,0.08469506,0.010245988
Fbxl20,0.0,-0.014547989,0.14611875,0.14474995,-0.08190635
Med1,0.0,-0.16028555,0.00069187954,-0.15703888,-0.17424029
Cdk12,0.0,-0.18370795,-0.02521053,0.059825864,-0.049104393
Neurod2,0.0,0.0006697334,-0.057681803,-0.025765782,-0.02717316
Ppp1r1b,0.0,0.0806126,-0.12168995,-0.067477435,-0.091309674
1700003D09Rik,0.0,0.1264589,-0.0074513406,0.27034685,0.10150234
Stard3,0.0,-0.105458744,0.1382902,-0.045425657,-0.2522426
Pgap3,0.0,0.08543116,0.01553461,0.014599435,0.006029345
Mien1,0.0,0.2485407,0.24163583,-0.09624855,0.36191928
Ormdl3,0.0,0.2273746,0.30340192,0.21267803,0.013784826
Psmd3,0.0,0.2714784,0.25773323,0.4362731,0.11269498
Med24,0.0,0.11695898,0.033070706,0.07489591,-0.064369224
Thra,0.0,0.2786524,0.18364301,-0.06921321,0.1289174
Nr1d1,0.0,0.048274346,0.20492516,0.37090042,-0.14945996
Msl1,0.0,0.31702927,0.42907214,0.4402796,0.28686512
Gm12359,0.0,-0.0006932691,0.13478273,0.26416203,-0.03741414
Casc3,0.0,0.007997908,0.118037775,0.21958295,-0.07026293
Rapgefl1,0.0,-0.02347275,0.017311163,0.008908566,-0.062029287
Wipf2,0.0,-0.08869696,0.08487417,0.2116127,-0.012228027
Rara,0.0,0.18110618,-0.17650655,0.13604109,0.15549214
Igfbp4,0.0,-0.043088026,0.023036994,0.16900903,0.056434367
Smarce1,0.0,0.18259193,0.18679774,-0.0053301305,0.14378138
Krt222,0.0,0.25856173,-0.09311393,-0.060815908,-0.28065515
Krt10,0.0,0.048356123,0.22437528,0.20678027,0.14775899
Gm11940,0.0,-0.12148948,-0.056010615,-0.124544695,-0.05338577
Krt12,0.0,0.10242644,0.058040105,0.076019205,0.043821856
A830036E02Rik,0.0,0.08284734,-0.06928903,0.14382309,-0.021375515
Eif1,0.0,0.14326656,0.027086057,-0.17075531,0.028222226
Hap1,0.0,0.31443247,0.050807483,-0.124033935,-0.0043177456
Jup,0.0,-0.110648215,0.03212241,0.1827399,-0.0775612
P3h4,0.0,0.052667953,-0.01796295,-0.20135343,-0.12858108
Fkbp10,0.0,0.27914366,0.46497154,0.26531583,0.4325084
Nt5c3b,0.0,-0.02599217,0.20826936,0.19321409,0.0107718855
Klhl10,0.0,0.05315567,-0.13940682,0.20181367,0.13913782
Klhl11,0.0,0.43833083,0.014726773,-0.038973525,0.1306607
Acly,0.0,0.11141075,0.036704313,0.05733635,-0.046313934
Ttc25,0.0,0.1376026,0.09047482,0.048232906,0.035639998
Cnp,0.0,0.25659257,0.1058453,-0.22592704,0.23085596
Dnajc7,0.0,0.057599757,0.08725047,0.04136855,-0.15064973
Nkiras2,0.0,0.09637385,0.10811853,0.0024774708,-0.24858937
Dhx58,0.0,0.011061716,-0.050024666,-0.033982,-0.050148863
Kat2a,0.0,0.28566006,0.42191684,0.33031896,0.22575155
Rab5c,0.0,0.26189363,0.16971165,-0.04527609,0.20825964
Kcnh4,0.0,-0.04561738,-0.05875139,0.0078071775,-0.033981808
Ghdc,0.0,-0.07218472,-0.09436151,-0.044096433,-0.1554415
Stat5b,0.0,-0.15988013,-0.084664226,-0.059656233,-0.19529437
Stat5a,0.0,-0.02440568,0.032949887,0.10690632,-0.1167374
Stat3,0.0,-0.18814147,0.21314408,0.09667797,0.011170551
Atp6v0a1,0.0,0.07734514,0.02026137,-0.07768302,-0.17188084
Naglu,0.0,0.13732517,0.11960584,0.11843248,0.21590433
Coasy,0.0,0.12821706,-0.037880085,-0.08831879,-0.31084913
Mlx,0.0,-0.17584069,-0.20766363,-0.16792275,-0.2219058
Psmc3ip,0.0,0.048200235,-0.2988471,-0.21809748,-0.2173526
Retreg3,0.0,-0.326042,-0.039180536,-0.040108554,-0.110677294
Tubg1,0.0,0.17785306,0.033232212,0.23068526,0.060798302
Tubg2,0.0,-0.18570076,0.08275845,-0.14221695,0.115920335
Plekhh3,0.0,0.20277837,0.24030301,0.15658668,0.08513526
Cntnap1,0.0,0.16932309,-0.09003131,0.25499573,0.035096318
Ezh1,0.0,-0.024537146,0.053461954,0.2858461,0.098408915
Ramp2,0.0,-0.07782683,-0.003483351,-0.065605305,-0.09352007
Vps25,0.0,-0.14199442,-0.10793632,-0.069609806,-0.16806608
Wnk4,0.0,-0.051955625,-0.13892195,-0.059452936,-0.06212072
Coa3,0.0,0.25188762,-0.07034979,-0.23833776,-0.07590579
Cntd1,0.0,-0.27930713,-0.15728681,-0.16623206,-0.21662593
Becn1,0.0,-0.1390534,-0.030096898,-0.09663487,-0.10105979
Psme3,0.0,0.27572346,-0.03935977,0.026706267,-0.20519882
Aoc2,0.0,-0.038064633,-0.05068145,-0.12457317,-0.024850445
Aarsd1,0.0,-0.08560228,0.06887917,-0.26984164,-0.07640668
Ptges3l,0.0,0.07597741,0.109867364,0.08686308,-0.020457529
Rundc1,0.0,-0.06914155,-0.0015634205,-0.068434805,-0.07620956
Rpl27,0.0,0.2650823,0.17014116,-0.34751165,0.2246468
Ifi35,0.0,-0.14875457,0.10313776,0.037512794,0.0642273
Vat1,0.0,0.38848528,0.0865802,-0.020470321,0.05691912
Rnd2,0.0,0.58091104,0.26063418,0.28614983,0.30779028
Brca1,0.0,0.13178593,-0.23160698,-0.23770547,-0.1537903
Nbr1,0.0,0.17366329,0.17816356,0.3073023,0.09550215
Tmem106a,0.0,-0.16445419,-0.34069535,-0.09032686,-0.09402718
Rdm1,0.0,0.1334815,0.096026786,0.2795007,0.21452564
Arl4d,0.0,-0.23124942,-0.13010277,-0.327768,-0.18221703
Dhx8,0.0,-0.22557133,-0.17152947,-0.21612564,-0.18371587
Etv4,0.0,-0.093529195,0.08751908,0.21066792,0.17554167
Dusp3,0.0,0.2169991,0.17142951,-0.055048846,-0.123505004
Mpp3,0.0,0.06127859,-0.06406152,-0.08711766,-0.08967486
Mpp2,0.0,0.13604033,0.06770043,0.009185806,0.10708311
Tmem101,0.0,-0.12664899,0.10458773,-0.045944378,0.08368504
Lsm12,0.0,0.040970244,-0.12375381,-0.184272,0.017976597
G6pc3,0.0,-0.2929517,0.16852857,0.037593544,-0.14750843
Hdac5,0.0,0.17620325,0.26105726,0.47845533,0.25771588
BC030867,0.0,-0.06837657,0.06731392,0.14863685,0.0021682642
Tmub2,0.0,-0.094799116,0.17155556,0.15122324,-0.09996949
Atxn7l3,0.0,0.52267134,0.26366377,0.40028906,0.354959
Ubtf,0.0,0.13639867,0.02767191,-0.039287582,-0.12735572
Rundc3a,0.0,0.31932455,0.36626258,0.20181304,0.14784776
Slc25a39,0.0,0.07468527,0.1488744,-0.15760073,0.36460894
Grn,0.0,-0.02882862,0.16895664,0.068529114,-0.002432339
Fam171a2,0.0,-0.0066985115,0.050893698,0.0111730695,0.07729673
Itga2b,0.0,0.045438997,-0.09252844,0.029403465,0.016159045
Gpatch8,0.0,-0.11844248,-0.020580087,-0.16929293,-0.020817552
Fzd2,0.0,0.026623148,-0.15291291,0.08388338,0.19903317
Ccdc43,0.0,0.007267192,0.055426016,0.08342273,-0.000477992
Adam11,0.0,0.2040623,0.23602322,0.24436507,-0.05572705
Gjc1,0.0,0.101260275,0.15182132,0.27857763,0.010510832
Eftud2,0.0,-0.036001205,0.34944656,0.17756109,-0.038224533
Ccdc103,0.0,0.052299786,0.0476052,0.033430293,0.04911702
Gfap,0.0,0.077892914,0.3487497,0.2033584,0.12651691
C1ql1,0.0,0.2395166,0.08571961,0.21087345,0.19233741
Dcakd,0.0,-0.16108215,0.067380376,-0.08022801,-0.06519624
Nmt1,0.0,0.18754728,0.033840545,0.06932157,-0.025697485
Plcd3,0.0,-0.032744564,0.039259985,0.20601884,-0.07672002
Acbd4,0.0,0.03830857,0.24118246,0.11579792,-0.050366126
Hexim1,0.0,0.21794987,0.13734768,0.16423559,-0.10429843
Hexim2,0.0,0.03753475,-0.13448113,-0.02816186,-0.0005441264
Fmnl1,0.0,0.121237986,-0.0012308732,0.15210105,0.049306497
1700023F06Rik,0.0,0.16806683,0.050197307,-0.1443317,-0.2690089
Spata32,0.0,0.045304637,-0.035120472,0.05820576,0.05057184
Map3k14,0.0,0.065144025,0.20739444,0.13554257,0.109516874
Arhgap27,0.0,-0.024806801,-0.09020309,-0.022107568,0.087362245
Arhgap27os2,0.0,0.110018134,0.19579136,-0.03171859,-0.013656564
Plekhm1,0.0,-0.13731557,0.19024946,-0.001242239,-0.02903447
Rprml,0.0,-0.016550109,-0.10752675,-0.08521024,-0.027435012
Gosr2,0.0,-0.18418756,0.018356316,-0.114628494,-0.044446226
C130046K22Rik,0.0,-0.055784978,0.23824728,0.12679555,0.009139806
Wnt3,0.0,-0.22061329,-0.14182617,0.05018962,-0.06059037
Nsf,0.0,0.38098782,0.34574926,0.17866051,0.027244002
Arf2,0.0,-0.05086003,-0.058139082,-0.19662282,-0.17609021
Crhr1,0.0,0.0020651296,0.09530521,0.15121001,0.052411027
Mapt,0.0,0.27484143,0.1782459,0.31618774,0.110507846
Gm11659,0.0,-0.23608506,-0.30126694,-0.12467091,-0.36854124
Kansl1,0.0,-0.22484629,0.09181431,-0.05594363,-0.08689957
Cdc27,0.0,-0.08820547,0.12641844,-0.13174213,-0.07938151
Myl4,0.0,0.03750785,0.050106034,0.0566355,0.17102966
Itgb3,0.0,-0.021858724,-0.075248025,0.026190016,0.0078043584
Gm11639,0.0,0.018721584,-0.12736496,-0.04909806,0.015355352
Mettl2,0.0,0.060751066,0.25667202,0.2927203,0.155442
1700052K11Rik,0.0,0.18750435,-0.13648033,0.03634823,-0.04667263
Tlk2,0.0,-0.1864214,0.021184642,-0.09383886,-0.037659615
Mrc2,0.0,-0.053197708,-0.012768463,0.1751798,-0.18731992
March10,0.0,0.04252039,0.045102097,-0.0078916885,0.018798467
Gm11638,0.0,-0.06624512,-0.024592571,0.055060994,-0.037840415
Tanc2,0.0,-0.013761759,0.12117459,0.082779944,-0.07240912
Cyb561,0.0,-0.025473744,0.10358653,0.19882497,0.065548554
Ace,0.0,0.16906452,0.060851973,0.086762905,0.09843898
Kcnh6,0.0,0.053342633,-0.051008005,-0.049739324,0.0030530915
Dcaf7,0.0,-0.10113868,0.09623973,0.10105985,-0.120341316
Taco1os,0.0,0.10498141,-0.25267375,0.10926908,-0.052222718
Taco1,0.0,-0.1837467,-0.07323098,0.17377666,0.08526114
Map3k3,0.0,-0.17883404,-0.02829421,-0.048702575,-0.105353974
Limd2,0.0,-0.004668288,0.17402062,0.1389458,0.03673596
Strada,0.0,-0.021690845,0.015834834,-0.0034588724,0.008664712
Ccdc47,0.0,0.055252172,-0.027603514,0.1101338,0.071778044
Ddx42,0.0,0.21874438,0.09118984,0.12208253,-0.0027779937
Ftsj3,0.0,0.08206943,0.20433739,0.02765248,0.10383612
Psmc5,0.0,0.12481333,0.10439797,-0.1280232,0.0067809448
Smarcd2,0.0,0.08414596,0.022124693,-0.11596894,-0.04851449
Ern1,0.0,0.19011137,0.26308498,0.23760113,0.10465808
Tex2,0.0,-0.04958141,0.07142886,0.23291707,-0.011153936
Pecam1,0.0,-0.2497268,-0.2848421,-0.04828061,-0.14171383
Milr1,0.0,-0.04153858,-0.035633735,0.14394909,-0.029645517
Polg2,0.0,-0.01089026,-0.00040558726,0.2513238,0.15051085
Ddx5,0.0,1.2297287,0.761361,0.220579,-0.11006558
Cep95,0.0,-0.28957966,-0.08008548,0.0017388612,-0.31448323
Smurf2,0.0,-0.035060644,0.12146013,0.13790584,-0.09171009
Kpna2,0.0,0.04752921,-0.04136926,-0.19822961,-0.06420538
1810010H24Rik,0.0,0.06549154,0.2677487,0.2158659,0.2551285
Bptf,0.0,0.13255766,0.15856673,0.1261206,-0.053987473
Gm11715,0.0,-0.10269929,-0.1682741,-0.124504544,-0.11154687
Nol11,0.0,0.09601121,0.26840356,0.1315648,0.21309401
Pitpnc1,0.0,-0.22764446,0.11941799,0.0555655,0.039229017
Gm11713,0.0,-0.1539753,0.19656713,-0.35700065,0.11601202
Gm11714,0.0,-0.39371786,0.1625514,-0.12997447,0.058669038
Psmd12,0.0,-0.046511494,0.015292791,-0.26798457,-0.0671068
Helz,0.0,-0.058745764,0.11307142,-0.021668829,-0.064338244
Cacng4,0.0,0.07713334,0.15560807,0.064033255,-0.09663883
Gm11650,0.0,-0.24637106,-0.12947729,-0.16419624,-0.15066148
Cacng5,0.0,-0.037888058,-0.01455868,0.058705132,-0.2859156
Prkca,0.0,-0.36556518,-0.15773359,-0.27663743,-0.08501271
Gm11655,0.0,0.086788505,0.36016592,0.112911455,-0.09970376
Apoh,0.0,-0.13195875,-0.4131301,-0.29723495,-0.1620233
Cep112,0.0,0.10355375,0.07961519,0.2133267,-0.18119551
Cep112it,0.0,0.036108967,-0.10330207,-0.0311501,-0.028096616
Axin2,0.0,0.34944278,0.3246886,0.27136627,0.11124669
Rgs9,0.0,0.07155876,-0.090811886,0.08071967,0.008290455
Gm11696,0.0,0.15325013,-0.03737954,0.19281465,0.047148347
Gna13,0.0,-0.02078256,0.049748845,0.012311436,-0.0039525107
Amz2,0.0,0.22366779,0.10082628,0.10064116,0.006761387
Slc16a6,0.0,-0.37645277,-0.09719001,-0.57056844,-0.46642062
Arsg,0.0,-0.22910167,-0.3140089,-0.2884589,-0.4396483
Wipi1,0.0,0.019940354,0.17577937,0.10168793,0.025285825
Prkar1a,0.0,0.1273475,-0.062059864,-0.324761,-0.13167702
Fam20a,0.0,-0.6642535,-0.31224898,-0.6098323,-0.5748886
Abca8b,0.0,0.2493998,0.027455226,0.22541462,0.24304183
Abca8a,0.0,0.1677661,-0.034180485,0.062392365,-0.0058068633
Abca9,0.0,0.13371976,-0.09698957,-0.13756795,-0.07829875
Abca6,0.0,-0.13689771,-0.100296035,-0.1122141,-0.14780149
Abca5,0.0,0.25312102,0.08551151,0.23044829,-0.048299104
Map2k6,0.0,-0.34388155,-0.27369535,-0.4484809,-0.10035685
Kcnj16,0.0,0.07888862,-0.17775667,-0.17008644,0.17278473
Kcnj2,0.0,0.1888524,-0.182888,-0.0544469,-0.07778612
BC006965,0.0,0.08358601,0.1688822,0.13153177,0.10584829
Sox9,0.0,0.54818493,-0.0846723,0.023454428,-0.04197721
2610035D17Rik,0.0,-0.092528895,0.17046796,0.17700076,0.11358479
Slc39a11,0.0,0.106072724,0.12936026,0.124216184,-0.041467674
Sstr2,0.0,-0.14751087,-0.20674632,0.032810617,-0.12247987
Cog1,0.0,-0.11052172,0.14758968,-0.04516645,0.04313254
Fam104a,0.0,0.16202189,0.14227696,-0.07866931,0.119759165
D11Wsu47e,0.0,-0.1661668,0.12908034,-0.07051568,0.016247168
Cpsf4l,0.0,0.08402357,0.27665254,0.22356448,0.1401038
Cdc42ep4,0.0,0.179239,0.33064738,0.33543223,0.19866386
Sdk2,0.0,-0.009947285,0.115764216,0.17449886,0.11904193
4932435O22Rik,0.0,-0.038096204,-0.030076336,-0.0678126,0.028970145
Rpl38,0.0,0.3214814,-0.18156421,-0.37296125,0.19522822
Ttyh2,0.0,-0.31473437,0.050669204,-0.044877745,-0.18270335
Dnaic2,0.0,-0.4223734,-0.09935123,-0.22905381,-0.21559185
Kif19a,0.0,-0.25902027,-0.22370192,-0.04839991,-0.29660296
Btbd17,0.0,-0.020185038,0.32447022,0.15663674,0.3377568
Cd300a,0.0,0.041718096,0.082857236,0.0499442,0.054860577
Cd300c2,0.0,-0.052111298,-0.025967965,0.060541734,0.0020273272
Rab37,0.0,0.22371301,0.051124435,-0.05575879,0.048773807
Slc9a3r1,0.0,0.10755922,0.27259314,0.2750075,0.24115442
Nat9,0.0,0.05238062,0.09846638,0.10992916,0.18189235
Tmem104,0.0,-0.0069682375,0.25204784,0.011149712,-0.14693771
Grin2c,0.0,0.22506088,0.40840974,0.39362818,0.036414012
Fdxr,0.0,0.14930648,0.194395,0.058988288,-0.10048438
Fads6,0.0,0.3493423,0.3184226,0.50764656,0.19927147
Hid1,0.0,-0.06250163,-0.016463332,0.084406324,-0.21532297
Cdr2l,0.0,-0.108366944,-0.09416017,-0.20703457,-0.2308961
Mrpl58,0.0,0.03004492,0.05974557,-0.26138058,0.0073013
Atp5h,0.0,0.23121016,0.19056228,-0.15631297,0.23194133
Kctd2,0.0,0.5755407,0.46006435,0.16562556,0.25523767
Armc7,0.0,-0.077168554,0.025924958,0.23767188,0.21238032
Nt5c,0.0,-0.028497443,0.09265475,0.046926852,-0.16035333
Jpt1,0.0,0.013192855,0.098474175,0.022235066,0.13299781
Sumo2,0.0,0.10525433,0.09112561,-0.017066777,0.12932105
Nup85,0.0,0.12055175,0.21214873,0.16609961,0.10656626
Gga3,0.0,0.083224125,0.096686386,0.21793826,-0.121365
Mrps7,0.0,0.019202646,0.09715031,-0.041201748,-0.001012668
Mif4gd,0.0,-0.027699813,0.36496472,0.35044044,0.20330906
Slc25a19,0.0,-0.07579715,0.02610281,0.10306448,-0.08589985
Grb2,0.0,0.12579942,0.16956702,0.20441398,0.11715055
Tmem94,0.0,0.11694783,0.44289088,0.1671615,0.23054546
Caskin2,0.0,0.15967181,0.29487297,0.36395234,0.11797362
Tsen54,0.0,-0.01008257,0.044082377,-0.011827796,-0.16443387
Recql5,0.0,-0.14346154,0.07188688,0.11428427,-0.2297268
Sap30bp,0.0,-0.0012707412,0.088314116,0.03783411,0.08679769
Itgb4,0.0,0.12411651,0.0679663,0.041240815,-0.109331995
Galk1,0.0,-0.12705085,-0.2672456,-0.100182846,-0.17278123
H3f3b,0.0,0.57025874,0.32676002,0.19615881,0.09304437
Unk,0.0,-0.16745432,0.04025874,0.33213255,-0.21709207
Unc13d,0.0,-0.15358944,-0.11803091,0.045574844,-0.10714153
Wbp2,0.0,0.25430807,0.20546666,0.35968107,0.2552001
Trim47,0.0,-0.1478582,-0.03486549,0.09854385,0.049600177
Trim65,0.0,0.07733569,0.09050781,0.16484945,0.1022804
Mrpl38,0.0,-0.20376602,-0.07428039,-0.36907426,-0.32336056
Fbf1,0.0,-0.02942736,0.018227417,0.110949054,-0.1824246
Acox1,0.0,0.24731514,0.023712218,0.19810498,0.058537766
Ten1,0.0,-0.056772843,-0.08078199,0.17247593,0.021961566
Evpl,0.0,-0.089101136,0.041286536,0.077336416,0.0023642704
Srp68,0.0,0.19234574,0.13202943,0.22736749,-0.21236849
Exoc7,0.0,-0.049077764,-0.15670303,0.13359939,0.10200993
Foxj1,0.0,0.0036313161,0.08853106,0.010882016,-0.035880987
Rnf157,0.0,-0.05114597,0.15826428,0.2764748,0.072699495
Ubald2,0.0,-0.07307714,-0.10204145,0.026917093,-0.1475742
Gm11739,0.0,0.10217142,-0.10747892,0.139119,-0.21459073
Prpsap1,0.0,0.008557938,0.053487297,0.056684144,-0.02000308
Ube2o,0.0,0.2431415,0.4036857,0.21431242,0.11957304
Aanat,0.0,0.0061500557,-0.0027823932,0.06230251,0.015003045
Cygb,0.0,0.08939305,-0.16728443,-0.1681553,-0.03351415
Prcd,0.0,-0.046889767,-0.09257091,-0.12697236,-0.11898473
Snhg16,0.0,0.3521392,0.14134866,0.4125264,0.26648688
St6galnac2,0.0,0.05059037,-0.06306763,0.04077635,-0.03902775
BC018473,0.0,0.08315033,-0.03454549,0.08007083,0.06650327
Mxra7,0.0,0.24846342,0.14264387,0.18020457,0.07951444
Jmjd6,0.0,-0.08760773,0.07782235,0.068551406,-0.1849497
Mettl23,0.0,-0.14884493,0.27353895,-0.15512878,-0.23500466
Srsf2,0.0,0.6531024,0.56025016,0.6269312,0.110896826
Mfsd11,0.0,0.02669096,0.22194304,0.27044892,0.22985516
Mgat5b,0.0,0.27512437,-0.011328772,0.093173236,0.05314012
Snhg20,0.0,0.4359518,0.52337503,0.6116734,0.025890887
Sec14l1,0.0,0.24796195,0.2899609,0.31332526,0.11873515
Sept9,0.0,-0.001625903,0.12311702,0.12464467,0.11969568
2900041M22Rik,0.0,-0.034516238,-0.061246566,-0.044588856,-0.054279137
Tnrc6c,0.0,-0.35515198,-0.12495708,0.043524064,-0.0025501177
Tmc6,0.0,-0.08984729,0.26022285,0.17429437,0.0993499
Tmc8,0.0,0.015778657,0.009032675,-0.0038977042,-0.0069050696
Syngr2,0.0,-0.10759435,0.11057552,-0.12392756,-0.009114537
Tk1,0.0,-0.052714273,0.21932663,0.0755678,0.029556919
Afmid,0.0,-0.14653948,-0.17632115,-0.18343416,-0.2877915
Birc5,0.0,-0.03497055,-0.1244134,0.037782162,0.035230793
Tha1,0.0,0.29096323,0.25059628,0.25246054,0.19534728
Gm11725,0.0,-0.010071207,-0.0107329525,0.0036339993,0.007142147
Socs3,0.0,0.020732954,0.16938582,0.07033877,0.06207917
Pgs1,0.0,-0.0437067,0.14825234,0.16484675,-0.07281463
Dnah17,0.0,0.09798182,0.16456334,0.060067013,0.016574018
Cyth1,0.0,-0.016176663,0.016950646,0.0808925,-0.22818823
Usp36,0.0,-0.08326023,0.16915393,0.11977259,-0.16131154
Timp2,0.0,0.22665477,0.1446255,0.041230902,0.046856225
Lgals3bp,0.0,0.084812984,-0.06259614,0.27120614,0.291368
Cant1,0.0,0.24122891,0.25881022,0.4090542,0.2257693
Engase,0.0,-0.019522637,-0.0861604,-0.043271296,0.026012482
Rbfox3,0.0,0.22374332,-0.15982175,-0.2189415,-0.0651733
Gm11750,0.0,-0.044996098,0.020273466,0.02953746,0.048222553
Cbx2,0.0,0.014359003,0.04923322,0.049805295,-0.014787901
Cbx8,0.0,-0.035240088,-0.1449421,-0.1673147,0.055802003
Cbx4,0.0,0.00017780624,-0.059931472,-0.21304183,-0.06709843
Tbc1d16,0.0,-0.1273602,0.2017661,0.13246879,0.15621403
Ccdc40,0.0,0.07497658,-0.10282151,-0.14489517,-0.09339895
Gaa,0.0,-0.1757521,-0.11730318,-0.011071708,-0.24373047
Eif4a3,0.0,0.117546946,0.09210934,-0.083184734,0.09480747
Sgsh,0.0,-0.060457192,0.11489737,0.13824281,0.13258547
Slc26a11,0.0,-0.04988891,0.105536744,0.13218611,0.061681908
Rnf213,0.0,-0.030525371,0.14775275,0.21327013,0.018504314
A930037H05Rik,0.0,-0.18503948,-0.031567015,0.109637804,-0.16945285
Endov,0.0,-0.05211977,0.16697568,0.1479834,-0.057795145
Nptx1,0.0,0.16124736,0.17964499,0.15790378,0.015657991
Rptor,0.0,-0.08704159,0.16186747,0.071398914,-0.06600064
Rptoros,0.0,0.013572292,0.0985528,-0.04826092,-0.14140232
Chmp6,0.0,0.23099071,0.10920395,-0.02641914,0.08214833
Gm11767,0.0,-0.016803093,-0.057801798,0.12041041,0.051753327
Baiap2,0.0,-0.02469024,0.14677924,-0.078602575,0.05012566
Aatk,0.0,0.17778619,0.17045516,0.22239685,-0.012951806
Cep131,0.0,0.14091875,0.27264422,0.20585924,0.1451736
Tepsin,0.0,-0.029936135,-0.14517513,0.051718213,-0.050800312
Ndufaf8,0.0,0.1473487,-0.12002719,0.03421101,0.11879365
Slc38a10,0.0,0.16117218,0.10371947,0.23982435,-0.07258363
Gm11769,0.0,-0.03498523,0.15201911,-0.020211201,-0.018021375
2810410L24Rik,0.0,0.58270633,0.54201615,0.86152375,0.22779912
2900052L18Rik,0.0,0.5020142,0.3030512,0.6411468,0.31944278
Bahcc1,0.0,0.059133016,0.103389755,0.44512832,0.008894369
Gm11772,0.0,0.19052726,0.16763836,0.41638166,0.17775553
Actg1,0.0,0.46800935,0.42041063,0.20717481,0.38086253
0610009L18Rik,0.0,0.37199014,0.2715184,0.50806963,0.39248627
Faap100,0.0,0.2392582,0.20767823,0.19050401,0.025219217
Nploc4,0.0,-0.17061087,0.016529817,-0.008569498,-0.13469043
Oxld1,0.0,-0.43407324,-0.08839228,-0.1250035,-0.4791993
Ccdc137,0.0,-0.06782119,-0.2386379,-0.2456922,-0.23321661
Arl16,0.0,-0.094976015,0.03836606,0.256475,-0.07733739
Hgs,0.0,0.07200399,0.284133,0.2484533,0.25304618
Mrpl12,0.0,0.061771,0.12180341,-0.19460146,-0.08300689
Slc25a10,0.0,-0.1015436,-0.09118959,0.07414446,-0.005837685
Mcrip1,0.0,0.23074499,0.3116857,0.28618643,0.109998226
P4hb,0.0,0.010461245,0.02453525,0.0663117,0.010784216
Arhgdia,0.0,0.072877795,-0.065654084,-0.099213496,-0.06291088
Alyref,0.0,0.060126334,0.099974096,-0.071224414,0.14010069
Anapc11,0.0,0.22575152,0.044616744,0.2639788,0.15459955
Pcyt2,0.0,-0.31034464,-0.26696852,-0.2225327,-0.12913038
Sirt7,0.0,-0.116317704,0.35540068,0.3818426,-0.13186501
Mafg,0.0,0.09005899,0.22715175,0.22551161,0.057612553
Pycr1,0.0,0.0627682,-0.03440489,-0.037514284,0.047363386
Myadml2,0.0,0.07750471,0.1042,0.10144882,-0.07075466
Myadml2os,0.0,-0.083059646,0.017657463,0.15806057,0.13181365
Notum,0.0,-0.105154745,-0.023342123,0.026059493,-0.10545219
Aspscr1,0.0,0.100785166,0.30112338,0.258362,0.26541546
Gm17178,0.0,-0.15969226,0.13687995,0.31130892,-0.05073809
Cenpx,0.0,-0.003309913,-0.2591462,-0.18204747,-0.18553779
Lrrc45,0.0,0.17121561,0.2841255,0.20802721,-0.081348106
Rac3,0.0,0.14906433,0.24873394,-0.05781319,-0.053113364
Dcxr,0.0,-0.05110559,0.038081665,-0.18682952,-0.19774427
Rfng,0.0,0.073024735,0.4802048,0.2622394,0.08324064
Gps1,0.0,0.11614445,0.2917689,-0.05379951,0.10296673
Dus1l,0.0,0.14431535,-0.07133413,-0.21794064,-0.32159838
Fasn,0.0,0.40277278,0.43404433,0.4067351,0.47961944
Ccdc57,0.0,-0.34767568,-0.076663,-0.08987886,-0.22255024
Slc16a3,0.0,-0.076955184,0.0073731425,-0.08222086,0.034739852
Csnk1d,0.0,0.028557166,0.1571503,0.20763071,-0.017585218
Ogfod3,0.0,-0.08578487,-0.120771006,-0.039069667,-0.2022699
Hexdc,0.0,0.1302038,0.067434736,0.29185802,0.06401597
Cybc1,0.0,0.045980345,0.11268069,0.06295961,0.051110532
Narf,0.0,-0.029842123,0.061890513,0.05477272,0.18602173
Foxk2,0.0,0.112156786,0.26313365,0.17777932,0.08786428
Wdr45b,0.0,-0.110231936,-0.13654749,0.08006215,-0.13776255
Rab40b,0.0,0.055256806,-0.07705804,0.14404093,-0.086769916
Fn3krp,0.0,-0.07762993,0.05223217,-0.07737798,-0.07475271
Fn3k,0.0,0.21508989,0.1481521,0.27831912,0.095543414
Tbcd,0.0,-0.048118703,0.12521407,0.23062667,-0.018714033
Zfp750,0.0,-0.044924796,0.08119442,0.042015713,0.031175993
B3gntl1,0.0,-0.029516533,0.21102004,0.36756253,-0.057912573
Metrnl,0.0,-0.3340034,-0.03224458,-0.1024877,-0.20437874
Rab10os,0.0,0.35296887,0.34508306,0.014088482,-0.18546453
Rab10,0.0,-0.02468159,0.035554014,0.082450286,0.002621673
Gm26520,0.0,0.006962483,-0.091102205,0.008173731,-0.104756534
Kif3c,0.0,-0.02550002,-0.14273372,-0.14995056,-0.13618712
Gm48512,0.0,-0.4635243,-0.44232357,-0.29538262,-0.3866341
1110002L01Rik,0.0,-0.109902754,-0.11808917,-0.14931473,-0.14061597
Asxl2,0.0,-0.080944546,0.014057919,-0.036364697,-0.013468601
Dtnb,0.0,0.11108183,0.123462275,0.24869336,0.027266115
Dtnbos,0.0,0.0013547987,-0.18142426,-0.14363739,-0.27564096
Dnmt3a,0.0,-0.065508455,0.15919462,0.16483432,0.030018836
Dnmt3aos,0.0,-0.10844202,-0.12784149,-0.07664816,-0.11987473
Pomc,0.0,0.049049877,0.11982074,0.073798165,0.14191562
Efr3b,0.0,-0.09215982,0.0041514803,-0.12369253,-0.18174523
Dnajc27,0.0,-0.26136804,-0.12063804,-0.18796144,-0.30983174
Adcy3,0.0,-0.03612706,0.20413494,0.1325059,-0.010376722
Cenpo,0.0,0.04010363,0.26627,0.13765366,0.1861571
Ptrhd1,0.0,-0.0064615114,-0.060072392,-0.020006943,-0.00416293
Ncoa1,0.0,-0.19690728,-0.03726445,-0.07504216,-0.010126231
2900045O20Rik,0.0,-0.05068711,-0.10057349,-0.067829065,0.006340891
Gm31938,0.0,-0.091008216,0.01744223,-0.058484163,0.07933013
Gm46332,0.0,-0.1880709,-0.20166606,0.023684286,-0.010990346
Gm48610,0.0,-0.06513974,-0.090396024,0.042616557,-0.024431549
AC241534.1,0.0,0.03254429,0.047112945,0.060850315,0.04006259
Itsn2,0.0,-0.12367506,-0.025077742,-0.02630831,-0.03646029
Gm48678,0.0,0.16944215,-0.061507307,-0.1484006,-0.041594014
Fam228a,0.0,0.18314381,0.18801533,0.30300242,0.077175185
Fam228b,0.0,0.19429147,-0.010992348,0.093070336,0.040732875
Pfn4,0.0,-0.00091093034,-0.30093035,0.16833274,-0.16529535
Sf3b6,0.0,-0.18412356,-0.13210113,-0.116518706,0.010700782
Fkbp1b,0.0,-0.040061686,0.052432243,-0.20375359,-0.19741744
Wdcp,0.0,-0.07138404,-0.0603939,0.06760701,-0.15477152
Mfsd2b,0.0,0.053474184,0.026042454,0.123042494,-0.001558438
Ubxn2a,0.0,0.2772414,0.19266635,0.17336994,0.09626271
Atad2b,0.0,-0.10094166,-0.014514577,-0.045665924,-0.007237334
Klhl29,0.0,-0.24412932,-0.09808625,-0.04426051,-0.4288244
2810032G03Rik,0.0,0.036433563,0.22606444,0.096260145,0.06657089
Gm32442,0.0,0.10933239,0.1852814,-0.0934291,-0.022408329
Gm48619,0.0,-0.0903278,-0.14281087,-0.1830765,-0.16437873
Gm32828,0.0,0.034427162,0.047413312,-0.026910452,-0.08277895
Gm33037,0.0,-0.3992192,-0.17381778,-0.23740162,-0.28171647
Ldah,0.0,-0.18003573,0.0067928517,-0.101549685,-0.067421034
Hs1bp3,0.0,-0.18069057,0.0064413063,-0.095612034,-0.13479388
Rhob,0.0,0.4573897,0.24244252,-0.03581202,0.15966332
5033421B08Rik,0.0,0.122109346,-0.07086918,0.21030954,0.22765867
Pum2,0.0,0.078566,0.22152784,0.16320947,0.021436945
Laptm4a,0.0,-0.12412051,-0.08192561,-0.11647355,0.1004644
Wdr35,0.0,0.07193317,0.09589075,-0.17273986,0.008042812
Ttc32,0.0,-0.15751241,-0.29998344,-0.022099808,-0.17669305
Rdh14,0.0,-0.058925547,0.015264727,0.05233584,-0.01790645
Kcns3,0.0,0.007822553,0.08586645,-0.23715091,-0.013909221
Gen1,0.0,-0.06858529,-0.07524941,-0.060323972,0.100501254
Smc6,0.0,-0.053861603,0.18962668,0.16894552,-0.016206458
Vsnl1,0.0,0.19404784,-0.03469778,-0.3225765,0.11685781
Rad51ap2,0.0,0.019876406,0.17024048,0.0058598146,-0.15920864
Gm34237,0.0,0.01558351,-0.10614187,-0.109168164,-0.076987796
Fam49a,0.0,-0.18133022,0.044784382,-0.26872963,-0.09710253
4921511I17Rik,0.0,0.030979976,-0.005369164,-0.23660043,-0.340449
Mycn,0.0,0.03235156,0.07711286,-0.08606695,0.0367687
Ddx1,0.0,0.041746788,-0.015617553,-0.11607906,-0.074590504
Nbas,0.0,-0.02117544,0.015236903,-0.0018384792,-0.05863708
Gm35725,0.0,-0.07141253,-0.14818239,-0.033332326,-0.0029904246
Lratd1,0.0,0.12668946,-0.058205556,-0.1817647,0.17031771
Gm16497,0.0,-0.08136727,-0.010504437,-0.026999684,0.026518323
Trib2,0.0,-0.011241309,-0.12975657,0.038259845,0.0837336
Gm5432,0.0,0.06277346,-0.24425751,-0.012281865,-0.084664956
Lpin1,0.0,0.022576638,-0.014599115,0.11913054,-0.1543575
Ntsr2,0.0,0.4471712,0.5472647,0.44873214,0.0036031008
Greb1,0.0,-0.1315957,-0.25674236,-0.30498946,-0.34779778
E2f6,0.0,0.06654759,0.080555044,0.106797874,-0.2702779
Rock2,0.0,0.28380483,0.2755459,0.12477633,0.20750807
Pqlc3,0.0,0.035715234,-0.0036354978,-0.03408994,-0.0057675783
Kcnf1,0.0,0.1537488,0.18518776,0.084632844,-0.14489749
Pdia6,0.0,-0.08532308,-0.047628332,-0.07763393,0.10238615
Atp6v1c2,0.0,-0.0117196385,-0.08444661,-0.059127368,-0.10155326
Nol10,0.0,-0.18420102,-0.06354343,-0.17962098,-0.11701702
Odc1,0.0,0.11342738,-0.016302962,0.08217047,-0.25611565
Hpcal1,0.0,0.0015601516,-0.05467372,-0.2760354,-0.08303819
Gm49957,0.0,0.0036028796,-0.036629606,-0.016205885,0.009032678
Gm5784,0.0,-0.061142754,0.043932248,-0.05733451,0.012205817
Gm49692,0.0,-0.06714108,0.0112452265,-0.0016165273,0.009079685
Gm48693,0.0,-0.18808933,0.06128365,-0.031561967,-0.047791023
Gm49700,0.0,-0.07569868,-0.06545013,0.044790376,0.014241494
Asap2,0.0,0.18162921,0.045959674,-0.03737296,-0.031136647
Itgb1bp1,0.0,-0.003928855,0.22799855,0.07516338,0.11547871
Gm20535,0.0,0.048468165,0.055156574,0.055407822,-0.08892502
Cpsf3,0.0,0.2150765,0.120636664,0.083150566,0.0127456635
Iah1,0.0,-0.15646972,0.017619718,-0.050008144,0.06557016
Adam17,0.0,-0.092250384,0.107591555,0.22093453,0.02035594
Gm49586,0.0,0.14813656,-0.083457954,-0.0064720362,0.00028643012
Ywhaq,0.0,0.19804104,0.15651377,-0.08611655,0.18098167
Gm4419,0.0,0.111059144,0.08758807,-0.0069642514,0.094816595
2410018L13Rik,0.0,0.015316273,0.02901797,-0.010441493,0.023033146
9030624G23Rik,0.0,-0.08806909,-0.08774544,-0.06126973,0.047248036
Taf1b,0.0,0.079975836,0.097537264,0.071759656,-0.07860881
Grhl1,0.0,0.13157438,0.38617957,0.34890985,-0.07113469
Klf11,0.0,0.12061398,0.094595075,0.36032307,0.2183552
Cys1,0.0,-0.0690095,-0.13284975,-0.2653492,-0.03847387
2900060N12Rik,0.0,-0.32925949,-0.357756,-0.05257129,-0.2680614
Mboat2,0.0,-0.4722007,-0.35904157,-0.28428346,-0.34249368
Kidins220,0.0,0.16768467,0.04138504,0.26957512,-0.012088656
Id2,0.0,-0.08317445,-0.16075678,0.26942396,-0.04384297
Gm36723,0.0,0.10707055,0.04876064,0.11504451,-0.14039901
Rnf144a,0.0,0.058573782,0.24032295,0.32917106,0.07742712
4930549C15Rik,0.0,0.03397709,-0.094900176,0.31162518,-0.0143336505
Cmpk2,0.0,0.071522765,-0.05840051,-0.10362873,0.17176488
Gm9866,0.0,0.23739073,0.15417284,-0.060627304,-0.0019080415
Sox11,0.0,0.02519401,-0.054566048,-0.095956124,-0.18261068
Dcdc2c,0.0,0.012874523,0.037760112,0.012049604,-0.0024388917
Rps7,0.0,0.07151883,0.21253236,-0.078713045,0.2622878
Rnaseh1,0.0,-0.011155918,-0.0048338883,0.059645116,-0.055771217
Adi1,0.0,0.23504038,0.14836465,0.12192353,-0.077355005
Trappc12,0.0,-0.03699724,0.05421497,0.06050482,-0.06660333
Eipr1,0.0,0.02070379,-0.092613176,-0.033152208,-0.14685793
Gm31508,0.0,0.102605715,-0.08464283,-0.14747627,-0.22376849
Gm31333,0.0,0.019862909,0.12866896,-0.09000566,-0.09471669
Gm20208,0.0,-0.059294164,0.042919055,-0.0049079615,-0.0374826
Myt1l,0.0,0.43869254,0.27393454,0.29375896,-0.14130992
C630031E19Rik,0.0,-0.019606618,-0.054772843,-0.0542551,-0.09345108
Pxdn,0.0,0.14089328,0.2910604,0.301258,0.073323905
Tpo,0.0,0.05066353,0.031747147,0.008305326,0.033536196
Sntg2,0.0,-0.093927704,-0.08767754,-0.060670562,-0.058295302
Tmem18,0.0,0.38777122,0.29620454,0.2913098,-0.011034936
Alkal2,0.0,0.045571484,-0.037371136,-0.028348576,-0.047080293
Acp1,0.0,-0.12394574,-0.21516377,-0.3496675,0.033771966
Sh3yl1,0.0,0.20681798,0.15141515,-0.021456175,0.060708202
Lamb1,0.0,0.22600105,0.05510428,-0.108620696,-0.029568575
Dld,0.0,0.06145842,-0.07531872,-0.12222081,-0.17153355
Cbll1,0.0,0.15448305,0.097247444,0.18342963,0.17040494
Slc26a4,0.0,0.063627355,-0.0024953857,0.035543486,-0.029118408
Bcap29,0.0,0.029724035,-0.06243874,-0.06433867,0.0026276857
Dus4l,0.0,-0.24241719,0.12906104,0.080715984,-0.010895953
Cog5,0.0,-0.011509322,-0.031169526,0.09241153,0.08998515
Gpr22,0.0,0.34715515,-0.17382203,0.048821397,-0.141831
Hbp1,0.0,0.07385147,0.1179944,0.16327092,-0.081981175
Prkar2b,0.0,0.4308056,0.32212052,0.0034891963,0.06666839
Pik3cg,0.0,0.07424201,0.032867014,-0.007119179,0.04827675
Ccdc71l,0.0,0.05569744,-0.088381335,-0.06521727,-0.2420072
Gm40375,0.0,0.18682998,-0.059268616,0.08057683,0.05782917
Nampt,0.0,0.15691164,0.057158828,0.034889396,-0.08262147
4933406C10Rik,0.0,-0.029883154,0.005176515,0.123111926,-0.31991616
Sypl,0.0,-0.17144309,-0.095025495,-0.05072553,-0.026769647
Cdhr3,0.0,0.035119105,-0.045844402,0.0007422315,-0.0146461055
F730043M19Rik,0.0,0.00034025311,-0.1242209,0.2110422,-0.06843623
Gm16267,0.0,0.13267106,0.15222326,0.25423145,-0.07493962
Atxn7l1,0.0,-0.17568138,0.103519104,0.01596767,-0.14392741
Atxn7l1os1,0.0,0.076973036,0.4633644,0.061975792,-0.12085384
Atxn7l1os2,0.0,-0.009480372,0.065475315,0.21106708,0.045267332
Efcab10,0.0,0.12307997,0.13853185,0.14143571,0.037518755
Twistnb,0.0,0.1307708,0.030552786,0.051209632,-0.05792717
Hdac9,0.0,0.31241822,0.18895966,0.4128853,0.009389758
Snx13,0.0,0.05258073,0.030699737,0.14925542,-0.008313194
Ahr,0.0,-0.021147422,0.16790825,0.0820482,0.06986754
Gm48236,0.0,-0.02728248,-0.046942618,0.012977274,-0.027902955
Tspan13,0.0,-0.0035503916,-0.16399847,0.006273765,-0.08892711
Bzw2,0.0,0.11035891,0.41087055,0.19370028,0.20146519
Ankmy2,0.0,0.13434099,0.08439077,0.2661177,0.13519114
D630036H23Rik,0.0,0.14048561,-0.053718783,-0.104371235,-0.17107897
Crppa,0.0,-0.089266405,-0.018757641,-0.039310068,-0.061287403
Agmo,0.0,0.013471343,-0.033146374,-0.018586695,0.08807834
Dgkb,0.0,-0.13813093,-0.12303329,-0.052962042,-0.017022265
Gm48715,0.0,0.08553329,-0.16597009,-0.16789751,-0.19458465
4930428E07Rik,0.0,0.18818843,-0.34002906,-0.08623128,-0.39712283
Etv1,0.0,0.120798096,0.15319777,-0.0429924,0.102765426
Arl4a,0.0,0.051677637,-0.04091499,-0.01380191,0.1765354
Lsmem1,0.0,-0.19651291,-0.31069916,-0.12593791,-0.34422624
Gm17056,0.0,-0.40049088,0.011053108,-0.22458684,-0.15885416
Ifrd1,0.0,-0.13965896,-0.053745653,-0.08519431,-0.010836366
Zfp277,0.0,0.12121475,0.18063484,0.1119122,0.014172271
Dock4,0.0,0.021903768,0.10564947,0.064866364,0.06467296
Immp2l,0.0,-0.25199437,-0.18009135,-0.07829526,-0.043323793
Gm47373,0.0,0.10498437,0.045084313,-0.030161947,0.018222775
Gm47368,0.0,0.053285047,0.01070587,0.014459103,0.024838554
Lrrn3,0.0,0.18626794,-0.052872337,0.1272148,-0.04784996
Gm47371,0.0,-0.20344272,-0.0070114825,-0.09307936,0.04148646
Dnajb9,0.0,0.08142318,0.06567827,0.07283968,0.09622139
Gm47096,0.0,-0.08291562,-0.19049461,0.17024742,-0.029624237
Pnpla8,0.0,0.12842958,0.017119259,0.11291462,-0.037331566
Nrcam,0.0,-0.06320698,0.08681634,-0.006701559,0.023912758
Stxbp6,0.0,0.18079609,0.15071878,0.2952966,0.022822052
Gm15902,0.0,0.14158066,-0.03135694,0.117440686,0.17233793
Gm48508,0.0,0.1542608,0.10411117,-0.016841806,0.09003356
Gm33680,0.0,0.15925573,0.10959088,0.03140168,0.013974294
B230217J21Rik,0.0,0.10461469,-0.31531823,-0.38978207,-0.44659966
Nova1,0.0,0.31194112,0.18522832,0.14014485,0.02475205
Prkd1,0.0,-0.23145613,-0.07518717,-0.2040669,0.032092437
G2e3,0.0,0.1692584,0.20956825,-0.05304417,0.19505776
Scfd1,0.0,-0.18566148,-0.09363018,-0.09035145,-0.11389609
Coch,0.0,-0.075323716,0.12270811,0.0041385926,0.0318622
Strn3,0.0,-0.10116382,-0.011675321,-0.0045181885,0.0023510978
Ap4s1,0.0,0.00022976846,-0.12293036,-0.0285507,-0.20879671
Hectd1,0.0,-0.14841941,-0.040251426,-0.07348968,0.013177004
Heatr5a,0.0,-0.0009537041,0.13235964,0.1706264,0.059218973
Dtd2,0.0,0.17224547,0.08448851,0.13663483,-0.055500947
Nubpl,0.0,-0.2638937,-0.05177712,-0.0020496324,-0.33490783
Gm35188,0.0,0.25632456,0.08063275,-0.12750031,0.07837078
Arhgap5,0.0,0.009832054,0.06658729,0.12458734,0.093282014
Akap6,0.0,0.018261418,0.115691975,0.06343317,0.0031819642
Npas3,0.0,-0.115795806,0.035198867,0.012126103,-0.020718016
Egln3,0.0,-0.07909551,0.19833596,-0.021388978,0.10074463
Sptssa,0.0,0.055236444,0.23422134,0.19817655,0.1406256
Eapp,0.0,-0.15860865,-0.22352782,-0.45459905,-0.14721395
Snx6,0.0,-0.027428173,0.043632623,0.17402029,-0.07738404
Cfl2,0.0,0.10654301,-0.04407902,-0.08026691,0.090316795
1700081N11Rik,0.0,0.046544664,0.27913785,0.22882456,-0.2129805
Baz1a,0.0,-0.008155987,0.0107032955,0.035108257,0.14210355
2700097O09Rik,0.0,0.1592373,0.23305757,0.34109938,-0.03555864
Srp54a,0.0,0.06911214,-0.10375047,-0.2847087,-0.3227074
Srp54b,0.0,-0.094122685,-0.07144729,-0.051508386,0.16410986
Srp54c,0.0,-0.22061351,0.0014969567,-0.07427147,0.0054893466
Ppp2r3c,0.0,-0.13678148,-0.12744905,-0.2420688,-0.27107835
Prorp,0.0,-0.21136697,-0.39233345,-0.09047946,-0.18893552
Psma6,0.0,-0.25997883,-0.21362051,-0.47145596,-0.14238589
Nfkbia,0.0,-0.058928154,-0.40052298,-0.34947896,-0.27531564
Ralgapa1,0.0,-0.011024989,0.031658363,-0.026072636,-0.016572148
Brms1l,0.0,0.30898347,0.07765041,0.12931335,-0.026177987
Mbip,0.0,0.18573874,0.1355187,0.23089269,0.085007474
Slc25a21,0.0,-0.26686174,-0.098799884,-0.18045786,-0.27847803
Prps1l3,0.0,0.086211145,0.074937895,-0.03391502,-0.09028364
Mipol1,0.0,0.11192418,0.1544025,0.27278322,0.10691359
Sstr1,0.0,0.14891624,-0.0434389,-0.08648176,-0.06894327
Clec14a,0.0,-0.074921295,-0.0592629,-0.037508108,-0.040258467
Gm17529,0.0,0.072005264,0.12815768,0.031058691,-0.06636985
Sec23a,0.0,-0.07845843,-0.020462409,0.10277268,-0.0391876
Gemin2,0.0,0.10821033,0.1587872,0.11637308,-0.01182849
Trappc6b,0.0,0.18980026,-0.118353106,-0.08049644,-0.057623282
Pnn,0.0,-0.079667285,0.07921081,-0.09163596,-0.14744693
Mia2,0.0,0.04840049,0.124911696,0.20744823,0.07325993
Fbxo33,0.0,0.08771939,0.16108918,-6.561726e-05,-0.18731876
Gm20063,0.0,-0.01556842,-0.14500208,-0.2024179,-0.16775545
Lrfn5,0.0,0.2537403,0.14415465,0.3769189,-0.13052864
Gm527,0.0,0.24414533,0.18901011,0.1786268,0.3586708
Klhl28,0.0,0.24811617,0.07962057,0.15117282,0.02952081
Togaram1,0.0,0.055372003,0.1095241,0.104763456,-0.015121169
Prpf39,0.0,0.29430473,0.2862522,0.29981762,0.008348823
Fkbp3,0.0,0.41967157,0.28004238,-0.09275004,0.12902659
Fancm,0.0,0.08082411,0.086840376,0.23764585,0.030188277
Mis18bp1,0.0,-0.035663668,0.033131808,0.11707014,-0.06997107
Mdga2,0.0,-0.33036262,-0.19101606,-0.37186033,-0.105106935
Rps29,0.0,0.38796836,-0.14075467,-0.4018236,0.074550025
Rpl36al,0.0,0.092581056,0.2516709,-0.18190779,0.1774914
Mgat2,0.0,0.055410486,0.02358473,0.06883613,0.06898493
Dnaaf2,0.0,0.146331,-0.21689229,0.029932477,-0.22129822
9330151L19Rik,0.0,0.22847486,0.43442047,0.44989985,0.20257498
Pole2,0.0,0.071521804,-0.04656402,0.22619757,0.062479775
Klhdc1,0.0,0.17345208,0.043370605,0.19927837,0.07201454
Klhdc2,0.0,0.058962554,0.2353506,0.050216734,0.16751504
Nemf,0.0,-0.02447708,0.056764547,-0.054452278,-0.072669186
Gm9887,0.0,-0.06627471,-0.1388118,-0.07891192,-0.049541697
Arf6,0.0,0.011710264,0.28901798,0.11082282,-0.0530964
Vcpkmt,0.0,0.1853917,0.09675963,0.045795504,0.043771077
Sos2,0.0,0.091885276,0.08546172,0.1457113,-0.0053480417
L2hgdh,0.0,-0.1268168,-0.1746876,0.07430434,-0.21568143
Dmac2l,0.0,-0.41860303,-0.3031575,-0.09425261,-0.2521105
Cdkl1,0.0,0.22242697,0.13927883,0.18646899,-0.042865947
4930512B01Rik,0.0,0.46328837,0.09935767,0.11217512,-0.0036900789
Map4k5,0.0,0.23171824,0.28165075,0.36127797,0.108151436
Atl1,0.0,-0.16467021,-0.103341594,0.02121615,0.023433123
Sav1,0.0,0.07418385,-0.07798402,0.05720707,0.043552928
Nin,0.0,0.40755188,0.37044895,0.3783747,0.13852775
Pygl,0.0,0.16512442,-0.12382333,0.36433166,0.062064648
Trim9,0.0,0.042742103,0.084565714,0.12586448,-0.036401927
Gm48747,0.0,0.23115966,0.055867083,0.06634052,0.12530774
Gm32151,0.0,0.029606363,-0.11622494,0.122113526,-0.1584364
Tmx1,0.0,-0.03644063,-0.014726371,-0.0243745,-0.056663852
Gm40437,0.0,-0.054668766,-0.13836627,0.07971516,-0.096032694
Frmd6,0.0,-0.101678126,0.16152388,0.108040534,-0.041622274
Actr10,0.0,0.15913051,0.16360383,0.08904422,0.07175648
Psma3,0.0,0.1392698,0.13431023,0.22442128,0.022419646
3110056K07Rik,0.0,-0.118209355,-0.11312039,-0.10956259,-0.04073461
Arid4a,0.0,-0.026718162,0.109353915,0.047389276,0.055138953
Tomm20l,0.0,0.18493637,-0.15758494,-0.013900014,-0.06580694
Timm9,0.0,0.031737115,0.048523284,-0.06829107,-0.07665123
2700049A03Rik,0.0,-0.12376608,0.115012676,-0.13459101,-0.1422649
Dact1,0.0,0.01398512,-0.030917421,0.16770804,0.094108425
9630002D21Rik,0.0,0.026916092,0.04857062,0.037423078,0.046682224
Daam1,0.0,-0.13079353,0.01986589,-0.08290238,-0.18822643
Gpr135,0.0,-0.32829276,-0.36380413,-0.23466767,-0.29873344
L3hypdh,0.0,-0.15423976,0.024008472,0.12549186,0.16271202
Jkamp,0.0,-0.108881064,-0.05244828,0.22409919,-0.096086465
Rtn1,0.0,-0.16031933,-0.12780511,-0.07941413,0.10537395
Lrrc9,0.0,0.23025744,0.17014016,0.20093241,0.18433619
Pcnx4,0.0,0.16089731,0.17041296,0.28066278,0.11304175
Gm4756,0.0,-0.0018491745,0.17020567,0.2653731,0.17458639
Dhrs7,0.0,0.051448785,-0.08327334,0.036508527,0.13500446
Ppm1a,0.0,0.10695046,0.15303594,0.04253699,0.038472652
4930447C04Rik,0.0,0.41903841,-0.020485476,0.1733218,0.015283227
Mnat1,0.0,-0.16053884,-0.035076067,-0.12747072,0.033774823
Trmt5,0.0,0.01640962,0.07131335,0.05691253,0.061880738
Slc38a6,0.0,0.014655214,-0.041998915,-0.019778162,-0.02220618
Gm48653,0.0,0.057169054,0.028996535,0.1778419,0.13196586
Prkch,0.0,0.43936062,0.15481193,0.15146106,0.11675334
Gm15283,0.0,0.25796455,0.047978044,0.011997014,0.019214056
Hif1a,0.0,0.18973807,0.23034771,0.23424196,0.29448846
Snapc1,0.0,0.0715628,-0.14873695,0.09829748,0.03205326
Syt16,0.0,0.030043125,0.0016882718,0.14434412,-0.0532702
Gm29587,0.0,0.011088222,0.07552644,-0.018374976,0.02230737
Dbpht2,0.0,0.26365858,0.24897635,-0.09018518,0.09213072
Gm34552,0.0,-0.40083817,-0.27174503,-0.14243372,0.00046870857
Kcnh5,0.0,0.09417854,-0.15312155,0.14553162,-0.23061688
Rhoj,0.0,0.0015631765,0.15950355,-0.05330903,0.045450557
Ppp2r5e,0.0,-0.017721191,0.048833437,-0.10481662,-0.09873273
Gm47689,0.0,-0.39475387,0.009198807,-0.13717422,-0.022271402
Wdr89,0.0,-0.009232212,0.017657947,-0.09187187,0.09329381
Sgpp1,0.0,0.09255858,-0.1240854,-0.1505662,-0.06813313
Syne2,0.0,0.14752938,0.15962976,0.16438018,0.22021566
Esr2,0.0,-0.002947539,-0.07547418,0.018854417,0.080949634
Gm47525,0.0,-0.0063528186,-0.019423787,0.050783154,-0.12930717
Mthfd1,0.0,0.085806616,0.09430057,0.21205512,-0.21736124
Gm34868,0.0,-0.012016021,0.08341598,0.25826353,-0.13250768
Akap5,0.0,0.115967125,0.020957015,-0.031006671,0.04640001
Zbtb25,0.0,0.24374405,0.18926993,0.30980167,0.20753816
Zbtb1,0.0,0.23445399,0.006345451,0.12326281,0.088996656
4930426I24Rik,0.0,0.15348646,-0.0062200874,0.39706087,0.14931926
Hspa2,0.0,0.08141745,-0.13797,-0.10717629,0.08195864
Ppp1r36,0.0,-0.011895526,0.032158684,-0.046621803,0.012741701
Plekhg3,0.0,-0.050576642,-0.004644951,-0.086712226,-0.047293313
Sptb,0.0,0.09596395,-0.28486007,0.0305381,-0.06810411
Churc1,0.0,0.260326,-0.06406815,0.07843413,0.28194442
Fntb,0.0,-0.31191078,-0.032347366,-0.10835208,-0.003136199
Rab15,0.0,0.055991527,0.09743424,-0.030922174,0.2074861
Max,0.0,0.117513,0.11717028,0.31430525,-0.09463963
9530018F02Rik,0.0,0.18170802,-0.04637342,0.078037016,0.06324363
Fut8,0.0,0.025466047,0.08345735,0.053839125,0.055481307
Gm48226,0.0,0.4695652,0.19469959,0.31573048,0.25289732
Gphn,0.0,0.10715467,0.015650466,-0.10657979,0.039275624
Fam71d,0.0,-0.4648879,-0.16599342,-0.13574344,-0.24879773
Mpp5,0.0,-0.013377942,0.044957902,-0.035861693,0.1210711
Atp6v1d,0.0,0.08047907,0.13582817,-0.11762525,0.03058827
Eif2s1,0.0,-0.07286881,0.073435135,-0.006181989,0.006679762
Tmem229b,0.0,0.28091222,-0.05959186,0.16868822,0.22687054
Plekhh1,0.0,0.45105934,0.088767156,0.25800934,0.14153025
Pigh,0.0,-0.11122184,0.04347693,0.24776384,-0.017275475
9230116L04Rik,0.0,0.13573332,-0.20433101,-0.042210296,-0.11801706
Arg2,0.0,-0.11786337,0.009594925,0.1259087,-0.00021415576
Vti1b,0.0,-0.106966406,-0.0313152,-0.049676105,0.15187484
Rdh11,0.0,0.007940076,0.06386851,0.1740877,0.099295095
Rdh12,0.0,-0.13853437,-0.14106941,0.013262268,-0.13542871
Zfyve26,0.0,0.16503695,0.36733818,0.363832,0.18043664
Rad51b,0.0,-0.012727588,0.14397624,0.13745861,0.17269294
Zfp36l1,0.0,0.028054103,0.012427777,0.30843425,0.2895091
1300014J16Rik,0.0,-0.23245138,-0.30714458,-0.16418643,-0.08840369
2310015A10Rik,0.0,0.31258458,0.5014196,0.48814094,0.14471686
Actn1,0.0,0.2837131,0.060945682,0.20602745,-0.044958174
Dcaf5,0.0,-0.09228827,0.10026556,0.092111126,-0.18167879
Gm30025,0.0,-0.035709888,0.17550355,0.39786464,0.06532242
Exd2,0.0,0.005315259,-0.04080367,0.1565932,0.07743834
2310002D06Rik,0.0,-0.04910427,-0.02983426,0.07438958,0.10244799
Gm26777,0.0,-0.07166091,-0.035284996,0.0028412272,-0.044541962
Galnt16,0.0,-0.15819238,0.13784519,0.032878436,-0.026390076
Erh,0.0,0.13758418,0.09904366,0.13845915,0.26402014
Slc39a9,0.0,-0.15717569,-0.025303263,0.10940172,-0.05468511
Plekhd1,0.0,0.09503498,0.10946687,0.12255897,-0.12672469
Ccdc177,0.0,0.036086723,0.1428802,0.19195005,0.042522497
Susd6,0.0,-0.28228098,-0.18135993,-0.46907818,-0.15680765
Gm20337,0.0,-0.04550873,-0.065969914,-0.08295116,0.11304039
Srsf5,0.0,0.5659318,0.30014652,0.51766455,-0.04456842
Smoc1,0.0,0.115371145,0.18606701,-0.051054753,-0.07016561
Slc8a3,0.0,0.2856657,0.11570836,0.31867805,-0.13738851
Gm3693,0.0,0.1197985,0.0202308,0.016375996,0.008676112
Cox16,0.0,-0.23592117,-0.046323333,-0.031281255,-0.20123953
Adam4,0.0,-0.14227036,-0.1998915,-0.13504493,-0.19054054
Gm28370,0.0,0.0095200185,-0.08670466,-0.067187354,0.08396348
Synj2bp,0.0,-0.22079873,-0.099366695,-0.16537473,-0.058199033
Gm17191,0.0,-0.09401863,-0.035422053,-0.058232453,-0.0069513656
6530401F13Rik,0.0,-0.3958336,0.060265437,0.107492186,-0.24179575
Adam21,0.0,-0.025263667,0.065278605,0.2782042,0.0811438
Med6,0.0,-0.107866526,-0.11694297,-0.034133296,0.07736109
Gm16572,0.0,-0.060540896,-0.16665678,-0.15299289,-0.28376326
Ttc9,0.0,0.18373528,0.070200555,-0.11399041,0.14237429
Map3k9,0.0,0.07490687,-0.066335276,0.09504278,0.0061856657
Pcnx,0.0,0.29121917,0.2741737,0.41986144,0.23888168
Sipa1l1,0.0,-0.12196112,-0.07040156,-0.121120244,-0.15675849
Rgs6,0.0,-0.15550777,-0.08517949,0.094757736,-0.11323261
Gm29530,0.0,0.429249,0.1549782,0.24185339,-0.1912266
Dpf3,0.0,-0.056589097,0.12612858,0.018617444,-0.002973318
Dcaf4,0.0,0.16835478,0.0016844496,0.12587817,-0.06211441
Zfyve1,0.0,-0.078331985,0.10922088,0.015986003,0.04726421
Rbm25,0.0,-0.06854991,0.058958784,-0.0034451112,0.076684125
Gm29361,0.0,0.5808927,0.15838914,-0.13259056,-0.10969937
Psen1,0.0,-0.053753734,0.12008605,0.12531987,-0.16112982
Papln,0.0,0.103167035,-0.011271834,0.016349971,0.10296196
Numb,0.0,-0.061218537,0.13455147,-0.046532594,-0.08483132
Gm46367,0.0,0.05293551,-0.16379096,-0.3512161,-0.08552311
Gm26571,0.0,-0.039891787,-0.03733581,-0.008069959,-0.0065792757
Riox1,0.0,0.15206388,0.063921385,0.12721844,0.2932896
Acot2,0.0,-0.0787788,-0.07292103,-0.05101896,-0.18606073
Acot1,0.0,-0.038981657,-0.163214,-0.1749683,-0.16938618
Acot4,0.0,0.012106438,-0.013582603,0.01611096,-0.019982241
4732463B04Rik,0.0,-0.094629474,-0.0025053746,0.022324797,-0.014685446
Acot3,0.0,0.013182534,-0.0020177085,0.01013184,0.024083382
Acot6,0.0,0.27406895,-0.037031904,0.28117383,0.06498051
Dnal1,0.0,0.08780141,0.18525486,0.07296018,0.07396854
Pnma1,0.0,0.059300676,0.010062061,-0.019435637,0.00934997
Elmsan1,0.0,-0.12718269,0.17705058,-0.026931375,-0.17879409
Ptgr2,0.0,-0.12068589,-0.19465175,0.030126845,-0.1635331
Gm47484,0.0,-0.46288437,-0.20993392,-0.21341838,-0.48994935
Zfp410,0.0,-0.108774655,-0.12774377,0.0648279,-0.16316536
Fam161b,0.0,0.15525387,0.24903536,0.40151206,0.38285372
Coq6,0.0,0.15689655,-0.024703138,0.030555844,0.07903823
Entpd5,0.0,0.002506815,0.072404206,0.19184864,0.11774169
Bbof1,0.0,0.16120836,-0.038647883,-0.1263859,-0.06748335
Rnf113a2,0.0,0.33314642,0.109776445,0.40433878,0.059482276
Aldh6a1,0.0,0.28436646,0.2634523,0.37728292,0.12967588
Lin52,0.0,-0.16908139,0.03788822,-0.12741312,-0.12374558
Abcd4,0.0,0.062134944,0.026832502,0.03030889,-0.09939876
Syndig1l,0.0,0.099261686,0.13055131,0.11706501,0.101690166
Npc2,0.0,-0.09352025,-0.03949461,-0.09557623,-0.1743538
Isca2,0.0,0.42813244,0.3024473,0.5397227,0.08329952
Arel1,0.0,-0.13678963,-0.07674486,-0.026989853,-0.14075954
Fcf1,0.0,-0.2014092,-0.3217022,-0.21422562,-0.18638997
Ylpm1,0.0,0.18969266,0.15282756,0.12544823,-0.031234398
Prox2os,0.0,-0.048498474,-0.061983936,-0.060693227,-0.24526618
Prox2,0.0,0.061714202,0.091225654,0.104783185,-0.04385812
Dlst,0.0,-0.2889259,0.045305736,-0.0040628053,0.020898849
Rps6kl1,0.0,0.12199458,0.091075204,0.1807228,-0.09003053
Pgf,0.0,0.00484045,0.11812996,-0.117699854,-0.14369574
Eif2b2,0.0,-0.021285085,0.046638876,0.033058546,-0.076478764
Mlh3,0.0,0.15935892,0.24537516,0.25373435,0.17786962
Acyp1,0.0,-0.012566231,0.114788905,0.05384135,-0.049973026
Zc2hc1c,0.0,0.03804639,0.105992764,0.13346204,-0.09240611
Nek9,0.0,-0.118849024,-0.09537533,0.08640062,-0.15716669
Tmed10,0.0,-0.17302734,0.013404263,-0.09484624,-0.019142447
Fos,0.0,-0.2946154,0.13033253,-0.29788977,-0.035679806
Gm47863,0.0,-0.041627772,0.07352898,0.1122372,0.09918016
Jdp2,0.0,-0.2345821,-0.06312716,-0.20100945,-0.20020545
Flvcr2,0.0,-0.17511408,0.014968762,0.13978422,-0.04226087
Erg28,0.0,-0.16922688,0.01605719,-0.08155602,0.08918841
Ttll5,0.0,0.20520985,0.16677722,0.28259748,0.037500113
Gm26531,0.0,0.09826195,-0.10545653,0.032045394,-0.07784182
Tgfb3,0.0,0.2209759,0.15374075,0.20125853,0.18828623
Ift43,0.0,0.108133696,0.18941957,0.29851118,0.01687017
Gpatch2l,0.0,-0.10086117,0.15251336,0.09431546,-0.0935765
Esrrb,0.0,0.008956492,0.046106696,0.27880841,0.12954949
Vash1,0.0,-0.020597855,0.0014107022,-0.090355866,-0.22259963
Angel1,0.0,0.0021510199,0.017654702,0.26165733,-0.05827093
Irf2bpl,0.0,0.14547262,0.032477543,-0.099586114,0.23062956
Cipc,0.0,0.09638106,-0.01809007,0.1303719,0.14468782
Zdhhc22,0.0,0.0927988,0.22418793,0.19884257,0.19667827
Tmem63c,0.0,0.08382417,-0.061570406,0.14900187,0.08463407
Pomt2,0.0,-0.032108348,-0.03130122,-0.012753148,0.12792395
Gstz1,0.0,-0.16250311,-0.038795248,0.10570773,-0.1188415
Gm6566,0.0,0.049428575,0.081440285,0.22360775,-0.037172385
Tmed8,0.0,0.034607023,0.26596794,0.2756602,0.16529839
Samd15,0.0,-0.15823829,-0.07122921,-0.17352107,-0.07932523
Noxred1,0.0,-0.23039441,-0.10839619,-0.043957505,-0.11447217
Vipas39,0.0,-0.09678698,0.026480049,0.13066797,0.056029756
Ahsa1,0.0,0.039569587,0.059317976,0.0073118135,0.16734585
Ism2,0.0,-0.011603901,0.049093783,-0.025852874,0.014176097
Sptlc2,0.0,-0.02508564,0.025079839,0.10676117,-0.14870656
Alkbh1,0.0,-0.35483068,-0.2428976,-0.1008118,-0.23590383
Slirp,0.0,0.112055436,-0.055260308,-0.05262091,0.14740634
Snw1,0.0,0.04827874,0.020801151,-0.12736428,-0.124606006
Adck1,0.0,-0.053309243,-0.013330801,-0.11016297,-0.1616592
Nrxn3,0.0,0.34200954,0.22403845,0.384016,0.045894384
Dio2,0.0,0.41335037,-0.29625362,-0.33339524,-0.11141275
Gm26512,0.0,0.28433612,0.04552369,0.23103994,0.23723805
4930544I03Rik,0.0,0.06808064,0.038059574,-0.07205823,0.03753441
Cep128,0.0,0.18840368,0.23775588,0.26915127,0.03933549
5430427M07Rik,0.0,0.04929384,-0.10318205,-0.053051874,-0.2364238
Tshr,0.0,0.19116122,-0.013921559,-0.012614414,0.083363034
Gtf2a1,0.0,0.0871232,0.18955366,0.15157643,-0.049227923
Ston2,0.0,-0.05763629,0.33605504,0.24003604,0.08853616
Sel1l,0.0,0.005243741,0.00011218339,0.07640995,0.004301928
Flrt2,0.0,0.11236491,0.26169956,0.11005544,-0.008135632
Galc,0.0,0.16864222,0.03744995,0.02157998,0.24078573
Gm47439,0.0,0.16754514,0.038260553,0.1106107,-0.026831001
Kcnk10,0.0,0.25054368,0.24341531,0.46288246,-0.023767471
Spata7,0.0,0.058696393,0.06718855,0.20898786,-0.101089455
Ptpn21,0.0,0.14625174,0.36004692,0.18648002,0.096836865
Zc3h14,0.0,-0.11943175,0.00062831026,-0.1581255,-0.047971785
Eml5,0.0,0.13234717,0.16702807,0.25187314,0.040059105
Ttc8,0.0,-0.14584072,-0.13521841,-0.029057335,-0.20319591
Foxn3,0.0,-0.15247211,0.13797179,0.036572788,-0.06114777
Gm20682,0.0,-0.28142333,0.381875,-0.09668691,0.0013866797
3300002A11Rik,0.0,0.1233527,0.076009735,0.09448711,0.046527114
Gm26839,0.0,-0.022042565,0.13458888,0.14785492,-0.10423209
Gm19951,0.0,0.722209,0.30151334,-0.42085776,0.07251836
Efcab11,0.0,-0.02596833,-0.05228436,0.017637167,-0.022507299
Tdp1,0.0,0.2825783,0.1415959,0.049121678,0.04021482
Kcnk13,0.0,0.18728727,0.020105496,-0.0012068376,0.044774555
Psmc1,0.0,0.14763898,-0.05916539,0.05129539,-0.13340119
Nrde2,0.0,0.07816032,-0.24200588,-0.09975758,-0.18745452
Gm10433,0.0,0.0028019054,0.041301653,-0.01665059,0.016788827
Calm1,0.0,0.3887735,0.2412888,-0.28038406,0.22662693
Gm40557,0.0,0.0111260135,-0.037642896,0.0063870675,-0.0025697649
Gm10432,0.0,-0.112509914,-0.0107359765,0.16429307,-0.050201558
Ttc7b,0.0,0.21164288,0.10577301,0.27478683,0.05678761
Gm48383,0.0,-0.31464082,0.005291801,-0.11756054,0.01895209
Rps6ka5,0.0,0.36965752,0.35805795,0.44714183,0.2012857
Dglucy,0.0,0.11123195,0.0859351,0.114331365,-0.058607914
Gpr68,0.0,0.112952106,0.203942,0.15373889,0.04821665
Ccdc88c,0.0,-0.01974678,0.2883851,0.2530388,0.064993724
Gm36756,0.0,-0.28912157,0.1278023,0.0642605,-0.013861895
Ppp4r3a,0.0,0.052496918,0.058842972,0.038315855,0.0036604777
D130020L05Rik,0.0,0.17831735,0.17706147,0.21390754,0.04200598
Fbln5,0.0,-0.7062602,-0.40516105,-0.6872501,-0.5241562
Trip11,0.0,0.103343226,0.20053293,0.15880027,0.09775323
Gm20036,0.0,0.10065781,-0.03314331,0.038671497,-0.03358174
Atxn3,0.0,-0.05530878,0.06473935,0.13452578,0.0144856125
Ndufb1-ps,0.0,0.27220622,-0.020736068,-0.114631906,0.12722251
Cpsf2,0.0,0.21400316,0.13072452,-0.054575413,-0.0062170625
Slc24a4,0.0,-0.15103021,-0.021591194,-0.70380265,-0.07222428
Rin3,0.0,-0.03684317,-0.07936244,-0.050789207,-0.08454934
Lgmn,0.0,-0.039293185,0.07757352,0.16271189,0.2601265
Golga5,0.0,-0.029374748,0.010613397,0.14646074,0.027504787
Chga,0.0,-0.19142474,0.0112740975,-0.16380952,0.110085435
Itpk1,0.0,-0.24907395,-0.0058384314,-0.17919353,-0.105485365
Moap1,0.0,0.26757976,0.011511542,-0.009830527,-0.017937832
Tmem251,0.0,0.1966388,0.1948156,0.07829779,-0.030072197
Ubr7,0.0,-0.012490381,0.0014687479,0.06523192,-0.15674002
Btbd7,0.0,0.0677087,0.11837299,0.082871914,0.089672804
Gm47167,0.0,0.20703273,0.08576297,-0.1341568,-0.32586563
Unc79,0.0,0.20970361,0.21880402,0.31636822,-0.09419215
Prima1,0.0,-0.054573797,0.07622374,0.06876809,0.09209789
Asb2,0.0,-0.027673308,-0.19913839,-0.04576184,-0.1417308
Otub2,0.0,0.008574881,-0.13848151,-0.13392152,-0.098787755
Ddx24,0.0,-0.13228974,0.03419524,-0.33424282,-0.0033442173
Ifi27,0.0,0.01886347,0.26905444,0.18321861,0.045710675
Ppp4r4,0.0,0.037626445,-0.049930558,0.1411537,-0.014231816
Serpina3n,0.0,-0.19561905,-0.10238464,-0.16504908,-0.13834214
Dicer1,0.0,-0.083260976,0.017035507,0.05420818,-0.15691586
Clmn,0.0,0.2844544,0.20588627,0.24615988,-0.01631394
4930408O17Rik,0.0,-0.005813226,0.1038073,0.13824731,-0.058160786
Gm28875,0.0,0.06778535,0.084391765,0.034190737,0.11504633
Syne3,0.0,-0.09482546,-0.15539204,-0.18760458,-0.18468711
Snhg10,0.0,0.070261896,0.08544737,0.19000006,0.114805356
Glrx5,0.0,0.07989155,-0.057463154,-0.1443015,-0.0036596283
Tunar,0.0,0.097130254,-0.026780881,-0.2043735,0.042411644
D430019H16Rik,0.0,0.12506971,0.024833854,-0.15915394,-0.12800847
Bdkrb2,0.0,-0.042346973,-0.03047442,-0.033014882,-0.02403368
Atg2b,0.0,0.19696955,0.19394591,0.14956263,0.08096525
Gskip,0.0,0.21494627,0.124661,0.104438744,0.08627321
Ak7,0.0,0.101760544,-0.017085835,-0.053210028,0.028947568
Papola,0.0,-0.038670726,0.10007598,0.112832904,-0.041884802
Vrk1,0.0,0.18893984,0.1268203,0.15242313,0.17955047
Gm46378,0.0,-0.07121888,0.023423404,0.036829088,-0.027853286
Bcl11b,0.0,0.1983188,0.22854614,0.13310733,0.15965065
Setd3,0.0,0.093067124,0.092145875,-0.04321076,0.040383704
Ccnk,0.0,0.21393265,0.17067578,0.15469158,0.13907929
Ccdc85c,0.0,-0.19092512,-0.114691764,0.19044372,-0.11232778
Hhipl1,0.0,0.1739901,0.12491514,0.0642638,-0.03637079
4930478K11Rik,0.0,-0.00017945282,-0.021661436,-0.014506644,0.050579123
Cyp46a1,0.0,0.1054637,0.12562676,0.0456449,0.082990825
Eml1,0.0,-0.02786867,0.011506984,0.0011119805,-0.1356124
Gm16596,0.0,-0.09745194,-0.01857042,-0.1399355,-0.0607257
Evl,0.0,0.12437493,0.09375425,0.096572906,0.022550069
Degs2,0.0,0.035852797,-0.08112571,0.028660823,-0.15268877
Yy1,0.0,0.16662537,0.29141206,0.11081222,0.18439251
Slc25a29,0.0,-0.070335135,0.080091015,-0.36303797,-0.10795824
Slc25a47,0.0,-0.28826866,0.09380713,0.12483663,-0.2591739
Wars,0.0,-0.0675506,0.013540141,-0.065700755,-0.18150097
Wdr25,0.0,-0.011411101,0.22410452,0.15289164,-0.1228671
Begain,0.0,-0.014206886,-0.050089356,-0.030254137,-0.10885657
Meg3,0.0,0.41772166,0.21917535,0.516878,-0.2800472
Rtl1,0.0,0.34308073,-0.15028417,-0.27186432,-0.038620602
Rian,0.0,0.49169552,0.36140049,0.45451424,-0.013161331
B830012L14Rik,0.0,0.46192497,0.4505403,0.47799695,0.2384055
Mirg,0.0,-0.06263101,-0.14563239,-0.09596732,-0.4282884
Ppp2r5c,0.0,-0.0029236078,0.055356484,0.08221689,-0.020858556
Gm19605,0.0,0.023861831,-0.047535263,-0.09171439,-0.23349611
B930059L03Rik,0.0,0.14578013,0.0068704784,0.13188846,-0.14211847
Gm35558-1,0.0,0.007557869,0.043960024,0.1079192,0.1262168
Dync1h1,0.0,0.1584442,0.09064948,0.0038134605,-0.07957765
1700001K19Rik,0.0,-0.17116301,-0.070824325,0.036268566,-0.11751273
Hsp90aa1,0.0,0.43064106,0.41660088,0.09667651,0.15722741
Wdr20,0.0,-0.14445715,0.07734122,0.07777273,-0.017500669
Mok,0.0,-0.39876062,-0.12942041,-0.19770968,-0.037060156
Zfp839,0.0,-0.23154597,-0.22921365,0.09714925,-0.12915045
Cinp,0.0,-0.011796322,0.06753128,-0.06285737,-0.012176327
Tecpr2,0.0,0.0695119,0.13378182,0.19300173,-0.026804686
Ankrd9,0.0,0.30134237,0.40349203,0.37948188,0.29374295
Rcor1,0.0,-0.1037706,0.1141687,0.14004275,-0.12598234
4930595D18Rik,0.0,0.15569514,0.27367616,-0.11043942,-0.07090485
Traf3,0.0,-0.21431883,-0.06997622,-0.10384539,-0.18308258
Amn,0.0,-0.037965752,-0.20760792,-0.18744947,-0.06837489
A230087F16Rik,0.0,-0.07028695,0.08451847,0.062422134,-0.006870838
Cdc42bpb,0.0,0.31920463,0.35270417,0.35365522,0.14402464
Exoc3l4,0.0,0.4631408,0.29866388,0.22482581,-0.05876535
Gm40578,0.0,0.26326463,0.23146722,0.28506804,0.008102208
Gm266,0.0,0.20613933,0.52344024,0.40806934,0.06403172
Eif5,0.0,0.23885229,0.2355493,0.16604778,0.09509805
2810029C07Rik,0.0,0.07138736,0.16826625,0.17885348,0.046337344
Mark3,0.0,-0.086695984,0.038817927,0.024435256,-0.14637503
Gm48286,0.0,-0.11607332,0.14695154,-0.083595894,-0.113986604
Ckb,0.0,0.055797204,0.14809982,0.058923066,0.032521874
Trmt61a,0.0,0.25528383,0.33928448,0.1062884,0.08244254
Bag5,0.0,0.09172051,0.042372063,-0.16544521,0.12847497
Apopt1,0.0,-0.26329586,-0.11414014,-0.28070405,-0.040657848
Gm15996,0.0,-0.17982166,-0.07266913,-0.08745292,-0.031113802
Klc1,0.0,0.0959281,0.17360736,-0.04550898,-0.1420246
Xrcc3,0.0,-0.09650059,-0.11494232,-0.079442225,-0.2835326
Zfyve21,0.0,0.3487255,0.2033318,0.102439016,-0.15820505
Ppp1r13b,0.0,0.04588399,0.06981268,0.12552059,-0.18125331
Atp5mpl,0.0,0.26821736,0.27331927,-0.011252642,0.39006442
Tdrd9,0.0,-0.014964195,-0.004172135,0.029333178,-0.0252235
Kif26a,0.0,-0.11420049,0.09182559,-0.07014331,0.077616334
Tmem179,0.0,-0.15774381,0.03947085,-0.07284515,0.050640654
Inf2,0.0,0.2916781,0.3358869,0.29038477,-0.14757544
Adssl1,0.0,0.1518938,0.18395567,-0.06626601,-0.025517091
Siva1,0.0,0.21787965,-0.037770003,-0.0060094222,0.028002053
Akt1,0.0,0.29568946,0.47432464,0.11063744,0.040358514
Cep170b,0.0,0.32590136,-0.071592316,-0.01855427,0.17364478
Pld4,0.0,-0.08172132,0.055515774,0.053512614,0.029758412
Clba1,0.0,0.08597638,-0.062085595,0.028683556,-0.0024946406
Cdca4,0.0,0.0627134,0.06034247,0.12618546,0.16276759
Jag2,0.0,-0.100112244,-0.018182117,0.028625745,-0.118844636
Nudt14,0.0,0.037868522,-0.18698618,-0.16809854,0.021517966
Brf1,0.0,0.12475814,-0.01895842,0.14348957,-0.047492355
Btbd6,0.0,0.1740148,0.38970354,0.22085547,0.42809898
Pacs2,0.0,0.19330174,0.18186194,0.11472751,0.11746451
Tex22,0.0,-0.059953637,-0.039609127,0.042171836,0.08049896
Mta1,0.0,0.12911092,0.16999923,0.3008252,0.071961
Crip2,0.0,0.03311131,0.12773556,0.21800849,0.060040064
Tedc1,0.0,0.07937963,0.008602265,-0.029670544,0.07185269
Tmem121,0.0,-0.15952685,-0.12007489,-0.18707988,-0.13381669
Ighm,0.0,0.06473383,-0.062374312,0.0001550205,0.044148892
Zfp386,0.0,0.12141452,0.10835866,0.09177977,0.0090651065
Vipr2,0.0,-0.059632864,0.022265341,0.12657855,-0.28146836
Wdr60,0.0,-0.23165771,-0.122563526,-0.25124404,-0.10702191
Gm48079,0.0,0.12483108,-0.054612268,0.056475546,-0.004417725
Esyt2,0.0,0.12211732,0.12897529,0.17788002,-0.0940505
D430020J02Rik,0.0,0.047776915,0.04457607,-0.058870774,0.028108193
Ncapg2,0.0,0.21422617,-0.20749639,0.008085162,-0.116656035
Ptprn2,0.0,0.03865382,0.05158426,0.07463758,-0.0141960755
Gm10421,0.0,-0.037668485,-0.032069672,-0.1375009,0.060509644
Gm5441,0.0,0.006709653,-0.007817419,-0.08647664,-0.071876414
Rapgef5,0.0,0.48394924,0.3688418,0.2985308,0.27730203
Cdca7l,0.0,-0.07237513,-0.10177768,0.0076120757,-0.088541724
Dnah11,0.0,-0.042415358,0.0077623352,0.07652028,0.109741405
Gm49602,0.0,0.24505427,0.014887489,0.2122531,-0.057167523
Sp4,0.0,0.1500049,0.3073533,0.30463797,0.1288222
Itgb8,0.0,0.14075693,0.12307003,0.13526644,0.16808952
Macc1,0.0,0.045125112,0.023136748,0.020265987,0.041146047
Tmem196,0.0,0.1253123,-0.2397602,-0.07421539,-0.11325467
2810429I04Rik,0.0,-0.10022583,-0.082040876,0.121200405,-0.06076117
Gdi2,0.0,0.026443072,0.13853125,-0.026416287,-0.034827083
Tasor2,0.0,-0.17271332,-0.059414685,-0.14661993,-0.16822255
Asb13,0.0,-0.16756797,-0.047331274,-0.1388133,-0.05768116
Net1,0.0,0.042287074,0.05784529,-0.08578326,-0.08125416
Akr1e1,0.0,0.28709355,0.17556691,0.0822835,0.044482023
Klf6,0.0,0.10415976,0.070897095,-0.051712684,0.08432323
Pitrm1,0.0,0.08171308,-0.18163738,-0.09587856,-0.22737113
Pfkp,0.0,-0.09605861,0.0052727833,-0.18027793,-0.3215608
Gm40662,0.0,-0.029973364,-0.017476827,-0.021808585,-0.01772347
Adarb2,0.0,0.39717335,-0.074830875,0.30489922,-0.3529473
Wdr37,0.0,0.22426137,0.22389823,0.16408633,0.07794733
Idi1,0.0,0.25535184,-0.033305362,-0.06619878,0.09863892
Gtpbp4,0.0,-0.1425713,-0.16979857,-0.032066,-0.19708373
Gm36264,0.0,0.53627163,-0.27362072,-0.03307674,-0.2611724
Larp4b,0.0,-0.020468257,0.115997456,0.11773944,-0.19170639
Dip2c,0.0,-0.08313977,0.0007749237,-0.079382956,-0.008198962
Gm36423,0.0,-0.12622678,-0.039686065,-0.055105563,0.042641893
Zmynd11,0.0,0.11556815,0.14721566,0.037133582,-0.04293093
Gm47802,0.0,0.028088368,-0.06154571,0.17411058,-0.058981147
Chrm3,0.0,0.42491785,0.18352053,0.4693633,-0.11004083
Gm47405,0.0,-0.10207949,-0.077511236,0.012512928,-0.06783712
Gm26861,0.0,0.050604224,0.039244898,-0.014840784,0.004903283
Ryr2,0.0,0.30200052,0.005511552,0.029471941,0.064904116
Mtr,0.0,0.00315941,0.019321356,0.039746705,-0.26418853
Actn2,0.0,-0.09928242,-0.11201939,-0.10353155,0.08014443
Heatr1,0.0,0.025381975,0.15099573,-0.08294554,-0.07761423
Lgals8,0.0,-0.08546111,-0.038084205,0.005469833,-0.21363193
Edaradd,0.0,-0.2734657,-0.11292742,0.16639692,-0.25673765
Ero1lb,0.0,0.120790236,0.06486514,0.11574444,-0.17482132
Gpr137b,0.0,0.11892207,0.16436726,0.27233264,0.07478615
Nid1,0.0,0.042802453,0.06498721,0.17575733,0.1280412
Lyst,0.0,0.11022666,0.030832186,0.07248739,0.11031885
Gng4,0.0,0.11036313,-0.015172996,0.059101567,0.14145069
Gm47882,0.0,0.04979347,0.017780662,-0.026387475,-0.009732913
B3galnt2,0.0,0.18372744,0.024015002,-0.024186254,0.027784087
Tbce,0.0,-0.01471065,0.04373377,0.17704147,-0.00937292
Ggps1,0.0,-0.12993792,-0.10520659,-0.13327171,-0.022585291
Arid4b,0.0,-0.098448135,0.03129255,-0.09827273,-0.009141579
Gm48027,0.0,0.13464785,-0.11428368,0.049806364,-0.026699774
Hecw1,0.0,0.20788468,0.15185025,0.034315087,-0.11666237
Mrpl32,0.0,0.10803098,0.09434188,-0.1735309,-0.023680538
Psma2,0.0,-0.027538188,-0.073683836,-0.24535526,-0.0967861
AW209491,0.0,-0.22807795,0.022663863,0.18566209,-0.081763215
Gli3,0.0,-0.011631891,0.18961734,0.06796542,-0.0028624833
4933412O06Rik,0.0,0.0047940537,-0.13360843,-0.05767156,-0.14707664
A530046M15Rik,0.0,-0.03492043,-0.08964845,0.020125544,0.0066011334
Inhba,0.0,0.09576759,0.0632183,0.09600547,-0.01757697
Sugct,0.0,0.2720887,0.32890975,0.2613658,0.13417818
Mplkip,0.0,-0.21645033,-0.2159729,0.002960831,-0.23296463
Cdk13,0.0,-0.07969752,-0.011491967,-0.13853937,-0.07182715
Rala,0.0,-0.06205012,0.13182488,-0.10265256,-0.024062447
Yae1d1,0.0,-0.114721864,-0.14552072,-0.021726195,0.0031612318
Pou6f2,0.0,0.07414871,-0.15848437,-0.12166621,-0.44878903
Vps41,0.0,-0.024655469,0.15013714,0.047977157,-0.034979828
Amph,0.0,0.0073198564,0.0032408442,-0.08020486,-0.32476565
Stard3nl,0.0,0.2594695,0.1301582,0.20504765,0.0075966716
9330199G10Rik,0.0,-0.19430593,-0.14513464,-0.14137787,-0.028016426
Epdr1,0.0,-0.22539839,-0.118994236,-0.19213393,0.0028580073
Sfrp4,0.0,0.26216772,0.066247985,0.17896156,0.19189976
Elmo1,0.0,0.36392748,0.159472,0.118070796,-0.012994826
Gm32036,0.0,-0.09241937,0.07744482,-0.19658548,-0.14140092
Gm47664,0.0,-0.074498504,-0.20131907,-0.019446071,-0.140869
Aoah,0.0,0.0029870346,0.026847566,0.10507701,-0.008789346
Trim27,0.0,-0.037174463,0.006202683,-0.020931993,-0.055071544
Zscan12,0.0,-0.06281577,-0.13729236,-0.0183185,-0.08849915
Zkscan3,0.0,-0.2149549,0.08508676,-0.13460585,-0.14380668
Pgbd1,0.0,-0.2516542,0.06981114,-0.21031836,-0.26189274
4930470G03Rik,0.0,0.00528688,-0.03686282,-0.17393017,-0.119776286
Zscan26,0.0,-0.10906408,-0.032468803,-0.22474724,0.02361775
Nkapl,0.0,-0.062002994,-0.0924255,-0.1664293,-0.13421032
Zkscan4,0.0,0.09958,0.12073742,0.06691727,0.02530311
AK157302,0.0,-0.16193202,-0.1367424,-0.06747006,-0.10098923
Zkscan8,0.0,0.23693573,0.13787466,0.30479413,-0.021110237
Zfp184,0.0,0.002962537,0.18986064,0.02729638,0.0435593
Gm11290,0.0,-0.11135651,-0.36265898,-0.054499283,-0.29682678
Hist1h4i,0.0,-0.023639891,0.44997367,-0.22525011,-0.20935075
4930586N03Rik,0.0,-0.03660813,-0.08251445,-0.2590655,-0.2667273
Zfp322a,0.0,0.19679168,0.10900367,0.1495469,0.13361478
Abt1,0.0,0.260346,0.061523914,-0.10400832,-0.024297722
C230035I16Rik,0.0,0.15564404,0.06070748,0.21095893,0.32434368
Gm46404,0.0,0.13505043,-0.14922097,0.25940597,-0.17647667
Hist1h4d,0.0,0.49130225,-0.2794327,-0.3244477,-0.011364099
Hist1h2be,0.0,-0.07247107,0.25560313,0.16894093,0.021327548
Hist1h2bc,0.0,-0.11279813,0.023809083,-0.45565945,-0.009857267
Hfe,0.0,-0.14891125,-0.13637914,-0.09862407,-0.02835118
Hist1h1c,0.0,0.6090527,0.7365615,0.95106566,0.24433598
Carmil1,0.0,-0.085402764,0.14304817,0.08460134,-0.078931935
Ripor2,0.0,-0.0298758,0.040060133,0.22789621,0.08493313
Gmnn,0.0,0.082848474,0.050222702,-0.0008812323,0.107532665
BC005537,0.0,0.10762802,0.25517014,0.18412511,0.052755326
Acot13,0.0,-0.009601861,0.12449058,-0.049430795,-0.03613781
Tdp2,0.0,0.09240045,0.26474643,0.07818067,0.08549285
D130043K22Rik,0.0,0.44216463,0.50512576,0.37049076,0.21026458
Aldh5a1,0.0,0.14464706,0.111947834,0.043585986,-0.07206104
9330162012Rik,0.0,-0.30552962,-0.055609986,-0.20423715,-0.25393516
Gpld1,0.0,0.2783261,0.26903105,0.17464578,0.094445944
Mrs2,0.0,0.1360372,0.038208198,0.08746691,-0.32678622
Dcdc2a,0.0,-0.2422335,0.07190876,-0.18057111,-0.1192683
Nrsn1,0.0,0.30673462,-0.15453197,-0.37328565,-0.058280885
Gm40841,0.0,0.10914545,-0.042832963,0.26644152,-0.12575248
2610307P16Rik,0.0,-0.18920249,-0.14408477,-0.15611337,-0.18322864
Sox4,0.0,-0.20878506,0.002929125,0.13407099,0.0748506
A330102I10Rik,0.0,-0.022549802,0.10932064,0.02348333,-0.21830522
Cdkal1,0.0,-0.022340983,0.07845445,-0.009028882,0.106690496
E2f3,0.0,-0.09566046,0.18959948,0.033357225,-0.23387846
Mboat1,0.0,-0.12211207,0.07394908,0.09138483,0.04402179
Agtr1a,0.0,-0.030791469,-0.056214493,-0.05825427,-0.03784052
Uqcrfs1,0.0,0.13097878,-0.00887128,-0.21687758,0.13608354
Dusp22,0.0,-0.110252015,0.08579756,0.13479634,-0.01791276
Gm29675,0.0,-0.12940352,-0.35259438,-0.19782907,-0.27670154
Exoc2,0.0,0.03888696,-0.042556778,0.0050745755,-0.043097317
Foxc1,0.0,0.037543908,-0.02160846,0.060173336,0.06000513
Gmds,0.0,-0.05653566,0.026249524,-0.02819682,-0.09306486
Wrnip1,0.0,0.12293338,0.04503538,0.071554355,-0.12310156
Serpinb1a,0.0,-0.04996331,0.014185939,-0.19615501,-0.15791437
Serpinb9,0.0,-0.15327278,-0.204308,-0.17178655,-0.016875766
Serpinb6a,0.0,0.08521024,0.15258807,0.19504638,0.031129748
1110046J04Rik,0.0,-0.1790236,-0.046119772,0.37686265,0.019618094
Nqo2,0.0,0.011106744,0.13211533,0.19064033,0.11948456
Ripk1,0.0,0.21423222,-0.074290946,0.2709738,0.017190456
Bphl,0.0,-0.035813067,-0.08256772,-0.04335291,-0.38687932
Tubb2a,0.0,-0.099897504,-0.040556483,-0.18027015,0.18355742
Tubb2b,0.0,0.01959528,0.009060886,-0.14157487,-0.032453332
Psmg4,0.0,0.19211859,0.20328096,-0.020835131,0.14081013
Slc22a23,0.0,0.03618303,0.2683426,0.31154805,0.07882443
Pxdc1,0.0,-0.08737302,-0.23178154,-0.1647202,-0.2500047
Gm36839,0.0,0.21041228,-0.13572934,0.23452342,0.0024903715
Prpf4b,0.0,-0.056673154,-0.21954373,-0.250624,-0.1054832
Eci2,0.0,-0.09019927,0.17097548,0.10384381,-0.030966222
Cdyl,0.0,-0.05796299,0.18930984,-0.020161279,0.019334957
Gm48708,0.0,0.2656674,0.07621358,-0.11510351,-0.35934022
Rpp40,0.0,-0.052303996,-0.06953575,0.13177776,0.06434772
Gm48746,0.0,0.07891029,-0.08541334,-0.09158934,-0.040565405
Lyrm4,0.0,-0.15627998,-0.027679242,-0.22055414,-0.4276591
Gm48770,0.0,-0.072146505,-0.37782994,-0.051783383,-0.44753328
Gm48765,0.0,-0.104726054,-0.009319317,-0.41591704,-0.031941585
Fars2,0.0,-0.10495998,0.052161783,0.017311525,-0.05563937
Gm46409,0.0,-0.039418563,-0.09159278,-0.06105878,-0.009630165
Nrn1,0.0,0.31886753,-0.080896735,0.23995471,0.21006173
Ly86,0.0,0.0060317516,-0.4142836,-0.17487359,-0.22020489
Rreb1,0.0,-0.028198078,0.20076081,0.17002615,-0.016760156
Ssr1,0.0,-0.029824845,0.040708743,-0.11599007,-0.06981566
Cage1,0.0,0.09245239,-0.026376799,0.27977788,0.27278453
Riok1,0.0,-0.15969723,0.034754522,0.10482532,-0.10510154
Snrnp48,0.0,-0.12926307,-0.10397576,-0.09757866,0.076202214
Bmp6,0.0,0.024444565,0.10942521,0.20835388,-0.08445332
Txndc5,0.0,-0.108737156,-0.09246059,0.10748586,0.086224966
Bloc1s5,0.0,0.1025393,-0.035292663,0.12071532,-0.060693406
Eef1e1,0.0,0.091737464,-0.061032586,0.06571379,0.18219128
Slc35b3,0.0,-0.061300673,-0.10379493,0.038540084,0.09142579
5033403F01Rik,0.0,-0.107887596,-0.24944393,-0.29348832,-0.1542477
Gm47352,0.0,-0.029934164,-0.04643676,0.025213439,-0.07024842
Ofcc1,0.0,-0.012944631,-0.013950559,-0.037612885,-0.07340955
Gcnt2,0.0,-0.032738015,-0.0744598,-0.0032582479,0.00028307736
A730081D07Rik,0.0,-0.10271183,0.044201165,0.10909913,-0.17731537
Pak1ip1,0.0,-0.039302528,0.17710876,-0.1426647,0.14550406
Tmem14c,0.0,-0.48293382,-0.06393071,-0.09978424,-0.06885936
Mak,0.0,0.21660979,-0.2098935,0.043856233,-0.16062571
Sycp2l,0.0,-0.018787216,-0.08634931,0.03748607,-0.023463733
Elovl2,0.0,-0.017788198,-0.12847479,0.1881742,-0.12012619
Smim13,0.0,0.101435006,0.10521616,0.08143593,-0.095484465
Nedd9,0.0,-0.26860508,0.046514656,-0.20242314,-0.16709958
Gm32184,0.0,0.03280302,-0.049875196,0.066063344,-0.01059413
Tmem170b,0.0,-0.15233581,0.012865136,-0.07804127,-0.123278424
Gm10790,0.0,-0.04221815,-0.054111138,-0.0041488893,0.027758885
Hivep1,0.0,0.1276499,0.22687909,0.08659409,0.019598648
Phactr1,0.0,-0.003142953,0.1628232,0.19952829,0.09029294
Gm15810,0.0,-0.0055394154,0.005285166,0.0010540239,0.011635416
Gm15809,0.0,-0.098129354,-0.08668699,0.00926044,0.025101347
Gm15813,0.0,0.05695398,0.07735307,0.15832624,0.05143945
Tbc1d7,0.0,0.29478708,0.07508072,-0.031125031,-0.07984907
Gfod1,0.0,0.13830233,0.28611752,0.33680004,0.16017026
Sirt5,0.0,-0.18952307,0.015765732,0.118856296,-0.053554
Nol7,0.0,0.33771688,0.24182244,-0.14328161,0.011799276
Ranbp9,0.0,-0.16159515,-0.036695983,-0.0803995,-0.12727235
Mcur1,0.0,0.08469848,0.10270923,0.2199032,-0.007282838
Rnf182,0.0,-0.2200713,0.067154676,0.13417558,-0.029907506
Gm47728,0.0,-0.055154543,-0.19219947,0.16791093,-0.19645126
Gm20751,0.0,0.5347815,-0.092054695,1.0642676,-0.29701692
Cd83,0.0,0.11349578,-0.22071934,0.096884295,-0.1666002
Gm33195,0.0,0.11717929,-0.16557081,0.1512638,-0.24108736
A330076C08Rik,0.0,0.14307064,0.1345673,0.31663644,0.043389976
Jarid2,0.0,-0.06949754,0.13736114,0.14672719,0.11440149
Dtnbp1,0.0,0.020855837,0.053502213,0.051142808,0.039460648
Mylip,0.0,-0.1853216,0.10573675,0.02659041,-0.20722674
Gmpr,0.0,-0.3496573,0.04068283,-0.09937866,-0.25967288
Atxn1,0.0,-0.11781383,-0.015723068,-0.08543911,-0.0017332956
Gm47460,0.0,-0.13024797,-0.044230677,-0.13617681,0.085274294
4930453C13Rik,0.0,0.01458451,-0.010757869,0.017997384,-0.11387262
5033430I15Rik,0.0,0.16870303,0.0520176,0.05257403,0.09107217
Rbm24,0.0,-0.25819063,-0.14050151,-0.013445161,-0.23917112
Cap2,0.0,-0.03333476,0.18634193,0.111775964,0.04841359
Gm47523,0.0,0.100974746,0.13907985,0.2783267,0.22082044
Fam8a1,0.0,0.19174755,0.19953641,0.21116212,0.13699588
Nup153,0.0,-0.09708534,0.32154724,0.16233921,0.12171002
Kif13a,0.0,0.14091313,0.16399689,0.22096814,0.06919254
Gm48250,0.0,0.029277772,0.3462364,0.17038262,0.19821058
Nhlrc1,0.0,0.15470226,0.22616145,0.10066954,0.25198817
Tpmt,0.0,-0.093679585,-0.016096387,0.03605129,-0.048453175
Kdm1b,0.0,0.012717066,-0.02947093,-0.1614407,-0.010259321
Dek,0.0,0.11637217,0.038418602,-0.05124943,-0.055560574
Rnf144b,0.0,-0.19978899,0.01652946,-0.05760446,-0.17013565
A930002C04Rik,0.0,0.008212044,-0.011055109,-0.041159008,-0.0023905048
A330033J07Rik,0.0,0.5956185,0.33246136,0.55027854,0.37211934
Id4,0.0,0.111835174,0.16618812,0.009289339,0.14948359
Zfp169,0.0,-0.099243075,-0.16562206,0.27976835,0.04720548
A830005F24Rik,0.0,0.047702394,-0.084010586,-0.034162916,-0.051609434
6720427I07Rik,0.0,0.35578072,0.14879037,0.48427898,0.16457832
Ptpdc1,0.0,0.14421943,0.14053273,0.1610955,-0.048907757
Phf2,0.0,-0.06676929,-0.03911574,0.16129741,-0.08847171
Phf2os1,0.0,0.10524306,0.014681846,0.20064569,-0.032303162
Fam120a,0.0,0.0069053713,-0.010948848,-0.005745057,-0.15384147
Wnk2,0.0,-0.4168863,-0.2475073,-0.30674452,-0.23870885
Ninj1,0.0,-0.22483124,0.034832194,0.2235984,0.12412837
Card19,0.0,0.21217197,0.3020263,0.30272967,0.10028376
Susd3,0.0,0.0090435315,0.0036069192,-0.035208948,-0.0073126517
Fgd3,0.0,0.116316214,-0.099102646,0.22741751,-0.14879584
Bicd2,0.0,0.045823466,-0.047969915,0.073254004,0.12079985
Ippk,0.0,-0.32859164,0.06748299,-0.09853544,-0.17723688
Cenpp,0.0,-0.011079349,-0.12944227,-0.11230984,-0.21538195
Tes3-ps,0.0,-0.07284853,-0.116758384,-0.11444517,-0.07258706
Ecm2,0.0,-0.01676524,-0.1272957,0.016225668,0.1221129
Omd,0.0,0.05660621,-0.1198853,-0.116848044,-0.10435853
Nol8,0.0,0.21013594,0.17883874,0.051970154,0.24778688
Iars,0.0,-0.06324357,0.15124208,-0.11724301,-0.15589269
Gm8739,0.0,0.006597836,0.0028363448,-0.08800567,-0.05210724
Fbxw17,0.0,0.046174288,0.14539014,0.053852566,0.012231752
Spin1,0.0,0.15717778,0.12680444,-0.010043129,0.11249883
Gm32834,0.0,-0.11916436,-0.09346535,0.21895106,-0.11538711
S1pr3,0.0,-0.22275692,0.10765358,-0.121021934,-0.27524313
Shc3,0.0,-0.06709693,0.13413277,0.06807998,-0.2530976
Cks2,0.0,-0.008106621,-0.08943302,-0.046947822,-0.14464134
Secisbp2,0.0,-0.06326714,0.037669607,-0.028994583,-0.041960083
Sema4d,0.0,0.12181936,0.12583214,0.13431406,-0.14179602
Gadd45g,0.0,0.2386542,-0.0628113,0.2694279,0.06986924
Diras2,0.0,0.28451124,0.13425052,0.103472985,0.055049077
Syk,0.0,-0.056614526,0.07549665,-0.021240419,0.03036816
Auh,0.0,0.05959776,-0.01537779,-0.017551377,-0.16728616
Nfil3,0.0,-0.028747313,-0.16101773,-0.18538474,-0.24230617
Ror2,0.0,-0.32293558,-0.073866725,-0.11724455,-0.33677503
Sptlc1,0.0,0.119010925,0.29026955,0.25132167,0.008203164
Gm2762,0.0,0.24336177,-0.09844016,-0.008712351,0.09477018
E130119H09Rik,0.0,0.00026048208,-0.002246392,0.010991955,0.018270282
Drd1,0.0,0.06390736,0.05413966,0.051196694,0.049350798
Sfxn1,0.0,0.2770837,0.40064025,0.16455764,0.11519769
Hrh2,0.0,0.19461378,0.110961586,-0.02044896,-0.049075916
Gm48623,0.0,0.13947427,-0.042423554,0.22300676,-0.03021364
Cplx2,0.0,0.2685615,-0.004405439,0.008596882,0.1507507
Thoc3,0.0,0.019793812,-0.1612498,-0.034040675,0.20056745
Simc1,0.0,-0.3639291,-0.26276666,-0.10006812,-0.29379523
4833439L19Rik,0.0,0.0790046,0.21274374,-0.007908955,-0.018605404
Arl10,0.0,0.29799488,0.28623804,0.54669446,0.20541114
Nop16,0.0,-0.2180922,-0.04006458,0.020225301,-0.10869456
Higd2a,0.0,0.0837653,0.061751403,0.070625335,-0.009131193
Cltb,0.0,0.10411166,0.17440064,-0.09851548,0.26215506
Faf2,0.0,-0.13957687,0.12698723,0.15366393,0.06817088
Rnf44,0.0,0.15255323,0.22556707,0.07588954,0.029369444
Gprin1,0.0,0.15947853,0.002549909,-0.097246006,-0.08050569
Sncb,0.0,0.15661032,0.21115501,-0.11047192,0.24858978
Tspan17,0.0,-0.05300223,-0.1472057,0.031741552,-0.091385916
Unc5a,0.0,0.109063014,-0.0101165855,-0.18332228,-0.16362315
Hk3,0.0,-0.018908057,0.04973979,0.02969837,0.06784466
Uimc1,0.0,0.05769945,0.08389023,0.12267494,0.007765755
Zfp346,0.0,-0.03273432,-0.015395414,0.11673275,-0.23086864
Nsd1,0.0,-0.23309724,0.015051782,-0.07890376,-0.09562392
Rab24,0.0,0.16157545,0.47401577,0.20525165,-0.11856383
Prelid1,0.0,-0.016862124,0.12968478,-0.0016029477,0.021719504
Lman2,0.0,0.023514397,0.126105,0.22803222,-0.070951685
Rgs14,0.0,-0.029569324,0.00022325478,-0.11633592,-0.082113914
F12,0.0,-0.009658603,0.05030752,-0.020705508,-0.00464667
Grk6,0.0,-0.075859725,0.07692965,-0.026067905,-0.23057698
Prr7,0.0,-0.015971422,0.2897327,0.20552462,-0.09841937
Dbn1,0.0,0.0102836415,0.21117958,-0.058609806,0.15556969
Pdlim7,0.0,-0.11092911,0.001903547,0.12880944,-0.36762273
Dok3,0.0,-0.3665212,-0.14240243,-0.100051604,-0.27929896
Ddx41,0.0,-0.04889582,0.19052583,-0.10862215,-0.091834545
Fam193b,0.0,0.062389553,0.17331173,0.20600533,0.1371153
Tmed9,0.0,-0.025002778,0.01042594,0.06841907,0.011579871
B4galt7,0.0,-0.13709638,-0.265234,-0.035752628,-0.08421416
Caml,0.0,-0.028684568,-0.08482736,-0.1725752,0.11233273
Ddx46,0.0,-0.17013696,-0.021330655,-0.118246526,-0.15305531
B230219D22Rik,0.0,0.14085375,0.05319082,-0.0006777495,0.15273862
Txndc15,0.0,-0.0774546,0.06723767,0.09826792,0.18904613
Pcbd2,0.0,-0.33668184,-0.05086784,-0.042984493,-0.23908383
Catsper3,0.0,-0.18551615,0.041652225,0.13911895,-0.22374344
Gm47071,0.0,0.0871886,0.0820113,0.17077932,-0.034462415
H2afy,0.0,0.1736842,0.24053277,0.17296243,0.04115741
Cxcl14,0.0,0.18058021,0.18223114,0.24177688,0.14020476
Fbxl21,0.0,0.12134342,0.078583635,0.17634518,0.03840325
Tgfbi,0.0,-0.0700045,-0.03969059,-0.087777495,-0.03162244
Smad5,0.0,0.23009974,0.3155255,0.2228424,0.17258628
Trpc7,0.0,0.09468736,0.008735016,-0.00023195148,-0.023753203
Spock1,0.0,0.39584035,0.236207,0.25171274,-0.10353804
Klhl3,0.0,-0.1840084,0.09058897,0.098382294,-0.18554096
Hnrnpa0,0.0,0.25841668,-0.01962196,-0.4043012,0.06657456
Idnk,0.0,0.07096664,0.18557896,0.009148575,-0.032383755
Ubqln1,0.0,0.25637454,0.22287989,0.048017994,-0.019395187
Gkap1,0.0,-0.068536475,0.013536234,-0.035654802,-0.1160766
Gm26555,0.0,0.0132155605,-0.029918598,-0.08223914,-0.11858784
Kif27,0.0,-0.03241407,-0.23293667,-0.0665822,-0.007469788
2210016F16Rik,0.0,-0.1958049,-0.16026318,-0.03177603,-0.006462872
Hnrnpk,0.0,0.2528118,0.11117194,0.022711799,0.044650942
Rmi1,0.0,0.26529315,0.31724268,0.14548072,0.27991956
Ntrk2,0.0,-0.18867059,-0.09757609,-0.1498122,-0.10585148
Gm47423,0.0,-0.25145733,0.07004967,-0.43256015,-0.0347056
4930415C11Rik,0.0,-0.28961024,0.18674159,-0.051331222,-0.1655703
Gm34354,0.0,0.040604223,0.104236685,0.09722246,0.013565458
Gm47359,0.0,0.041036025,0.058412414,0.17533766,0.077598736
Agtpbp1,0.0,0.09755419,0.02369102,-0.01421937,-0.14223789
Naa35,0.0,-0.024801418,-0.043994844,-0.008260209,0.0122141205
Golm1,0.0,0.025895663,-0.093171455,-0.17210223,-0.25066
Isca1,0.0,0.25107995,0.104589075,-0.05549735,0.20470569
Etohd2,0.0,-0.123589054,-0.090756476,-0.069657505,0.14471388
Tut7,0.0,-0.06632358,-0.060294434,-0.08271752,-0.22510935
Gm34961,0.0,-0.019469127,-0.36228243,0.09415343,-0.057809286
Gas1,0.0,0.13085237,0.05698821,0.24778569,-0.042442597
Dapk1,0.0,0.032749232,-0.008128036,0.015728232,-0.15930334
Gm48228,0.0,0.00022686878,0.011936919,0.0010432424,-0.19377537
Zfp808,0.0,-0.11934651,0.040883698,0.08706703,-0.017074272
Gm3604,0.0,-0.014173724,-0.06994797,0.15859923,-0.06997736
Gm49359,0.0,-0.1555202,0.027539572,-0.14816709,0.14544767
Zfp934,0.0,-0.1615452,-0.011961497,0.07736229,-0.031723004
6720489N17Rik,0.0,0.03991577,0.12028932,0.2262776,0.19797128
Platr25,0.0,0.17626882,0.2466999,0.14729062,0.19627589
Gm5141,0.0,-0.16011247,0.065743,-0.3094316,-0.022007888
Aopep,0.0,-0.16754818,-0.054409824,-0.0484107,-0.18487188
Fancc,0.0,0.14657292,0.30388808,0.35923147,0.0027284026
Ptch1,0.0,-0.028210059,0.20722543,0.1477038,0.09361599
Gm30655,0.0,0.28541717,0.35745242,0.3187794,0.22814927
Ercc6l2,0.0,-0.030237794,0.10889142,0.13777201,-0.006051071
Slc35d2,0.0,0.09837332,0.28368026,-0.016843632,0.14829834
Zfp367,0.0,0.23238827,0.037344888,0.31721014,0.20818661
Habp4,0.0,0.46663237,0.23942024,0.18402515,0.1432889
Cdc14b,0.0,0.06386924,0.1039647,0.2511043,-0.13796908
1810034E14Rik,0.0,-0.2085186,-0.1868258,-0.16100053,-0.31521678
Prxl2c,0.0,0.07532453,0.12749444,0.06897615,0.094667345
Ctsl,0.0,-0.20400438,-0.14545387,-0.086026005,-0.031311378
Cdk20,0.0,0.007362772,0.13628979,-0.14774077,-0.030363834
Cntnap3,0.0,0.046705566,0.079980075,0.08795611,-0.056668505
Mfsd14b,0.0,0.123662144,-0.009937063,0.24010065,0.07887517
Gm36445,0.0,-0.053606384,-0.091218576,-0.042651936,-0.15351652
Zfp369,0.0,0.027354382,0.07554894,0.099608265,0.118195504
Uqcrb,0.0,0.10970739,0.16472593,-0.3263058,0.25430822
Gm10767,0.0,-0.0107936505,-0.09618889,-0.15244359,-0.14770648
Mterf3,0.0,-0.1790742,-0.26334643,-0.11750859,-0.121058404
Ptdss1,0.0,-0.042076178,0.021298055,0.21545726,-0.009005822
4933433G19Rik,0.0,0.0013190273,0.09144135,-0.11021106,-0.19305724
Zfp712,0.0,0.27456757,-0.22181723,0.14492798,0.039963987
Gm46440,0.0,-0.00463327,0.017581183,0.06926674,0.052030828
Gm28557,0.0,-0.15925431,-0.08119031,-0.1032594,-0.13603884
Zfp759,0.0,0.1072824,-0.09259638,0.13843831,0.04407782
Rsl1,0.0,-0.015594624,0.13975284,0.06266553,-0.018702142
Zfp455,0.0,0.17127138,-0.038240332,-0.11990237,0.015085278
Gm49064,0.0,-0.07634748,-0.05673805,0.105004765,-0.037543125
Zfp458,0.0,-0.033466607,0.14737345,0.29312587,0.047029816
Zfp457,0.0,0.09674091,0.095001794,0.18555203,0.040733963
Zfp595,0.0,0.3002886,0.27589327,0.54917836,0.3216712
Zfp429,0.0,-0.10168785,-0.18500295,-0.1727373,0.091215886
Gm48900,0.0,0.015667334,-0.039985426,0.051276,-0.044674233
Zfp459,0.0,-0.049116828,-0.095977254,0.084136456,0.054145023
Zfp874a,0.0,0.27500564,0.05723858,0.35658687,0.009525821
Zfp874b,0.0,-0.09770127,-0.24711195,-0.17758536,-0.25380367
Zfp58,0.0,0.028169736,-0.08217215,-0.10993012,-0.082106404
Zfp87,0.0,0.2345596,-0.32019436,0.010587343,-0.03457164
Zfp748,0.0,0.21153799,0.1853205,0.031761006,0.08572054
9430065F17Rik,0.0,-0.078741014,0.02749914,0.21982831,0.31675488
Zfp729b,0.0,-0.15859744,0.01978305,-0.071525276,0.08516417
Zfp729a,0.0,0.08669642,0.102818236,-0.18800744,0.101445675
Zfp738,0.0,0.15287645,0.033423997,0.033901505,0.22762135
Zfp65,0.0,0.031657457,-0.21258935,0.15743808,-0.03714961
Zfp85os,0.0,0.08889052,0.1058648,0.09121877,0.1187843
Zfp85,0.0,-0.13668612,0.14374766,-0.14271563,-0.10482329
Zfp493,0.0,-0.103409275,-0.3095374,-0.22844154,-0.11098796
4930525G20Rik,0.0,-0.2597289,-0.28249294,-0.112108104,-0.20488845
Zfp273,0.0,-0.079051845,0.055995498,0.14926803,0.11214311
Gm10037,0.0,0.058708746,-0.06513207,-0.068706214,-0.090196565
Mtrr,0.0,-0.12923281,-0.22842106,-0.12817684,-0.25760913
Fastkd3,0.0,0.045736324,0.069225945,-0.0749248,0.01272795
1700001L19Rik,0.0,0.02646393,0.007301689,-0.07527155,-0.007232136
Adcy2,0.0,0.025081456,0.18887694,0.2210736,0.02947405
Gm35161,0.0,-0.10527317,0.1347902,-0.03400868,-0.032260418
Tent4a,0.0,0.1748065,0.11171185,0.05342786,0.07957437
Nsun2,0.0,0.1736216,0.13663341,-0.07593688,-0.020839922
Srd5a1,0.0,0.25823346,0.27035254,0.0008185953,-0.048699886
Gm17108,0.0,0.15547398,0.023842936,-0.092288956,-0.056462917
Ube2ql1,0.0,0.28772235,0.08032711,-0.07167929,0.051519766
Med10,0.0,0.2532627,0.01646223,0.09365067,-0.057916135
Gm3772,0.0,0.035411812,-0.0083698295,-0.01804449,-0.0129046645
Ice1,0.0,0.12005057,0.10316667,0.21966904,-0.06844945
Adamts16,0.0,0.23498155,0.094941,0.29769522,0.08823033
Gm36529,0.0,-0.06836608,-0.06304832,-0.08126067,-0.036805805
Ndufs6,0.0,0.1189127,0.12452219,-0.11854461,0.09158902
Mrpl36,0.0,0.12830253,0.20994055,0.16237402,-0.08315794
Lpcat1,0.0,-0.06878495,0.2408002,0.13870214,0.12921837
Clptm1l,0.0,0.23768476,0.008274764,-0.03311111,-0.01646784
Tert,0.0,-0.025821783,-0.09164919,0.013848482,0.052870523
Slc12a7,0.0,0.059001178,-0.018243477,0.0054426454,0.029633097
Nkd2,0.0,-0.116423436,0.13354944,-0.005571587,0.0047240984
Trip13,0.0,0.022049835,0.027567023,-0.018479489,0.115966685
Brd9,0.0,0.00096069276,-0.27420968,-0.4348758,-0.45618886
Gm15912,0.0,0.18076402,-0.11231322,-0.05971986,-0.022490637
Tppp,0.0,0.4571991,0.22233048,-0.13643557,0.37166387
Cep72,0.0,0.083874114,0.026016561,0.037661094,-0.017798387
Slc9a3,0.0,0.10427226,0.02983415,-0.008154817,0.049062
Exoc3,0.0,-0.030714564,0.012380481,-0.14976348,-0.008917496
Ahrr,0.0,0.010655012,0.018166665,-0.0020369096,-0.018204039
Pdcd6,0.0,0.25783443,0.1810024,0.17387955,0.044111967
Sdha,0.0,0.14310616,0.19271015,0.23746738,0.06939082
Ccdc127,0.0,0.1379863,0.041840173,-0.14814804,-0.010625005
Zfp72,0.0,-0.067923695,-0.014769908,0.22618069,0.001658678
Ftl1-ps1,0.0,-0.015711565,0.030031454,-0.20208707,-0.19006833
E430024I08Rik,0.0,0.26413873,0.16376454,0.25726828,0.2140939
Zfp825,0.0,-0.11306611,-0.089263305,-0.17794976,-0.11755553
Gm47467,0.0,-0.09262857,-0.38246435,-0.12941909,-0.27714878
Gm47469,0.0,-0.13391739,-0.17409663,0.056646317,-0.101031125
Gm46430,0.0,-0.06805658,0.01815793,0.038507886,-0.06133365
Erap1,0.0,0.23061539,0.103400126,0.048140094,0.09501327
Cast,0.0,0.11846377,0.12969375,0.2896912,-0.07637903
Pcsk1,0.0,-0.07331363,-0.045841917,-0.14975429,-0.2514978
1700037F03Rik,0.0,-0.3916843,-0.27662247,-0.14862901,0.020362318
Ell2,0.0,0.20768645,0.081754915,0.013205256,-0.23189273
Gm48302,0.0,-0.16847272,0.005499672,0.006188605,-0.13878655
Glrx,0.0,-0.015955724,0.015328394,-0.14547987,-0.12850563
Rhobtb3,0.0,-0.025577404,0.028570123,0.1251339,-0.024512626
Spata9,0.0,0.0045079924,-0.11443241,-0.12068799,-0.035949104
Rfesd,0.0,0.07196599,-0.24699594,-0.13956301,-0.12189463
Gpr150,0.0,-0.108842105,0.007358893,-0.0036637373,-0.06507031
Arsk,0.0,-0.097589776,0.08411361,-0.018438816,0.03607317
Ttc37,0.0,-0.10529761,0.07660725,-0.022384156,-0.03664543
Mctp1,0.0,0.042370856,0.04252501,0.09342094,-0.30094656
Slf1,0.0,0.099094756,0.06052036,0.1681506,-0.00922516
2210408I21Rik,0.0,0.22103232,0.11276563,0.11503127,0.077915974
Fam172a,0.0,0.028039575,0.07307239,0.10580187,0.019981436
Pou5f2,0.0,-0.07515373,0.40797347,0.075706534,-0.013702415
Gm38604,0.0,0.14725089,-0.07002427,0.17376387,0.104285076
3110006O06Rik,0.0,0.040440734,0.09638663,0.074053824,0.07804688
Nr2f1,0.0,0.06920898,0.2888665,0.2468022,-0.015957877
A830082K12Rik,0.0,-0.06543276,0.026621621,0.012418419,0.033821996
Gm28526,0.0,-0.06628499,-0.12607206,-0.11623658,-0.017792871
Arrdc3,0.0,-0.41690233,0.04869607,-0.36787605,-0.33008587
Gm4211,0.0,-0.11843066,-0.07664123,-0.07439059,0.022273988
9330111N05Rik,0.0,-0.11024147,0.17507078,0.3430984,0.07525416
Adgrv1,0.0,-0.14389926,-0.0075578913,0.07457295,0.18811223
Lysmd3,0.0,-0.114800066,-0.10746859,-0.17180952,-0.183213
Polr3g,0.0,0.17462139,-0.0015598536,0.093198344,0.12690312
Mblac2,0.0,0.442142,0.124292,0.35855347,0.20287365
Gm17259,0.0,0.0030009896,-0.014622979,0.15590382,0.03373037
Cetn3,0.0,-0.17232521,-0.15470043,-0.2954805,-0.08764166
Mef2c,0.0,0.40150028,0.32698298,0.24841082,0.14331794
C130071C03Rik,0.0,-0.068004444,-0.11205447,0.13861296,0.09187737
Gm26803,0.0,-0.1326858,-0.06890457,0.025723528,-0.041328922
2810049E08Rik,0.0,-0.034257397,0.051815294,0.3380194,-0.050675943
Gm4241,0.0,0.046733797,-0.042482212,-0.055051044,-0.08633974
Gm17750,0.0,-0.2231985,-0.07087222,-0.20069218,-0.21798038
A230107N01Rik,0.0,0.17369945,-0.06686009,0.1423215,0.024405781
Tmem161b,0.0,-0.13601014,-0.08629437,-0.1413653,-0.19551818
Ccnh,0.0,0.18294439,0.03248045,0.06353786,0.14496738
Rasa1,0.0,0.18419674,0.16991872,0.1115173,0.14542222
Cox7c,0.0,0.2842952,0.055137843,-0.32327265,0.17314108
Edil3,0.0,0.37512663,0.11340684,0.41092125,0.11393294
Hapln1,0.0,-0.19225779,0.008618891,-0.29110962,-0.13628519
Vcan,0.0,0.31968758,0.16131195,0.14175987,0.1866094
Gm4117,0.0,0.3066755,0.0629217,-0.06636579,0.08485091
Xrcc4,0.0,-0.07507603,0.041107677,-0.012391049,-0.058305215
Tmem167,0.0,0.071801364,0.07099908,0.20201051,0.04284794
Atp6ap1l,0.0,0.07803329,0.027694918,0.1278766,0.14124878
Rps23,0.0,0.33950675,0.03803949,-0.22525394,0.31607616
Atg10,0.0,0.00955212,-0.12375214,-0.06488055,-0.06615349
A830009L08Rik,0.0,0.020076387,-0.18918517,-0.055401467,-0.17327827
Ssbp2,0.0,-0.099495694,0.022242974,-0.049573086,-0.021722801
4833422C13Rik,0.0,0.054704443,0.13349131,0.105857864,0.08833066
Acot12,0.0,-0.08623612,0.043697678,-0.059494406,-0.16581433
Zcchc9,0.0,0.3618315,-0.010218546,0.0059223026,0.09465577
Ckmt2,0.0,-0.0030372292,-0.013395019,0.14123969,0.05460171
Rasgrf2,0.0,0.13776354,0.055806316,-0.11614442,-0.13795549
Msh3,0.0,0.080874346,0.23250368,0.26701152,-0.20785855
Dhfr,0.0,-0.106844,-0.15111974,0.1853486,-0.038599044
Ankrd34b,0.0,0.08528604,-0.17722642,-0.3049125,-0.19901249
Fam151b,0.0,-0.20859247,-0.021177322,-0.17484716,-0.34187102
Zfyve16,0.0,0.16009194,-0.037637487,0.13008772,0.09866468
Serinc5,0.0,0.09843613,0.1589358,0.05165969,0.24532181
Thbs4,0.0,0.12711933,0.0058965385,0.10016701,0.0119433105
Mtx3,0.0,0.64656234,0.33474022,0.4401002,0.1366498
Cmya5,0.0,-0.07143458,0.051360488,-0.019476416,-0.08598112
Tent2,0.0,-0.0675589,-0.034949176,-0.087951325,-0.056386642
Homer1,0.0,-0.21943209,0.03224587,-0.20483224,-0.17220885
Jmy,0.0,0.1827958,0.16761401,0.3037038,0.08700754
Bhmt2,0.0,0.00526656,-0.026370674,-0.028578814,0.043093827
Dmgdh,0.0,-0.008434111,0.041244898,0.02364882,0.033030607
AW495222,0.0,0.056317866,-0.04689191,-0.070947655,-0.015370451
Arsb,0.0,-0.25698754,-0.04089373,-0.064712726,0.02335891
Lhfpl2,0.0,-0.0643457,0.1180285,0.23286039,0.103568204
Scamp1,0.0,0.14227745,0.1102885,0.16500835,-0.0098261535
Gm9776,0.0,5.551148e-06,-0.0856866,0.04186862,-0.07750532
Ap3b1,0.0,-0.18718679,-0.07318071,-0.14722726,-0.12971452
Tbca,0.0,0.13870701,0.13056338,-0.027796552,0.22174639
Wdr41,0.0,0.31805682,0.27952877,0.33450997,0.16829264
Gm48350,0.0,0.12121193,0.04847304,0.050342917,-0.17645495
Gm48420,0.0,0.1375099,-0.15992661,-0.041903988,-0.111599065
Pde8b,0.0,-0.2957279,-0.07303608,-0.18579568,-0.18488385
Zbed3,0.0,-0.07632932,-0.067225285,0.00015591783,-0.09119975
Aggf1,0.0,0.114143,0.11530371,0.10308693,0.027660154
Crhbp,0.0,-0.06653641,-0.07453886,-0.026342016,-0.08817245
F2r,0.0,0.39358625,0.244082,0.3645549,0.081176236
Iqgap2,0.0,0.07483484,0.14708929,0.24912012,-0.031163678
Sv2c,0.0,0.37033468,0.2206034,0.0047198534,0.035510764
Poc5,0.0,0.14977683,0.3928234,0.14529714,-0.05415909
Polk,0.0,0.08832033,0.3645385,0.3227251,-0.17599055
Col4a3bp,0.0,0.25518703,0.20141034,0.13546735,0.20179345
Hmgcr,0.0,0.07491957,0.08397137,-0.0012464821,0.06908292
Ankrd31,0.0,0.036320955,-0.014859861,-0.020633765,-0.037463132
Gcnt4,0.0,0.19830936,0.3410343,0.02418761,0.19687928
Fam169a,0.0,0.095414035,-0.045617722,-0.2472119,-0.27168375
Gm6169,0.0,-0.011688273,-0.005479679,0.015861185,-0.015705157
Nsa2,0.0,0.04517307,-0.16273564,-0.35563728,-0.14641175
Gfm2,0.0,0.08378532,0.06966471,0.18332131,0.0009086877
Hexb,0.0,-0.113025144,0.10228832,-0.17957182,0.05904603
Enc1,0.0,0.5729016,0.09033002,0.19900104,0.31671977
Lncenc1,0.0,-0.07529223,-0.099188596,-0.2517264,-0.16326053
Gm5086,0.0,0.040262796,-0.01800973,0.031978417,0.047338083
Arhgef28,0.0,0.30571398,0.12002537,0.051300466,0.10517585
Utp15,0.0,-0.032461837,0.1448806,0.061510324,-0.044614658
Ankra2,0.0,0.084659316,0.040509723,0.09193137,0.116807446
Btf3,0.0,0.2634613,0.17587483,-0.092749506,0.08584937
Gm9828,0.0,0.24168214,0.113572344,0.26685515,0.011417285
Fcho2,0.0,0.021692686,0.06163621,0.06277333,0.06798477
D130062J10Rik,0.0,-0.09945074,0.13475421,0.094689466,-0.023612779
Gm47551,0.0,0.03777497,0.18048614,-0.05810085,-0.0289893
Tnpo1,0.0,0.013680652,0.09485396,0.26728338,0.13556285
Ptcd2,0.0,0.15175924,0.110740215,-0.092286736,0.05553264
Mrps27,0.0,0.0631505,-0.06814784,0.059166595,-0.0870838
6430562O15Rik,0.0,-0.017484076,-0.08826981,-0.026616748,0.018735155
Map1b,0.0,0.500316,0.29868084,-0.04745832,0.27125266
Gm26559,0.0,0.030038012,-0.07519024,-0.026747096,-0.0081135165
Cartpt,0.0,0.016418979,0.091641165,-0.1378862,0.5782025
Mccc2,0.0,-0.21148801,-0.20397767,-0.08063505,-0.28295138
Bdp1,0.0,-0.109328836,-0.032096118,-0.05193717,-0.08357999
Serf1,0.0,0.2315366,-0.025150746,0.09373377,0.17582871
Smn1,0.0,-0.18798554,0.075249,0.020297948,0.13732335
Naip2,0.0,0.08293006,-0.02346384,0.059040267,-0.01141117
Gtf2h2,0.0,-0.21495904,0.11506254,-0.056287587,0.0026418716
Ocln,0.0,0.03803274,0.11160693,0.25181937,0.13499467
Marveld2,0.0,-0.059392195,0.12652421,0.00052553415,-0.02560785
Rad17,0.0,-0.038921244,0.050265126,0.054033004,0.08550483
Ak6,0.0,-0.159194,-0.14682372,-0.02998443,-0.06873161
Taf9,0.0,-0.0351723,-0.07456254,0.09477943,-0.019391114
Ccdc125,0.0,-0.030779816,-0.17745703,0.07965345,-0.061842944
Cdk7,0.0,0.011176305,-0.09514616,0.0014664158,-0.0340427
Mrps36,0.0,-0.09884025,-0.07773514,-0.22522135,0.07063992
Cenph,0.0,0.045346066,0.057205945,0.037488125,0.061854277
Slc30a5,0.0,0.10061838,0.16845499,0.32674873,0.14410408
Gm29502,0.0,0.028479567,-0.04024298,0.08552492,0.030088142
Pik3r1,0.0,0.099457905,-0.02041924,0.017489202,0.10494714
Cd180,0.0,0.21310502,0.016058303,-0.025696352,0.15362176
Mast4,0.0,-0.18465358,-0.085277714,-0.06587399,-0.12366325
Srek1,0.0,0.06867023,0.059141144,0.11252771,0.061938792
Erbin,0.0,0.067742825,0.03918385,0.088493764,0.018523477
Gm47849,0.0,0.07683752,-0.028974399,0.10478751,0.06720744
Nln,0.0,0.11094684,0.13740991,0.27142665,0.0880613
Sgtb,0.0,0.36181563,-0.013961174,-0.18740335,-0.045450144
Trappc13,0.0,-0.2572695,-0.21371008,-0.3744701,-0.20045725
Shld3,0.0,0.039736167,0.21714872,0.020508192,0.18316269
Trim23,0.0,-0.027148228,0.051352136,0.060573768,-0.08613615
Ppwd1,0.0,-0.12453378,-0.0092597455,-0.11826024,-0.028285554
Cenpk,0.0,0.04847723,0.01385746,-0.05830331,0.10818818
Adamts6,0.0,0.010780975,0.20589201,0.34889656,0.014013037
Cwc27,0.0,-0.06834747,0.011496209,-0.13485904,-0.09321867
2610204G07Rik,0.0,-0.04718997,-0.21136029,0.023293791,-0.058552414
Srek1ip1,0.0,0.11159598,0.08969226,-0.054749884,0.04489664
Rgs7bp,0.0,0.23390193,0.1986321,0.080475524,0.06670663
Rnf180,0.0,0.1872842,0.3241127,0.41110474,0.14507677
Htr1a,0.0,-0.03632646,-0.16393489,-0.15530327,-0.21718796
Gm28989,0.0,0.010341307,0.017639354,-0.010658674,0.040815823
Ipo11,0.0,0.018009856,0.180382,0.10259936,0.07322144
Dimt1,0.0,-0.0075085536,-0.13420704,-0.18517706,-0.1324738
Kif2a,0.0,0.14002831,0.15767835,0.00028827786,-0.008226216
3830408C21Rik,0.0,-0.014817625,0.1902003,0.29119512,0.0028484762
Gm31452,0.0,0.0497502,-0.072981045,0.02694567,0.07130007
AI197445,0.0,-0.114718,-0.0048295557,-0.1294119,-0.05288882
Gm32004,0.0,-0.027206838,-0.041737095,-0.02033647,-0.017655963
Zswim6,0.0,-0.35589215,-0.11187274,-0.17011307,-0.20878088
Ndufaf2,0.0,0.17795914,0.14294533,-0.022130787,0.086299226
Smim15,0.0,0.13608801,-0.20029977,-0.27828717,-0.043417256
Ercc8,0.0,-0.08071263,-0.19376896,-0.0958875,-0.2617874
Elovl7,0.0,0.14923139,0.2676151,0.011776522,0.1553136
Depdc1b,0.0,-0.07959241,0.033101812,-0.034500297,0.010748211
Pde4d,0.0,-0.09098165,0.03400709,0.011917926,-0.04906848
Rab3c,0.0,0.3900421,0.05470617,-0.015310526,0.018396243
Plk2,0.0,0.28693515,0.10675654,-0.23145816,0.0856914
Gm33045,0.0,-0.09295339,-0.0140131675,-0.036457643,-0.044624995
Gpbp1,0.0,-0.12433202,0.017278085,-0.08467336,-0.11625541
Mier3,0.0,0.035866976,-0.011411749,0.17731065,0.017364435
Map3k1,0.0,0.1141983,0.2691473,0.18030474,0.013856664
Ankrd55,0.0,-0.07836538,0.039673213,-0.25734594,-0.043841112
Il6st,0.0,0.20307547,0.19861472,0.37433642,0.18337294
Ddx4,0.0,-0.051584985,-0.08211449,0.013330378,0.0326522
Slc38a9,0.0,-0.1037597,0.026071757,0.10553683,0.023917668
Gm47827,0.0,0.06988532,0.09840443,-0.19656721,-0.34746408
Plpp1,0.0,0.24044597,0.26853183,0.31636462,0.2838253
Mtrex,0.0,0.32656878,0.14208998,0.23609976,0.06898531
Dhx29,0.0,-0.042374298,-0.09364468,-0.185006,-0.21454507
Gpx8,0.0,0.0892016,0.1626836,0.1588796,0.09039752
Gzmk,0.0,-0.029714456,-0.032693084,-0.03076652,-0.057035074
Esm1,0.0,0.007178066,-0.019765811,-0.04167651,-0.013375623
BC067074,0.0,0.122374535,0.2148565,0.12778659,0.066307224
4921509O07Rik,0.0,-0.079509445,0.028463189,0.10990536,0.023704007
Gm34471,0.0,-0.09181843,-0.017994396,0.0040619085,-0.08623823
Snx18,0.0,0.004360266,0.024789967,0.07582046,0.08788689
Arl15,0.0,-0.4389643,-0.23838888,-0.23473722,-0.24598187
A430090L17Rik,0.0,-0.122511774,-0.12722258,0.00996577,-0.14407633
Ndufs4,0.0,-0.1600738,-0.0109283775,-0.08393137,-0.039858516
Fst,0.0,-0.098809004,-0.10104588,-0.12229718,-0.105943024
Mocs2,0.0,0.2133865,0.26451284,0.27447015,0.11803114
Itga1,0.0,0.037837803,0.09574756,0.145114,0.06681962
Pelo,0.0,0.07883815,0.2628435,-0.081539474,0.023853354
Parp8,0.0,0.07054808,0.14864121,0.30621684,-0.07700989
Emb,0.0,0.2209989,0.22095396,0.14569724,0.16388251
Gm17509,0.0,-0.01766149,-0.012838056,-0.033031166,0.045491807
Hcn1,0.0,-0.007296554,-0.0423209,-0.037672833,-0.22075766
4933413L06Rik,0.0,0.02984273,0.082867265,-0.015260063,0.10004628
Mrps30,0.0,0.25607485,0.30425847,0.21846074,0.06392372
B430218F22Rik,0.0,0.024821589,-0.0007116422,0.061409645,0.0038219765
Fgf10,0.0,-0.04635643,0.1569767,-0.044415336,-0.00572541
Gm16263,0.0,-0.07939621,-0.009338416,0.061795667,0.0043731015
Nnt,0.0,-0.09443237,0.1534845,0.08366845,0.08505242
Paip1,0.0,-0.1642221,-0.10498555,-0.056745216,-0.08895409
4833420G17Rik,0.0,0.13055345,0.18505566,0.24913034,0.03775905
Tmem267,0.0,-0.0049001575,0.6771643,0.30019903,0.381212
Gm48265,0.0,-0.013722673,0.09767155,0.084641166,0.06271799
Ccl28,0.0,-0.19588792,-0.1479733,-0.17856693,-0.20327872
Hmgcs1,0.0,0.23963907,0.23241258,0.1403369,0.2515039
Nim1k,0.0,-0.07986796,0.16181488,0.030789562,0.16925545
Gm41077,0.0,-0.28470662,-0.005484133,-0.15898505,0.049138118
Zfp131,0.0,-0.14860752,0.13671413,-0.047692075,0.0015079193
Gm2897,0.0,-0.16892534,-0.14631882,0.07207985,-0.059680536
D830030K20Rik,0.0,0.1345299,0.21868595,0.12230314,0.1358337
Gm3002,0.0,-0.039479956,-0.059109468,-0.0454957,-2.1783635e-06
Gm2974,0.0,0.035594612,-0.040652245,-0.0011110641,0.07312157
Gm3164,0.0,-0.013053611,-0.010226417,-0.073735565,-0.04586015
Gm3173,0.0,-0.008083003,0.010320496,0.00898504,0.013266933
Gm3252,0.0,0.008689823,-0.00090982765,0.027692953,0.060346752
Gm8281,0.0,-0.023237897,-0.0034502198,-0.030723505,-0.0030307276
Gm8237,0.0,0.023495954,0.005285848,0.012624878,0.07986651
Gm3248,0.0,-0.12400146,0.029120613,-0.06767587,-0.062309373
Gm3468,0.0,0.055904172,0.015474433,-0.050703604,0.023741843
Gm3411,0.0,-0.018189285,-0.004641379,0.0037157866,0.004247073
Gm3636,0.0,-0.041105792,-0.18686795,0.037027445,-0.038788576
Gm3667,0.0,0.002037933,0.053704903,-0.01053627,-0.0001498349
Gm10406,0.0,-0.011602152,0.02663251,0.0014095027,-0.03724466
Gm3696,0.0,-0.045677472,-0.07613135,0.012349992,0.008269125
Gm3739,0.0,0.03995596,-0.03490052,0.11065644,-0.03377523
Gm3558,0.0,0.027845532,-0.008570017,-0.07075259,0.031583935
Gm16741,0.0,-0.10391261,-0.30100384,-0.076392345,-0.1257898
Flnb,0.0,0.060340635,0.104174584,0.2533513,0.07509012
Abhd6,0.0,0.026247352,0.15282778,0.28013155,0.08463225
Rpp14,0.0,-0.05797688,0.15330905,-0.07547058,-0.09271211
Pxk,0.0,0.23625088,0.32369354,0.16615677,0.27578515
Pdhb,0.0,-0.03400514,-0.0131425,-0.066653356,-0.004790861
Kctd6,0.0,-0.090268284,0.0651224,0.063149825,-0.08100877
Fam107a,0.0,0.08660155,-0.053653732,-0.41616577,-0.44195426
4930452B06Rik,0.0,0.17246325,-0.12600513,0.13798696,0.0115983635
Gm48370,0.0,-0.019437224,-0.13271551,0.0059090517,-0.015771337
Gm48371,0.0,-0.11008694,-0.2218658,-0.043684628,-0.10770415
Fhit,0.0,0.14065918,0.11975808,0.19413865,0.08814281
Fhitos,0.0,0.32130405,0.16882057,0.20321512,0.06683539
Gm3839,0.0,-0.008967552,-0.10846442,-0.17764734,-0.09176631
Ptprg,0.0,-0.034881838,0.098041,-0.03225287,-0.006703213
Gm3848,0.0,0.022163816,0.22771844,0.11727482,-0.116428144
3830406C13Rik,0.0,0.08566068,-0.0002962798,0.08629839,0.13793516
Cadps,0.0,0.39313716,0.1674032,0.27130648,-0.025257096
Gm48239,0.0,0.03025373,-0.03139984,-0.094858736,-0.07355143
Gm5087,0.0,-0.06924914,-0.05428461,-0.05474113,-0.005165018
Synpr,0.0,-0.09601906,-0.30482918,0.009254441,-0.14037405
Gm11100,0.0,-0.17522925,0.03857901,-0.14429057,-0.16719514
Thoc7,0.0,0.070790745,0.17791978,0.14692314,0.048526138
Atxn7,0.0,-0.0013732016,0.1642446,0.15170597,0.048797667
Psmd6,0.0,0.15173201,0.001168713,-0.24552806,0.00277026
Gm48860,0.0,0.028571382,0.15468276,0.05233361,0.06727195
Il3ra,0.0,-0.05898461,-0.05293513,-0.027057944,0.076440245
Slc4a7,0.0,0.12120204,0.19388096,0.04605572,-0.036598757
Nek10,0.0,0.24067639,0.0017494187,-0.0020001233,0.025802292
Lrrc3b,0.0,0.32175887,-0.068692364,0.1452519,-0.082550116
B230110C06Rik,0.0,-0.10215154,0.005627211,-0.08350018,-0.046455525
Oxsm,0.0,0.2533441,-0.08917224,0.09306407,-0.20407686
Gm47794,0.0,0.016430791,0.09313347,0.1475743,-0.09863378
Ngly1,0.0,0.20868677,0.073306285,0.16849644,0.1205893
5430414B19Rik,0.0,-0.15214792,-0.24029762,-0.05724171,0.0066441074
Gm48163,0.0,-0.14494887,-0.050689355,-0.13413969,0.034360178
Top2b,0.0,0.1137619,0.13276663,0.071058355,0.10437245
Rarb,0.0,-0.16082397,0.01136861,-0.064961225,-0.2283974
Thrb,0.0,-0.15469497,-0.059098355,-0.07724804,-0.080579095
Gm48321,0.0,0.15547681,0.031240819,-0.13950393,-0.19625129
Nr1d2,0.0,0.616486,0.57625496,0.46223328,0.203334
Rpl15,0.0,0.026926152,-0.095807165,-0.3579782,-0.04488905
Nkiras1,0.0,0.055599924,0.015187517,-0.07495926,0.06671664
Ube2e1,0.0,-0.017574139,0.03479714,-0.10666013,-0.18916766
Ube2e2,0.0,-0.0015443936,0.027450994,0.10398452,0.014192753
Gm2237,0.0,0.09137376,0.03343121,0.012263883,0.051971227
Nid2,0.0,0.045073316,0.113471486,0.11905678,0.033585276
Rtraf,0.0,0.13174914,0.011230964,-0.27103454,0.0420471
Gng2,0.0,0.5159844,0.18470483,0.15922076,0.19198608
Saysd1,0.0,-0.45908746,-0.23193775,-0.23540296,-0.12543155
Nudt13,0.0,0.22103335,0.09105949,0.29592744,0.1472262
Ecd,0.0,0.07412609,0.20128086,0.17426303,0.15336025
Fam149b,0.0,0.21854085,0.2316872,0.2666295,0.053697348
Gm30054,0.0,-0.09209341,-0.23274407,-0.037633084,0.050801784
Dnajc9,0.0,0.05592764,-0.13958043,-0.12161017,0.025020605
Mrps16,0.0,0.16395727,-0.015235119,-0.22846398,0.12019129
Cfap70,0.0,-0.25735065,-0.19475186,-0.17896208,-0.17427912
Anxa7,0.0,-0.020889655,0.08677269,0.07649174,-0.07535018
Mss51,0.0,-0.18318094,-0.014676454,0.0831177,0.06005735
Ppp3cb,0.0,0.17407194,0.073974274,0.1013235,0.12926072
1810062O18Rik,0.0,0.18011117,0.15212664,0.096561804,0.024623677
Usp54,0.0,0.08907276,0.14036466,0.028211996,0.11017191
2810402E24Rik,0.0,0.0073320884,-0.16861519,0.013037957,-0.18613681
Sec24c,0.0,0.4002798,0.33141735,0.31089005,0.18771845
6230400D17Rik,0.0,-0.00029359758,0.036091045,0.29480705,-0.002847992
Fut11,0.0,0.16042517,0.13826635,-0.12915926,-0.12075786
Chchd1,0.0,0.24378718,0.04477518,-0.0137672275,0.033962913
Zswim8,0.0,0.18154456,0.3811124,0.35688648,0.023445576
Ndst2,0.0,-0.1609895,-0.013019629,-0.098399065,-0.41201657
Camk2g,0.0,0.25309107,0.29271552,0.4231785,0.13958687
Vcl,0.0,-0.26240632,-0.082813635,-0.18916833,-0.1187806
Ap3m1,0.0,-0.16810578,-0.04103058,-0.20424785,-0.18771543
Adk,0.0,-0.25692573,-0.06943904,-0.20136178,-0.11351265
Kat6b,0.0,-0.049650908,0.14025287,0.11184478,-0.037677974
Samd8,0.0,0.05627441,-0.023816895,-0.09945977,-0.16361694
Vdac2,0.0,0.045909368,0.036676325,0.029601924,0.04545686
Comtd1,0.0,0.10059107,0.22325414,0.22252133,0.12735671
Zfp503,0.0,0.08655222,0.047339033,-0.08712742,-0.020124223
Lrmda,0.0,-0.19126303,-0.052123643,-0.1446846,-0.09612957
Gm10248,0.0,0.14349367,0.034456566,-0.089337006,-0.00701274
Kcnma1,0.0,-0.11283992,0.09163351,-0.06531694,-0.1526119
4930519K11Rik,0.0,0.01897467,0.03948453,-0.024151139,0.07052052
AC163638.2,0.0,-0.23495704,-0.21552274,-0.22943577,-0.18762344
Dlg5,0.0,0.015140608,-0.0019079,0.008351028,-0.08075695
Gm47814,0.0,-0.14036183,0.08153948,-0.02233729,-0.15469922
Polr3a,0.0,0.017842852,0.1346729,-0.029300865,-0.18550596
Rps24,0.0,0.21101618,0.0804138,-0.23789638,0.19700791
4930428N03Rik,0.0,-0.013794376,0.031567134,-0.012521317,-0.021176754
Zmiz1os1,0.0,0.21804062,0.18477157,0.18375012,-0.13956216
Gm26660,0.0,0.005673087,-0.17946109,0.08295029,-0.057305545
Zmiz1,0.0,-0.049861178,0.23614338,0.19943325,0.083206125
Gm47920,0.0,-0.034744132,-0.1591615,0.03670292,-0.10952069
Ppif,0.0,0.071725346,0.12363754,0.013954159,-0.10417443
Zcchc24,0.0,-0.098311335,0.14138912,-0.023553044,-0.066226184
Anxa11,0.0,0.03242726,0.14383382,0.024699051,0.01093176
Slmap,0.0,0.044401653,0.15824196,0.054943584,0.0574203
Dennd6a,0.0,-0.12616806,-0.07911184,0.016102757,-0.103575505
Arf4os,0.0,0.090354905,-0.06666771,0.021797013,0.0046815127
Arf4,0.0,-0.13890348,-0.16801758,-0.11193566,0.030511603
Pde12,0.0,0.15933818,-0.020747595,-0.076929316,-0.0374142
Dnah12,0.0,-0.048279148,-0.23204869,-0.09878006,-0.26316026
Asb14,0.0,-0.029636044,-0.23016956,0.18263668,-0.24744585
Appl1,0.0,0.25427726,0.25695664,0.33418727,0.11320503
Il17rd,0.0,-0.13697699,0.3176406,0.16140698,0.09612195
Arhgef3,0.0,-0.3395152,-0.10859345,-0.2596405,-0.2115311
Tasor,0.0,0.037045836,0.1211649,0.15233083,0.1439314
Ccdc66,0.0,-0.27559578,-0.10174974,-0.13468336,-0.13637072
Erc2,0.0,-0.062870115,-0.1490497,0.061607406,-0.41325623
Gm45645,0.0,0.09904868,0.060819954,0.11940725,0.10761279
Wnt5a,0.0,0.26440856,0.13307415,0.19553015,0.2734747
Cacna2d3,0.0,0.24790448,0.21807785,0.39721823,-0.074513584
Lrtm1,0.0,-0.15339628,-0.101643965,0.0925287,-0.1520471
Gm48003,0.0,-0.073737904,0.09775776,0.061776377,0.04345105
Selenok,0.0,-0.13947588,-0.0487374,0.027373686,-0.024570093
Actr8,0.0,0.119028196,-0.008880764,0.13427646,-0.036832415
Il17rb,0.0,0.015777906,0.0063122613,0.07129971,-0.071240515
Chdh,0.0,0.079110876,0.07193494,-0.0605073,0.07486619
Cacna1d,0.0,-0.20683098,-0.036258854,0.27583477,0.032889374
CT009536.1,0.0,0.004560061,-0.15168712,0.04451716,-0.27337444
Dcp1a,0.0,-0.08730727,0.14681768,0.0939918,-0.062165715
Tkt,0.0,-0.03854002,0.15841344,0.07402256,0.09406889
Prkcd,0.0,0.31998068,0.08631752,0.060058206,-0.12939286
Rft1,0.0,0.0046400726,0.05452065,0.2560621,0.06949994
Sfmbt1,0.0,-0.09677663,0.03623929,0.08318121,0.048023194
1700087M22Rik,0.0,0.15347841,0.05002497,-0.08890263,0.040526357
Stimate,0.0,-0.11996175,0.059942074,-0.04075608,-0.06579538
Itih3,0.0,0.22173549,0.38781312,0.30629635,-0.0715916
Nek4,0.0,0.4537125,-0.026905328,-0.050665736,-0.18247333
Spcs1,0.0,-0.16483231,-0.010225821,0.0486494,-0.006437883
Glt8d1,0.0,0.059582934,0.14056656,0.18370864,0.029811561
Gnl3,0.0,0.02806724,-0.023351628,-0.06148634,-0.06864475
Pbrm1,0.0,0.08836389,0.19481227,0.19569884,0.053857088
Smim4,0.0,-0.18196249,-0.076709166,-0.24263117,-0.18610503
Nt5dc2,0.0,0.06361066,-0.084066026,0.21287207,0.096760616
Stab1,0.0,-0.05533664,0.0027007349,0.047850538,0.014304554
Nisch,0.0,0.24571675,0.074424304,0.092681535,-0.148409
Tnnc1,0.0,-0.101098,-0.031179212,-0.074941866,-0.031430107
Phf7,0.0,-0.15066767,-0.2407582,0.06377883,-0.06286101
Bap1,0.0,0.35308164,0.12657699,0.24443497,0.11385423
Dnah1,0.0,-0.047450066,-0.08877466,0.053105462,-0.023549542
Gm35823,0.0,-0.05465833,-0.0046972157,-0.03417319,-0.01877226
Capn7,0.0,0.18946956,0.092954405,0.3461749,-0.087493345
Sh3bp5,0.0,0.25261766,0.10790466,0.1024118,0.149188
Mettl6,0.0,0.21859078,0.1991655,0.24190277,0.11925608
Eaf1,0.0,0.021820754,-0.20569243,0.0445005,0.042576037
Colq,0.0,-0.0050880536,0.13590068,0.113409944,-0.04040671
Hacl1,0.0,0.21687883,-0.009692505,0.38807267,-0.09564564
Btd,0.0,-0.12117745,-0.042099845,-0.009988625,0.16079515
Ankrd28,0.0,0.08928018,0.24611409,0.1334401,-0.006778419
Dph3,0.0,0.41145587,-0.049231842,0.15555596,-0.18501116
Oxnad1,0.0,-0.05019816,0.13724788,0.16322246,-0.025229111
Ncoa4,0.0,-0.052007187,-0.235749,-0.1322804,0.0076401234
Timm23,0.0,-0.011398114,0.07889646,-0.014852546,0.0957208
Parg,0.0,-0.047071166,0.008145791,-0.057320513,0.00065103173
Gm46447,0.0,-0.22193052,0.18202232,-0.10379486,-0.254178
Gm48914,0.0,-0.29774737,-0.096580595,-0.25515217,-0.36389565
Ogdhl,0.0,-0.25116467,-0.09398877,-0.20203301,-0.44698215
Ercc6,0.0,-0.0019342639,0.17400128,-0.06718977,-0.1237599
Tmem273,0.0,-0.014602014,-0.025483496,-0.026669774,0.0047170306
Vstm4,0.0,-0.13699451,-0.16208805,0.020138469,0.037035093
Wdfy4,0.0,-0.008380953,-0.042007018,0.042616956,-0.0006086482
Arhgap22,0.0,0.1145585,-0.19300409,0.11233246,-0.16896175
Mapk8,0.0,0.046241894,0.13377577,0.08480144,0.10908261
Frmpd2,0.0,-0.0405742,-0.102764994,-0.012858462,-0.038100626
Gdf10,0.0,-0.022774339,0.14259358,-0.01136215,0.16641739
Zfp488,0.0,-0.024368513,0.1169204,-0.06596894,-0.023629293
Gprin2,0.0,-0.071046844,0.026942408,0.10890533,0.10672557
Gm49201,0.0,-0.08377272,-0.00012966339,-0.06191915,-0.023415916
Shld2,0.0,-0.30007052,-0.24784262,-0.18491942,-0.13125676
Glud1,0.0,0.09056061,0.028641433,0.2020043,0.11288018
Mmrn2,0.0,-0.18877187,-0.24731418,-0.19873789,0.0005962029
Bmpr1a,0.0,-0.15582626,0.11976301,-0.023875326,0.13131385
Ldb3,0.0,-0.27815658,-0.11754794,0.0740763,-0.062456746
Gm49012,0.0,0.08594674,0.062163725,-0.0017100349,0.07970237
5830448L01Rik,0.0,0.0976528,-0.043095447,0.3548423,-0.08017323
Wapl,0.0,-0.24181703,-0.060551085,-0.06449822,-0.03410518
Gm49032,0.0,-0.13948923,0.08672279,-0.08689763,-0.034856267
Grid1,0.0,-0.13241725,-0.025086973,0.039252866,-0.08557838
Ccser2,0.0,0.009432524,0.09756977,-0.053680785,-0.0012498274
Cdhr1,0.0,-0.051352788,-0.22375697,-0.15081309,-0.13533853
Ghitm,0.0,0.5355058,0.26492032,0.03208542,0.10712187
Nrg3,0.0,0.3562168,0.18083666,0.5414927,-0.29118234
Gm20641,0.0,-0.09100713,-0.07430969,-0.047986798,-0.05213719
Nrg3os,0.0,-0.05194059,0.20975238,0.1821453,-0.12657684
Gm20642,0.0,-0.32836297,-0.16145326,-0.041490242,-0.45858407
Sh2d4b,0.0,-0.014802836,-0.24968714,0.17182268,-0.16927278
Tspan14,0.0,0.13563193,0.23492539,0.43191916,0.15036887
Prxl2a,0.0,-0.12153124,-0.1386687,-0.08661223,-0.097905606
Dydc2,0.0,-0.033737466,-0.060787603,-0.008770382,-0.07053904
AC160336.1,0.0,0.044198576,-0.09952432,-0.15386766,-0.12675487
Txndc16,0.0,-0.028847434,0.07311925,0.08808238,-0.046319343
Gpr137c,0.0,0.11055789,0.25354552,0.30099142,0.13055596
Gm49194,0.0,0.02639407,0.05160591,-0.005371917,0.13111368
Ero1l,0.0,-0.03592021,-0.1526076,-0.031727634,-0.23928794
Psmc6,0.0,-0.30256432,-0.26426896,-0.35902202,-0.18985386
Styx,0.0,0.0511446,0.05269833,0.0425172,0.124552116
Gnpnat1,0.0,0.008933218,-0.20721364,0.16508584,-0.046332236
Fermt2,0.0,-0.111322485,-0.0028061122,-0.017420515,0.010200314
4930527F14Rik,0.0,-0.121573806,-0.0054081827,0.44306794,0.083192885
Ddhd1,0.0,0.44002357,0.35159224,0.47651732,0.14543302
Bmp4,0.0,-0.048757806,0.00056681037,-0.04520666,0.08617337
Cdkn3,0.0,0.066357404,-0.04366398,0.10841541,0.04031108
Cnih1,0.0,-0.15753853,-0.12738547,0.054821715,-0.07147563
Gm48933,0.0,-0.03962806,-0.045719422,0.033330698,-0.12917788
Gmfb,0.0,0.028698746,-0.03564102,-0.06897587,-0.28786355
Cgrrf1,0.0,0.15339944,0.24791253,0.048844814,-0.11835618
Gm34934,0.0,0.17903385,-0.17498739,0.2003083,0.004084438
Samd4,0.0,-0.0029357374,0.21693897,0.29357928,-0.02114068
2810457G06Rik,0.0,0.15025295,-0.067500845,-0.009869393,0.027527697
Gm10371,0.0,-0.11699477,0.108444996,0.12929842,0.023081686
Wdhd1,0.0,0.21966425,0.15309726,0.14377958,0.22155535
Socs4,0.0,0.2666464,0.07326706,0.04331413,0.082012005
Mapk1ip1l,0.0,-0.1081927,-0.023603536,0.01536522,-0.076351345
Gm49189,0.0,0.042718425,0.3251596,0.21010509,0.20112438
Fbxo34,0.0,-0.32195604,-0.1582796,-0.08753363,-0.2721684
Gm35166,0.0,-0.052889764,0.09154409,-0.003276919,-0.19747749
Atg14,0.0,0.08449258,0.17663443,0.15288779,-0.03488715
Ktn1,0.0,0.16482018,0.07136605,0.027093634,0.026894003
Peli2,0.0,0.10771771,0.28539902,0.21291432,0.16215122
Tmem260,0.0,0.036329284,0.009490155,0.11370675,0.09272003
Gm49519,0.0,-0.24127926,0.08606959,-0.05256855,0.09456368
Otx2os1,0.0,-0.027839214,0.041674547,0.032866962,0.25394845
Exoc5,0.0,0.17789446,0.11298997,-0.04608777,0.09212708
Ap5m1,0.0,-0.18146552,-0.07407017,0.069502965,-0.19276017
Naa30,0.0,0.18249191,0.1339946,0.014028743,0.091628686
Slc35f4,0.0,-0.010922898,0.03638401,0.2285282,-0.24667025
Armh4,0.0,0.114311695,0.056773968,0.2215493,-0.06737499
Gm36146,0.0,0.08938182,-0.018393252,-0.025736094,-0.09263291
Ttc5,0.0,-0.13385163,-0.029889124,-0.009049492,-0.13441722
Ccnb1ip1,0.0,0.13044785,-0.09514632,-0.13099816,-0.0062139397
Parp2,0.0,0.08174288,-0.13696505,-0.015527263,-0.15283607
Tep1,0.0,-0.24311937,-0.059439763,0.031497683,-0.06292906
Gm26782,0.0,-0.027521342,0.030317163,0.13212404,-0.24034819
Klhl33,0.0,0.2513315,0.19486244,0.23423669,0.15463647
Osgep,0.0,-0.027845427,0.017620467,0.15306333,0.023143396
Apex1,0.0,0.32575035,0.3058329,0.0014270544,0.20506419
Pip4p1,0.0,0.061784208,0.15556914,0.103613146,0.026014738
Pnp,0.0,0.10361751,0.06919542,0.07750992,0.11024195
Rnase4,0.0,-0.07630059,-0.3051371,-0.17249715,-0.031947795
Mettl17,0.0,-0.008429166,0.03661672,0.07417611,-0.13864003
Slc39a2,0.0,0.051625237,0.07664272,0.2654815,-0.004265934
Ndrg2,0.0,0.5091826,0.7431245,0.8043331,-0.18034035
Arhgef40,0.0,0.061521553,0.019896984,0.016669981,0.03919182
Zfp219,0.0,0.22745296,0.4072039,0.37995398,0.062103853
Gm49086,0.0,0.03528157,-0.12501438,0.03956916,0.02292128
Hnrnpc,0.0,-0.14897287,0.109652266,-0.13591497,-0.05400296
Rpgrip1,0.0,-0.12145291,-0.30720037,-0.362534,-0.3305099
Supt16,0.0,-0.031959496,-0.017212126,-0.04948824,-0.09171109
Gm26590,0.0,-0.2211033,-0.25677952,-0.34533176,-0.3104087
Chd8,0.0,-0.030316308,0.13794723,0.16530539,-0.044831946
Rab2b,0.0,0.3823859,0.19608012,0.12797153,0.075788036
Tox4,0.0,-0.025456194,-0.11154178,-0.27468202,-0.13175458
Mettl3,0.0,-0.044682555,-0.048703864,0.1441741,0.038675983
Sall2,0.0,0.04442574,0.21377848,0.1237461,0.12123495
Gm43647,0.0,-0.02678543,0.022943493,0.07954535,0.11650679
Gm30275,0.0,0.0014314428,-0.05532662,-0.021156749,0.019013247
Gm43434,0.0,-0.16116473,-0.10616026,-0.16285908,-0.15681419
Dad1,0.0,-0.47206593,-0.23022234,-0.24328269,-0.14951347
Abhd4,0.0,0.046627507,0.30566013,0.30544478,0.31464207
Gm43305,0.0,0.15983097,0.21262436,0.05293136,0.2786332
Oxa1l,0.0,-0.11229025,-0.13147384,-0.10136911,-0.067477226
Slc7a7,0.0,-0.3448564,-0.42966023,-0.12516041,-0.037493624
Mrpl52,0.0,0.20365849,0.061537318,0.08865994,0.10918753
Mmp14,0.0,0.11541706,-0.07100989,0.073035754,-0.21164776
Lrp10,0.0,0.07154211,0.09711523,0.3404628,0.17442854
Rem2,0.0,-0.04026097,0.04618319,-0.061252452,-0.09790619
Prmt5,0.0,0.14727566,0.20988758,0.22071066,0.12424703
Haus4,0.0,0.0070501016,-0.11959051,-0.029318973,0.0069751395
4931414P19Rik,0.0,-0.15640095,-0.10387305,0.16756165,0.17271541
Psmb5,0.0,-0.1764735,-0.098743536,-0.50466716,-0.13528135
Cdh24,0.0,-0.07737447,0.22364601,-8.320063e-05,0.01949206
Acin1,0.0,-0.027760915,0.061018936,0.029133353,-0.16826823
4930579G18Rik,0.0,0.006441919,-0.09736835,0.0070814937,-0.15098715
1700123O20Rik,0.0,0.034548257,0.04490117,0.035344183,0.041991975
Slc7a8,0.0,0.2381585,0.055033684,0.28151438,-0.0021096468
Homez,0.0,0.06682446,-0.26422736,-0.30277008,-0.107157454
Ppp1r3e,0.0,0.31534898,0.21480028,-0.00883311,0.20060773
Bcl2l2,0.0,0.10185536,0.23732755,0.20542777,0.051055953
Pabpn1,0.0,-0.039157502,-0.049074724,-0.18097445,0.09200097
Slc22a17,0.0,-0.03253284,0.098869614,0.19732128,0.046048075
Efs,0.0,0.095761485,0.19135374,0.23172739,-0.1262032
Cmtm5,0.0,0.006924495,0.16339438,0.036972612,0.12985283
Mhrt,0.0,0.0013034828,0.0015337719,-0.0054093115,-0.0052151885
Myh7,0.0,0.11427006,0.035283234,0.048173927,0.041121505
Gm31251,0.0,0.0026378375,-0.03273131,-0.004404714,-0.0114074685
Ngdn,0.0,-0.21995774,-0.46136156,-0.033144053,0.01791741
Zfhx2os,0.0,0.2037482,0.3733208,0.4032164,0.24882579
Zfhx2,0.0,0.1075732,0.20828919,0.25042284,-0.00053966045
Thtpa,0.0,0.091669455,0.15116365,0.13606559,0.07993163
Ap1g2,0.0,0.056380525,0.050033655,0.053902727,0.022660214
Jph4,0.0,0.6488352,0.082742855,0.0831673,0.2681428
Dhrs4,0.0,0.046185434,0.3586551,0.3067318,0.10800974
Carmil3,0.0,0.010375574,-0.12182214,-0.026880465,-0.49405444
Cpne6,0.0,0.10515049,0.1698761,0.19777992,0.06344741
Pck2,0.0,-0.05550035,0.20040563,0.00088490546,0.07559733
A730061H03Rik,0.0,0.31472874,0.048354723,0.14692937,-0.029269889
Dcaf11,0.0,0.46015126,0.39183715,0.3718914,0.09458619
Gm15932,0.0,-0.031510144,-0.02160129,-0.016158901,0.015584042
Psme1,0.0,0.26575345,0.43006015,-0.047608852,0.088600345
Emc9,0.0,-0.1913255,-0.06651594,-0.15896653,-0.11110705
Psme2,0.0,0.23562968,0.16505787,-0.06473979,-0.051576674
Rnf31,0.0,-0.010954956,-0.0557567,-0.059229095,-0.12334288
Irf9,0.0,0.15161023,0.086936325,-0.0070416555,0.06953275
Rec8,0.0,-0.019118667,-0.099230185,0.017300323,-0.13987325
Ipo4,0.0,-0.0022941232,-0.027585171,-0.034359917,0.07602281
Tm9sf1,0.0,-0.27862567,-0.12683836,-0.12427061,-0.054614987
Gm49747,0.0,-0.16196159,-0.1509914,-0.09066458,-0.215065
Mdp1,0.0,0.10329879,0.3682003,0.24585396,-0.106362715
Nedd8,0.0,-0.023634844,0.057477407,-0.2004413,-0.02858634
Gmpr2,0.0,-0.21778265,-0.16295862,-0.003941348,0.1639501
Tinf2,0.0,0.015620852,-0.096964225,-0.04066022,0.040104523
Gm49067,0.0,-0.301768,-0.084079914,-0.19718897,-0.36411273
Rabggta,0.0,0.054653816,0.05068019,0.042808488,-0.010827459
Dhrs1,0.0,0.034310356,-0.0142189935,0.18106893,0.05456715
Nop9,0.0,0.33786786,0.33305943,0.25463423,0.16665825
Cideb,0.0,-0.18886523,0.0327024,-0.09852846,-0.1569469
Ltb4r1,0.0,-0.035221953,-0.032133743,-0.029268704,-0.026253998
Nynrin,0.0,-0.015129493,-0.10443416,-0.067275405,-0.07742715
Khnyn,0.0,-0.187628,0.036501125,0.13053708,-0.09959151
Sdr39u1,0.0,0.08816741,-0.042852066,-0.049673133,0.36882693
Rnf17,0.0,-0.43429267,-0.21952376,-0.17261522,-0.17046133
Cenpj,0.0,-0.0034188312,-0.16335481,0.14048411,-0.012533272
Parp4,0.0,0.023236342,0.07490382,0.30782527,0.005098194
Mphosph8,0.0,0.21271269,0.11543116,-0.1974355,-0.06951945
Gm16973,0.0,0.09565631,0.19310242,-0.07925837,0.052017525
Pspc1,0.0,-0.097847424,0.10315345,-0.09643214,0.07306117
Zmym5,0.0,-0.039178647,0.039465375,0.091795,-0.09305285
2410022M11Rik,0.0,0.37891728,0.08286966,0.050826438,0.0798031
Zmym2,0.0,-0.089394905,0.106049314,0.017434334,-0.19881535
Gm4491,0.0,-0.2517094,-0.2521996,-0.03556682,-0.09465813
Gjb6,0.0,-0.0044304295,-0.121881895,-0.24865404,-0.1293786
Cryl1,0.0,-0.07946354,0.13902923,0.005664747,0.034692883
Ift88,0.0,0.07778064,0.0990462,0.05533524,-0.014344469
Il17d,0.0,0.020572364,0.23057649,0.18013698,0.057595007
Eef1akmt1,0.0,-0.24210703,-0.22842991,-0.041740898,-0.1833635
Xpo4,0.0,-0.050712638,-0.014009552,-0.040998466,-0.1406766
Lats2,0.0,-0.030446671,-0.100625,0.11695266,0.18901974
Sap18,0.0,0.038081344,-0.04090167,-0.18154863,-0.01113731
Ska3,0.0,-0.1737051,0.031959496,-0.05425421,-0.078139916
Mrpl57,0.0,-0.049788535,0.16923353,0.062165692,-0.03167685
Zdhhc20,0.0,0.08576076,0.05199577,0.14303993,0.006251961
Micu2,0.0,-0.08516025,0.10485925,0.11741392,0.08061084
3110083C13Rik,0.0,-0.10252183,-0.20727004,-0.06600605,-0.061289717
Fgf9,0.0,0.10827503,0.12533495,0.13067095,-0.11838425
Rcbtb1,0.0,0.15084699,0.28963402,0.2555803,0.15817738
Phf11c,0.0,-0.11739601,-0.089505225,-0.0781087,-0.16318019
Setdb2,0.0,-0.074361205,-0.14328331,-0.19245365,-0.025542561
Cab39l,0.0,-0.052703306,0.0018947758,0.09077963,-0.058056362
Cdadc1,0.0,-0.031527266,0.05591745,0.24041662,-0.07136284
Shisa2,0.0,0.004907804,0.014738871,0.005231085,-0.085037544
Atp8a2,0.0,0.2703078,0.13649663,0.23314701,-0.18493967
Gm49336,0.0,0.26289165,0.1915692,-0.036914065,-0.028534696
Mtmr6,0.0,0.498775,0.40231973,0.1831483,0.0090406835
Amer2,0.0,0.1324953,0.14047492,0.17684907,0.063090816
Gm29266,0.0,-0.1752624,-0.04663086,0.023040459,-0.044084445
Spata13,0.0,0.16576466,0.2062181,0.33120334,0.053201154
Mipep,0.0,-0.08032618,0.06238373,0.11870887,0.052714452
Tnfrsf19,0.0,-0.056517437,0.20086282,0.078955114,0.06807562
Gm41168,0.0,0.09677669,0.08025527,0.3191991,0.03146194
Sacs,0.0,0.3174503,0.13955489,0.26309276,0.07681261
Ebpl,0.0,-0.015130162,0.05536463,0.23763457,0.16709629
Kpna3,0.0,-0.017117098,0.16558713,0.12425047,0.04616783
Spryd7,0.0,0.4307491,0.15125221,0.21640806,-0.03653139
Trim13,0.0,0.08437529,0.08749869,0.22065975,-0.025600538
Dleu2,0.0,-0.0486456,0.1170003,0.13570581,0.07209301
Kcnrg,0.0,0.032226607,0.23453474,0.18856262,0.19179007
Gm27010,0.0,-0.107731864,0.19927555,-0.057247415,0.19362938
Gm27017,0.0,0.075835735,-0.22542858,-0.0074952487,-0.05176203
Dleu7,0.0,0.07981245,0.23487297,0.012921378,0.08483698
Rnaseh2b,0.0,0.04480079,0.07318553,-0.007950857,0.084993824
Gm4131,0.0,0.069659874,0.1338111,0.14636141,-0.02305764
Fam124a,0.0,-0.0035715848,0.313874,0.29874933,0.15226981
Serpine3,0.0,0.29892996,0.41565555,0.12829962,0.389985
Ints6,0.0,-0.2547798,0.12592638,-0.079378635,-0.064565495
Wdfy2,0.0,-0.09815906,-0.050228775,0.02165982,-0.03904719
Ctsb,0.0,-0.051744804,-0.05063241,-0.05078929,-0.03507796
Fdft1,0.0,0.14531767,0.22658907,0.16685247,0.15421332
Neil2,0.0,0.11170779,-0.04624012,0.27066615,-0.031636402
Fam167a,0.0,0.009190294,-0.03775293,-0.023024708,0.0029077316
Mtmr9,0.0,0.29169488,0.061159413,0.040326923,-0.17473933
Gm15918,0.0,0.05249738,-0.07599982,-0.1008591,-0.023077466
Xkr6,0.0,-0.28148666,-0.052034266,-0.18439686,-0.3812046
Pinx1,0.0,-0.06614053,-0.03466736,-0.17282833,-0.2164123
9630015K15Rik,0.0,0.002620475,-0.024254138,-0.062673815,-0.011305917
Msra,0.0,0.38509172,0.23562153,0.3341247,0.09261437
Mir124a-1hg,0.0,0.33631492,0.08748499,0.45964384,-0.4428261
Kif13b,0.0,-0.025404051,0.042215552,-0.048226103,0.026759923
Hmbox1,0.0,-0.1000484,0.10456985,-0.06668955,-0.097482346
Ints9,0.0,-0.20303378,0.1814366,0.07209484,0.22523496
Extl3,0.0,-0.004986301,0.1922462,0.15184683,0.065566964
Fzd3,0.0,0.069178514,0.10686097,0.07000975,-0.08580557
Fbxo16,0.0,-0.07067832,-0.2968886,-0.5376446,-0.23611024
Zfp395,0.0,-0.15152262,0.04149215,0.1850051,-0.024933133
Pnoc,0.0,-0.025523782,0.1611264,0.07726795,-0.27777332
Elp3,0.0,-0.040148318,0.016050749,0.033098653,0.022750143
Ccdc25,0.0,0.090366006,0.26038772,-0.08156583,0.056718513
Scara3,0.0,0.18474159,0.1499565,0.4292271,0.19188178
Clu,0.0,-0.14536825,0.18391657,0.14335299,0.2627927
Adam2,0.0,0.018329892,-0.010051511,0.17165908,-0.16212913
Ephx2,0.0,-0.05907492,0.02101222,-0.10937197,-0.20500153
Ptk2b,0.0,0.25586525,0.012608688,-0.065542534,-0.23581485
1700001G11Rik,0.0,-0.34946877,-0.23180209,-0.23883888,-0.25849283
Trim35,0.0,0.104435295,0.039320454,-0.06752561,0.16196956
Stmn4,0.0,0.020708784,0.2064792,0.025133036,-0.092930265
Adra1a,0.0,0.107182175,0.22282702,0.19294281,0.19710162
Dpysl2,0.0,0.080017485,0.09017441,-0.05766292,0.14700744
Gm5464,0.0,-0.14419968,-0.19687727,-0.2747015,-0.22675563
Pnma2,0.0,0.1943841,0.073964074,0.0071120635,-0.0027725622
Bnip3l,0.0,0.30940855,0.17084257,0.0039254427,0.06276875
Ppp2r2a,0.0,-0.020559661,0.19202289,0.024192385,-0.026654027
Kctd9,0.0,0.057778638,0.0495338,0.019106217,0.008358002
Gnrh1,0.0,0.15496618,-0.029930383,-0.050866567,-0.015750218
Dock5,0.0,-0.03488477,-0.013717208,-0.28737536,-0.068194866
Nefm,0.0,0.26650396,0.19702598,-0.27799752,0.04016439
Nefl,0.0,0.24248776,-0.108358055,-0.23587412,-0.01208983
Stc1,0.0,-0.03137094,0.041801672,0.030604802,0.027710916
Slc25a37,0.0,-0.15798596,-0.059580345,-0.009737831,-0.27831277
Loxl2,0.0,0.10142866,-0.13296652,-0.022301974,-0.111621246
R3hcc1,0.0,0.11792923,0.006834507,0.115532614,0.21652879
Chmp7,0.0,0.20742871,0.14398584,0.23017469,0.2698183
Rhobtb2,0.0,-0.080209464,0.061393857,0.072393894,0.018953152
Pebp4,0.0,0.07250801,-0.08802472,-0.06531699,-0.005490819
Gm33524,0.0,-0.024146937,-0.023696434,-0.021465905,-0.020157782
Egr3,0.0,0.036426023,-0.01953402,-0.052861847,-0.014266398
Bin3,0.0,-0.1537784,0.052827954,0.028405298,0.037728548
Ccar2,0.0,0.2046109,-0.011069626,0.14362091,0.14675397
9930012K11Rik,0.0,0.0036390498,0.11980976,0.030544609,0.09724208
Pdlim2,0.0,0.4571026,0.23359928,0.23893833,0.4289425
Sorbs3,0.0,-0.010932628,-0.09918894,0.2852532,-0.23046188
Gm49417,0.0,0.024822487,-0.19978492,-0.025512181,-0.090512164
Ppp3cc,0.0,0.16068792,0.1792393,0.19128633,0.004974127
Slc39a14,0.0,0.123757295,-0.0478167,0.13863736,0.039316498
Piwil2,0.0,0.2010319,0.0045102686,0.094695024,0.07893516
Polr3d,0.0,0.07081717,-0.082444966,-0.1994785,-0.2454548
Phyhip,0.0,0.38101718,0.25887835,-0.10220878,0.026240155
Bmp1,0.0,-0.07696305,0.07649227,0.015886398,-0.11825041
Lgi3,0.0,0.036804624,0.112580955,0.123426944,0.15033218
Reep4,0.0,0.13800697,-0.1742446,0.012213111,0.11941929
Hr,0.0,-0.4482662,-0.5853307,-0.5106345,-0.46383446
Nudt18,0.0,0.1076815,0.28450426,0.1917024,0.24158134
Fam160b2,0.0,-0.24446534,0.021807991,-0.0945102,-0.35854816
Dmtn,0.0,0.061242312,-0.2884847,0.029291864,0.17237833
Npm2,0.0,-0.008009601,-0.25103962,-0.043850683,-0.10949741
Xpo7,0.0,-0.048109934,0.018944986,0.0415487,0.0128003135
Dok2,0.0,-0.068105504,-0.11727732,0.06185873,-0.058658175
Gfra2,0.0,-0.17259905,-0.092599325,0.061371073,-0.16561806
Fndc3a,0.0,0.03744309,0.1208513,-0.09558665,0.040406637
Rcbtb2,0.0,0.10087594,0.13363233,-0.031090863,-0.037986018
Rb1,0.0,0.13466904,0.14014347,0.11386799,0.05583705
Lpar6,0.0,0.15179178,-0.08218945,-0.27297345,-0.08183601
Itm2b,0.0,-0.22023827,-0.10569576,-0.099208854,0.10158802
Med4,0.0,0.10771862,0.06437272,0.08331245,0.20643292
Nudt15,0.0,0.11465898,0.070674,0.04549888,-0.0685019
Sucla2,0.0,0.080027506,0.11964865,-0.028884664,0.03478899
Gm49164,0.0,0.12832718,0.103466414,0.026450425,0.00085195154
Gm49171,0.0,0.21835811,0.0383839,-0.19240536,-0.14861985
Htr2a,0.0,0.14939946,0.0034777485,-0.016604822,-0.01378132
Esd,0.0,0.05186184,0.09616087,-0.040726967,0.060657017
Lrch1,0.0,-0.021024078,0.06572306,0.02704735,-0.18595512
Rubcnl,0.0,0.01211562,-0.006564036,0.103897385,0.07701304
Lcp1,0.0,0.10127973,-0.04178398,-0.076621875,0.061529428
Zc3h13,0.0,-0.016882963,0.16447052,0.015729569,-0.039901264
Siah3,0.0,0.046775132,-0.015824795,0.28027356,0.17230117
Cog3,0.0,-0.091880776,-0.14068693,-0.121441744,-0.117690295
Slc25a30,0.0,0.103833385,0.09346375,0.1880257,0.24265626
Gm4285,0.0,-0.051360413,-0.08741631,0.182123,-0.108703874
Tpt1,0.0,0.2861721,0.15414423,-0.13182782,0.2082841
Gtf2f2,0.0,-0.13704489,0.009381194,0.06812502,-0.17304707
Kctd4,0.0,0.050317377,0.041992214,-0.10282132,-0.16968952
Gpalpp1,0.0,0.31195566,0.19419144,0.07570018,0.1575061
Nufip1,0.0,-0.017648704,0.12513675,0.048103154,0.006942749
Tsc22d1,0.0,0.13059488,0.11108236,0.02179727,0.0723497
Serp2,0.0,0.10052025,0.056188643,-0.14392295,0.1007154
Lacc1,0.0,0.5203898,0.06613687,0.5471509,0.5318036
Ccdc122,0.0,0.29550645,0.17070541,0.5249636,0.13746344
Enox1,0.0,0.23953925,0.08694287,0.26100144,-0.15347616
Gm6994,0.0,0.1047385,0.22697282,0.0003548041,-0.04227943
Gm49003,0.0,0.19419095,0.21194528,-0.04256185,0.046575814
Dnajc15,0.0,0.12389821,0.053129487,-0.022563964,0.15219706
Epsti1,0.0,-0.07602112,-0.14219068,0.02710716,-0.18876176
Akap11,0.0,0.24071501,0.2285529,0.17251982,0.182084
Dgkh,0.0,0.44311646,0.24945581,0.42795098,0.031562686
Vwa8,0.0,0.00032036006,0.07551809,0.16469339,-0.0456106
Rgcc,0.0,0.05643156,0.0043817684,0.04881163,0.19428244
Naa16,0.0,-0.051352635,0.03596758,-0.06745109,0.19452603
Mtrf1,0.0,-0.07529828,0.031872436,0.099031344,-0.01150322
Kbtbd7,0.0,0.07487042,0.08816882,-0.11811446,-0.0062007755
Wbp4,0.0,0.34435183,0.1773841,0.08267368,0.02229157
Elf1,0.0,0.026797488,0.110891,0.23987888,0.22866169
Sugt1,0.0,-0.012909217,0.11685158,-0.2240914,-0.17623541
Cnmd,0.0,-0.06300732,0.00048057735,0.39946476,-0.10457919
Pcdh8,0.0,-0.20491664,-0.039758354,-0.07166415,-0.2671844
Gm6999,0.0,0.099437766,0.006075572,-0.0130038895,-0.022526387
Pcdh17,0.0,0.005377412,0.09832447,-0.09214911,0.0073038265
9630013A20Rik,0.0,0.2175138,0.14524466,-0.16194555,-0.0018502995
Diaph3,0.0,-0.16445169,0.15196383,-0.26496348,-0.062599845
Tdrd3,0.0,0.13682187,0.14320704,0.20834042,-0.061351314
Pcdh20,0.0,0.21200955,0.030822575,0.23013896,-0.0261238
Pcdh9,0.0,0.13215497,0.14518526,0.08404122,0.15711014
Klhl1,0.0,0.048519373,0.07378531,0.043057337,-0.025385182
Dach1,0.0,0.118877485,0.16394669,0.21924189,-0.15980265
Mzt1,0.0,0.15805101,-0.035508677,0.003408216,0.07025932
Bora,0.0,0.050489582,-0.022425832,0.010195902,-0.26028073
Dis3,0.0,-0.01041618,0.047691792,-0.0061584823,-0.008230966
Pibf1,0.0,-0.02544995,0.012297992,-0.07524167,-0.024060939
Klf5,0.0,0.17106292,0.015043803,-0.056270003,0.086653806
Klf12,0.0,-0.19277458,0.018354475,-0.04092437,-0.10146952
4930517O19Rik,0.0,0.17770907,0.2052536,-0.22768976,-0.043192595
Gm41231,0.0,-0.12787881,0.006909417,0.019413272,-0.14506514
6330576A10Rik,0.0,-0.2850224,-0.073985174,-0.2139571,-0.16396062
Tbc1d4,0.0,0.099173844,0.30579907,0.2812562,0.05664839
Commd6,0.0,0.1097662,0.02334836,-0.09832869,-0.06275054
Uchl3,0.0,-0.050061956,-0.061508276,-0.13903181,-0.11304297
Lmo7,0.0,0.37826297,0.2676471,0.29211217,0.2197164
Gm34589,0.0,0.0062810536,-0.019557426,0.035380926,0.037332274
Kctd12,0.0,0.124522455,0.19631581,-0.1430322,0.045810424
Cln5,0.0,0.23759657,0.16367558,0.10601887,0.33263105
Fbxl3,0.0,0.28621948,0.21829346,0.38905364,0.06876066
Mycbp2,0.0,-0.023097277,0.03233283,-0.025872923,0.038474612
1700087I21Rik,0.0,0.23744822,0.21009769,0.16616249,-0.007311225
Gm34907,0.0,0.04608835,0.11699266,0.12737767,0.11228817
Scel,0.0,0.17129241,0.25705057,0.1453915,0.23696034
Slain1,0.0,0.23139894,0.0690553,0.11333439,0.06820179
Ednrb,0.0,-0.096105635,0.28870118,0.17796826,0.18808706
Rnf219,0.0,0.12147448,0.031600848,-0.0008249469,-0.1836111
Rbm26,0.0,-0.16072528,-0.16577223,-0.11340491,-0.048122916
Gm17066,0.0,0.06825937,-0.08059501,0.037939597,0.012889687
Ndfip2,0.0,-0.17067002,-0.08901458,-0.12507045,-0.04906442
9330188P03Rik,0.0,0.23012984,0.047252983,0.24008963,0.08769651
Gm6145,0.0,0.16312695,0.1222927,0.2481637,0.16167732
Gm10076,0.0,1.0122625,0.09750788,-0.23644426,0.15196379
Spry2,0.0,-0.22233623,-0.026244827,0.050207958,0.057423223
Slitrk1,0.0,0.1932639,0.12654015,-0.08574706,-0.12612358
Slitrk5,0.0,-0.019373283,0.0872692,0.15430136,-0.12325596
Gpc5,0.0,0.1673719,0.20352368,0.14400566,0.114459366
Gm20713,0.0,0.41403306,0.08659123,-0.057604402,-0.06389737
Gpc6,0.0,-0.08163236,-0.074117765,-0.04625376,-0.023514193
Dct,0.0,0.047236666,0.027578473,0.033103555,0.036889847
Tgds,0.0,0.047522232,-0.027546875,0.01763906,-0.09464136
Gpr180,0.0,-0.05606209,-0.34723052,0.09575344,-0.24225155
Sox21,0.0,0.22130121,0.14435954,0.18150696,0.049980745
Abcc4,0.0,0.054409556,0.29166424,0.1310401,0.09229729
Cldn10,0.0,-0.41668946,-0.24224281,-0.18831107,-0.15062256
Dzip1,0.0,0.113505125,0.01538258,0.12627217,-0.12338618
Gm49179,0.0,0.024235494,-0.14181572,0.049654208,-0.15210655
Dnajc3,0.0,-0.17061323,-0.11245225,-0.15779607,0.05324866
Gm49768,0.0,-0.24336456,-0.17586616,0.22084604,-0.09074518
Uggt2,0.0,0.15887424,0.1641888,0.258155,-0.003888607
Gm16835,0.0,-0.13020867,0.0586613,0.02441629,-0.27787852
Hs6st3,0.0,0.29891446,0.06575695,0.18563065,-0.22617272
Gm4681,0.0,0.050050814,-0.0745358,0.10386706,-0.01965984
Mbnl2,0.0,-0.18897724,-0.03299108,-0.0043540336,0.01878322
Gm26679,0.0,0.07444748,-0.03139558,-0.037596054,-0.06257516
Rap2a,0.0,0.24034226,-0.058218777,0.086901896,-0.013778806
Ipo5,0.0,0.08441083,0.20037241,0.14934175,-0.040796116
Farp1,0.0,-0.2984296,-0.06446185,-0.107353725,-0.10572664
B930095G15Rik,0.0,0.06237591,0.129804,0.1310172,0.00087460876
Stk24,0.0,-0.014029846,-0.11371539,-0.018228613,-0.09340535
Dock9,0.0,0.177983,0.10024847,0.26541752,0.014161691
Ubac2,0.0,-0.20271659,0.02661699,-0.021687001,0.003253542
Gpr18,0.0,-0.20432839,0.22511075,-0.155526,0.23371913
Gpr183,0.0,-0.12909752,0.046137176,0.12927233,0.036900014
Tm9sf2,0.0,-0.0035686418,-0.0019269288,0.03167741,0.025861658
Clybl,0.0,-0.21490961,-0.09876901,-0.087846674,-0.12532802
1700108J01Rik,0.0,-0.2852467,-0.32647508,-0.523372,-0.26433674
Gm5089,0.0,-0.228085,-0.012887362,0.03340036,-0.13704625
Gm5089-1,0.0,-0.16114119,0.17772333,0.13258342,-0.030526593
Zic5,0.0,-0.07007535,-0.15553772,-0.36570096,-0.17790192
Pcca,0.0,-0.15021883,-0.022933433,-0.024595087,-0.09109426
Ggact,0.0,0.029895507,0.13338259,0.082419015,-0.114797495
4930594M22Rik,0.0,-0.2570773,-0.11799353,0.042683408,-0.31447625
Tmtc4,0.0,-0.17906357,-0.24372075,-0.2678678,-0.288133
4930594M22Rik-1,0.0,-0.19875616,-0.17179827,-0.110121526,-0.17208545
Gm33906,0.0,0.16084757,0.0650631,0.09809689,0.15851042
Nalcn,0.0,0.08474514,0.053165294,0.09795123,0.052834533
Itgbl1,0.0,0.21042389,-0.28767538,-0.06236635,-0.25801012
Fgf14,0.0,0.060572825,-0.031166017,0.048201516,0.058047406
1700024B18Rik,0.0,0.5327805,-0.054684535,0.0799127,0.14263822
Selenop,0.0,-0.16482839,-0.25046974,-0.2372897,-0.07449369
Ccdc152,0.0,0.07828189,-0.10982968,-0.44516584,-0.2368184
Ghr,0.0,-0.043451272,0.14571978,0.013025776,0.0626978
Fbxo4,0.0,-0.0076872334,-0.11502915,0.06563188,-0.050922662
AW549877,0.0,0.25457802,-0.030634627,0.17908572,-0.008751392
Gm2093,0.0,-0.14208008,-0.037062313,-0.15195416,-0.093662046
BC037032,0.0,0.044920318,0.21762006,0.22929612,0.2118659
Oxct1,0.0,0.0013015121,0.07706689,0.016850308,-0.058654733
Gm15632,0.0,0.10270123,-0.09560928,-0.2073254,-0.14761853
Plcxd3,0.0,0.077114575,0.044223018,-0.078231245,-0.054439113
C7,0.0,0.057845093,-0.019618096,-0.019358093,0.011526751
Card6,0.0,-0.096612096,0.07801253,-0.06489792,-0.17776294
Rpl37,0.0,0.48022926,0.24627201,-0.048154265,0.3582121
Prkaa1,0.0,0.062236805,0.11221801,0.24696726,-0.21360123
Gm15938,0.0,-0.15314999,0.10817704,-0.13086635,-0.14568883
Ttc33,0.0,0.23516804,0.057301983,0.21326056,0.30647334
Ptger4,0.0,0.35091394,0.044219658,0.2378826,0.096899375
Dab2,0.0,0.19348879,0.30094555,0.13629775,0.009161726
Fyb,0.0,-0.049883645,0.039860692,0.06570407,0.051917795
Rictor,0.0,0.32320035,0.30562937,0.3807372,0.11506258
Osmr,0.0,-0.14169481,0.15149608,-0.17009862,-0.038810138
Lifr,0.0,-0.17339051,-0.27555108,-0.2700627,-0.21661916
Egflam,0.0,-0.10578957,-0.22897333,-0.07868604,-0.18896732
Wdr70,0.0,-0.10752173,-0.1012194,-0.116186194,-0.12164721
Nup155,0.0,-0.10071727,-0.04987289,-0.07264122,-0.18080424
Cplane1,0.0,0.019992836,0.023163646,0.040329996,-0.08273579
Nipbl,0.0,0.09742321,0.14319308,0.062608615,-0.05292037
Gm31282,0.0,0.021726474,-0.05965744,0.23353499,-0.014840767
Gm49249,0.0,-0.008856891,-0.018156512,0.06136316,0.008077579
Slc1a3,0.0,-0.17984112,-0.054344065,-0.045320645,-0.065993235
Ranbp3l,0.0,-0.28607666,-0.16037437,-0.30340767,-0.37390053
Nadk2,0.0,-0.025110915,0.07570261,-0.07892306,0.0633733
Skp2,0.0,0.1331438,-0.19136935,0.015912496,0.08199255
Lmbrd2,0.0,0.24469794,0.14621067,0.3200237,0.13239224
Il7r,0.0,-0.03966439,-0.040956054,0.018162806,0.0039017522
Spef2,0.0,0.0159375,0.19239588,-0.12608604,0.019574389
Prlr,0.0,0.3716743,0.19266409,0.12047667,0.028162837
Dnajc21,0.0,0.2666446,0.15153748,0.34276253,0.21852148
Brix1,0.0,-0.094580896,0.014818946,-0.068420485,0.04072442
Rad1,0.0,0.07585874,0.05216318,-0.20910126,0.17642409
Rai14,0.0,0.114008136,0.15893374,0.14662853,0.33619374
Amacr,0.0,0.051839225,-0.027128186,0.061097257,-0.046436314
Adamts12,0.0,0.084007174,0.14398421,0.28778434,0.0701774
Tars,0.0,0.03178924,-0.03628594,-0.025640476,-0.033817377
Npr3,0.0,-0.0144319385,0.021392496,0.059088673,0.11480409
Sub1,0.0,0.12337293,0.04153087,-0.2868499,1.9162893e-05
Zfr,0.0,-0.022978753,0.053208858,0.01451847,0.010353245
Mtmr12,0.0,-0.05332934,0.115016274,0.11519962,0.02267462
Golph3,0.0,0.07049657,0.09804661,0.06384748,-0.11254797
Pdzd2,0.0,0.18973622,0.12816733,0.4529488,0.25993896
6030458C11Rik,0.0,-0.22777976,-0.023911022,-0.09078459,0.03151234
Drosha,0.0,-0.09366022,0.03844284,-0.0049632154,-0.081550136
Cdh6,0.0,0.35223648,0.19380298,0.35934636,0.08928493
Cdh9,0.0,-0.13231468,-0.1039189,0.015138701,-0.047735587
C030047K22Rik,0.0,0.20576246,0.007384911,0.17610246,0.24438632
Cdh10,0.0,-0.19541764,-0.021609163,-0.18001544,0.0048599085
Gm49685,0.0,0.057905696,-0.09888767,0.027237454,-0.13044648
Cdh12,0.0,0.24985652,0.10469067,0.3392026,-0.2112931
Cdh18,0.0,0.18515596,0.019670308,0.22789061,-0.2866734
Gm2824,0.0,0.10163221,0.128229,0.051994555,0.24294272
4930445E18Rik,0.0,-0.0877432,0.033625647,-0.18735611,-0.12318588
Basp1,0.0,-0.05481502,-0.17754504,-0.39197516,0.11810397
Gm5468,0.0,0.13930981,-0.04010643,-0.022659363,-0.0016152337
Gm48956,0.0,-0.0788715,-0.022200415,-0.05290074,-0.10836316
Gm48957,0.0,-0.2233108,-0.24684227,-0.07199845,-0.15189545
Myo10,0.0,-0.059819587,0.049788274,0.10820079,0.013198964
Retreg1,0.0,-0.07972951,0.00010474771,0.12114578,0.049422458
Zfp622,0.0,0.12556286,-0.1737067,-0.035014696,-0.08229111
March11,0.0,0.40466836,0.30852526,0.30030692,0.14087695
Fbxl7,0.0,-0.18711036,-0.019693252,0.11736305,0.023071123
Gm49267,0.0,-0.3324993,-0.08336502,-0.2216982,-0.2332437
Gm36899,0.0,0.017073683,0.089208946,-0.17419529,0.18026912
Ank,0.0,-0.1395913,0.11160366,0.10814208,-0.10064039
Otulin,0.0,-0.098145016,0.15574242,0.06926516,0.01136677
Otulinl,0.0,-0.09248828,-0.30042285,-0.06975812,-0.231118
Trio,0.0,0.007169813,0.088741675,0.0560981,-0.107761815
Dnah5,0.0,-0.010564348,-0.016486889,0.03739315,0.018655056
Ctnnd2,0.0,-0.14086741,-0.025475375,-0.03755156,-0.026468553
4930570B17Rik,0.0,-0.11247348,-0.4234357,-0.503478,-0.17152193
Dap,0.0,-0.110883884,-0.02242185,-0.055353682,0.01605807
Ankrd33b,0.0,0.04774135,0.0024988279,0.13719091,0.14808096
Ropn1l,0.0,0.121938825,0.13723134,0.119262464,-0.017336681
Gm49208,0.0,0.15430835,0.15999465,-0.05330856,0.047253657
March6,0.0,0.021700658,0.121697076,0.07730031,0.03457854
Cmbl,0.0,0.21720406,0.3545335,0.20137307,0.19998917
Cct5,0.0,0.2544312,0.012306273,-0.22979602,-0.06752428
Atpsckmt,0.0,-0.071522966,-0.105475396,-0.2883579,-0.29616442
Snhg18,0.0,0.004587856,0.0034191813,-0.060129445,-0.11840585
Sema5a,0.0,0.49178362,0.23255372,0.26998565,0.07575193
Gm32618,0.0,0.21229099,0.43642706,0.15927434,-0.13469876
Sdc2,0.0,-0.21700849,0.08342289,-0.1405996,-0.17634515
Cpq,0.0,-0.10519879,-0.030684404,-0.03917355,-0.07059345
4930592A05Rik,0.0,0.25743285,0.17517765,-0.24968901,-0.16632497
Tspyl5,0.0,-0.13618426,-0.08586362,-0.27332193,-0.061138596
Mtdh,0.0,-0.16207083,-0.016827326,-0.03637516,-0.006525617
Laptm4b,0.0,0.098110214,0.13721511,0.17797361,0.14683542
Matn2,0.0,0.10648571,-0.022558883,0.056623444,0.13083157
Rpl30,0.0,0.08716991,0.008482955,-0.3212991,0.1123825
Erich5,0.0,0.2084981,0.060698368,-0.04146214,-0.10287358
Rida,0.0,0.22575948,-0.012787819,0.20206203,0.120817505
Pop1,0.0,-0.15029456,0.16231054,-0.025249127,-0.21819545
Nipal2,0.0,0.096771374,0.0015210062,0.3099694,0.030875169
4930413F20Rik,0.0,-0.017342065,-0.08784426,-0.0935885,-0.07412531
Kcns2,0.0,-0.05144333,0.0006963983,0.092407815,-0.042554602
Stk3,0.0,-0.08495584,-0.13546352,-0.037438765,-0.15218733
Gm48960,0.0,-0.1676392,-0.22544369,-0.118502334,-0.12614977
Vps13b,0.0,-0.007842511,-0.038776234,0.043731444,-0.020437695
Cox6c,0.0,0.33970693,0.22873273,-0.101041645,0.35181198
Rgs22,0.0,0.2668939,0.10381144,0.37621295,0.3325803
Polr2k,0.0,0.1291033,-0.042066514,0.005625233,0.40539902
Spag1,0.0,0.04318139,0.20482543,0.26860142,-0.0035617054
Rnf19a,0.0,0.21567234,0.26209688,0.11197661,-0.008844942
Ankrd46,0.0,0.340625,-0.002369091,0.085217096,-0.00080418587
Pabpc1,0.0,-0.101481535,-0.3017619,-0.11875716,-0.35497713
Gm46515,0.0,-0.1426293,-0.28697574,-0.15333986,-0.19687441
Ywhaz,0.0,0.49361795,0.24774751,0.058268756,0.22245169
Gm34590,0.0,-0.023667332,-0.13516481,-0.06363775,-0.052383505
Zfp706,0.0,0.12308711,0.054908216,-0.0067987517,0.09606363
Grhl2,0.0,-0.022965228,-0.046716854,-0.002452122,0.034181923
Ncald,0.0,0.32273412,0.23068999,0.19703,0.088627174
Rrm2b,0.0,0.09666035,-0.0149853155,-0.035756268,0.044945728
Gm49085,0.0,-0.39489,-0.20314705,-0.36418626,-0.07027992
Ubr5,0.0,0.059187785,0.21959497,0.18486987,0.024480894
Gm49312,0.0,-0.06716783,0.09488054,-0.042042516,-0.08989426
Gm49313,0.0,-0.060045972,-0.2732496,-0.08944438,-0.15542728
Klf10,0.0,0.002748726,-0.06456731,-0.023074958,0.064805344
Gm35248,0.0,0.00034327246,-0.0004548598,0.0037231818,0.020603143
Azin1,0.0,0.22644275,-0.11298347,-0.16948849,-0.0066156685
Gm49077,0.0,-0.017526492,0.078457594,-0.0056910664,0.07887925
Atp6v1c1,0.0,0.1239882,-0.01628153,0.079846166,-0.11374059
Baalc,0.0,0.27946937,0.34841496,0.2766859,0.21724424
Fzd6,0.0,-0.020402856,-0.068421826,0.38162982,-0.11292553
Cthrc1,0.0,-0.30272132,-0.04647526,-0.05554103,-0.33517015
Slc25a32,0.0,0.080352694,-0.04293658,0.09639807,-0.14443353
Dcaf13,0.0,-0.12640347,0.07721102,0.061512105,-0.116146654
Rims2,0.0,0.110839665,0.02272357,0.11287924,-0.02063851
Dpys,0.0,-0.017446626,-0.2246683,-0.14276272,0.052712925
Lrp12,0.0,0.10890046,0.060969464,0.050945953,-0.059511073
Zfpm2,0.0,-0.04969749,0.041849572,-0.07210356,0.049040344
Oxr1,0.0,0.13788743,0.03894388,0.14525926,0.0053313673
Gm26854,0.0,0.09388993,-0.058927715,0.042121682,-0.09448321
Abra,0.0,-0.05861935,-0.12565467,-0.1109076,-0.09153874
Angpt1,0.0,0.35850066,0.42537788,0.26024276,0.49023002
Gm17473,0.0,0.039878126,-0.063022576,-0.2161376,0.15201631
Rspo2,0.0,0.0025097504,0.0017668437,-0.048397467,0.0051347967
Eif3e,0.0,0.019403793,0.11180312,-0.07561149,0.098638766
Gm49271,0.0,0.12420301,0.045943946,0.044147372,0.18355036
Gm10373,0.0,0.03638195,-0.24852148,-0.2964487,-0.04574687
Emc2,0.0,-0.17125328,-0.20871702,-0.35334992,-0.27387786
Tmem74,0.0,0.12986375,-0.080611885,-0.11137748,0.035047177
Trhr,0.0,0.039316013,0.07425486,0.004770819,-0.010763619
Nudcd1,0.0,0.048050787,0.15094739,-0.22722113,-0.048204787
Eny2,0.0,0.0737102,0.0018429607,0.051667467,0.07201609
Pkhd1l1,0.0,-0.0075330706,-0.045360733,0.03522968,0.017480232
Ebag9,0.0,-0.08180415,0.018858997,-0.24916562,-0.108425505
Sybu,0.0,0.15888467,0.19823198,0.23840831,0.08691478
Kcnv1,0.0,0.0334163,-0.05611543,-0.05069923,-0.09243034
Csmd3,0.0,0.17312409,0.0028452724,0.19625244,0.057009056
Trps1,0.0,-0.030841634,-4.0978193e-07,-0.12805064,0.06076018
Gm48913,0.0,-0.023025794,-0.0268439,0.016201077,0.06926218
Gm19303,0.0,0.026773239,0.038676832,-0.036050897,0.033672456
Eif3h,0.0,-0.13084292,0.023835527,-0.19558415,-0.00654549
Utp23,0.0,0.22999121,0.10413377,0.061858095,0.2677378
Rad21,0.0,0.0784336,0.16235575,-0.01768227,-0.09636231
Aard,0.0,0.124539874,0.20333591,0.075053126,0.08130379
Med30,0.0,0.19345859,0.056245677,0.07630956,0.31414753
Ext1,0.0,-0.142269,-0.017477684,-0.074121,-0.034854885
Samd12,0.0,0.024978882,-0.119714886,-0.11965436,-0.073790506
1700015H07Rik,0.0,-0.025644472,-0.01748885,-0.00461976,-0.051112812
Tnfrsf11b,0.0,0.07131141,0.03220238,0.05717925,0.1484375
Mal2,0.0,0.12929474,-0.12262334,0.028987389,0.025526896
Ccn3,0.0,0.07834761,-0.01218855,0.10077515,0.06307539
Enpp2,0.0,0.32622886,0.050022885,0.15893856,-0.03397192
Taf2,0.0,0.08116047,0.16594762,-0.14889136,0.059494194
Gm9920,0.0,-0.029791554,-0.021634521,0.04341598,0.037482552
Deptor,0.0,-0.16070196,-0.08115466,-0.031291656,-0.19133587
Col14a1,0.0,-0.00038422085,-0.04301265,0.07759621,-0.0381772
Mrpl13,0.0,-0.10729559,-0.021294193,-0.1543323,-0.2310676
Mtbp,0.0,0.005999054,0.07731192,-0.13245444,-0.10238003
Sntb1,0.0,-0.12968007,0.07181533,-0.097641796,0.041627925
Has2,0.0,0.00017393804,-0.039753985,0.004457072,-0.021568421
Has2os,0.0,-0.15026015,-0.17260855,-0.108528316,-0.040757775
Gm2582,0.0,0.07746595,-0.025243595,-0.021477643,0.07844813
Slc22a22,0.0,0.023249527,0.024912387,0.008401893,0.0645068
Zhx2,0.0,-0.24295878,0.062090673,-0.022769185,0.044758026
Derl1,0.0,-0.15729551,-0.013833578,-0.098971464,-0.06169075
Tbc1d31,0.0,0.1086849,0.12045287,-0.0043030083,-0.16922301
9130401M01Rik,0.0,-0.10552994,-0.08344032,-0.34276193,-0.21051964
Gm29394,0.0,-0.16052693,-0.18714714,-0.16101795,-0.14710972
Zhx1,0.0,0.013109513,-0.041974753,-0.20417838,-0.23270258
Atad2,0.0,0.22868535,0.20752864,0.4316804,0.25088015
Wdyhv1,0.0,0.19859761,0.2552455,0.2606463,0.0659394
Fbxo32,0.0,0.31253898,-0.041310668,0.5505842,0.19089058
Gm15943,0.0,0.07549868,-0.058305055,0.09276505,-0.12380592
Anxa13,0.0,0.0075280685,0.015648853,0.029347405,0.02530825
Fam91a1,0.0,0.376717,0.28668678,0.22503017,0.23837234
Gm20712,0.0,-0.048115283,0.13058016,0.02635755,-0.024482891
Tmem65,0.0,-0.07920189,-0.062952206,-0.28349257,-0.07086357
Trmt12,0.0,-0.116023585,-0.27502894,-0.119000174,-0.23288143
Rnf139,0.0,-0.019049536,0.025743984,0.07107835,-0.20454848
Tatdn1,0.0,-0.042303637,-0.09487985,0.017091434,0.0108327195
Ndufb9,0.0,0.30972764,0.05674562,0.0070651174,0.26173112
Mtss1,0.0,0.2743179,0.30768454,0.28641328,0.06467132
Sqle,0.0,-0.07545201,-0.08228982,-0.08111923,0.16233462
Washc5,0.0,0.069450706,0.18441613,0.10936497,-0.048941895
Nsmce2,0.0,-0.110301405,-0.0054169465,-0.026752705,-0.07710758
Trib1,0.0,-0.024394553,0.1128873,-0.25574106,-0.16142634
Lratd2,0.0,0.05328526,0.041360468,-0.034351163,0.11995119
Myc,0.0,-0.04962982,0.013709253,0.056123454,-0.021931343
Pvt1,0.0,0.14020807,-0.06532519,-0.11290575,-0.085072644
Gm41333,0.0,-0.035122268,-0.095250174,-0.045713868,-0.069977
Gm41335,0.0,-0.019901324,-0.005823586,-0.19133262,-0.079967976
Fam49b,0.0,-0.07094693,0.092022456,-0.085717544,-0.074561864
Asap1,0.0,-0.12537907,0.060760945,0.008847259,0.017887682
Adcy8,0.0,-0.007920876,0.12902781,0.20580673,-0.09032315
Gm21798,0.0,0.22440864,0.39126694,0.2411582,-0.025265217
Efr3a,0.0,0.20285349,0.20898344,0.21627292,0.095048234
Kcnq3,0.0,0.1986839,0.1730966,0.29559916,0.07695295
Gm27153,0.0,-0.053865023,0.21112749,-0.30336595,-0.32613435
Lrrc6,0.0,-0.052402824,-0.005668776,-0.058347426,0.023919007
Phf20l1,0.0,-0.0027290434,0.07443507,0.082266904,0.00365448
Sla,0.0,0.038565215,-0.0034065377,0.0041452814,0.0023604129
Ndrg1,0.0,0.2168068,0.13318352,-0.111317605,0.11730501
St3gal1,0.0,0.11024968,-0.14326364,0.17578205,0.09773526
Zfat,0.0,-0.043210357,-0.047945462,0.038461216,-0.11665433
Gm26621,0.0,0.17312957,0.01684615,0.17046745,0.057391718
Gm20732,0.0,0.08890761,0.2567647,0.07274837,0.18048811
Khdrbs3,0.0,-0.029478997,0.05538566,-0.048041627,-0.11713561
Fam135b,0.0,0.403155,0.1098854,0.14723764,0.13343187
Col22a1,0.0,-0.035558373,-0.00682329,-0.016589014,0.035030425
Kcnk9,0.0,0.45426154,0.2233627,0.23174915,0.085098
Trappc9,0.0,-0.11733669,0.1265301,-0.027591169,-0.05661796
Peg13,0.0,0.36630198,0.19519277,0.023321047,0.17828506
Chrac1,0.0,0.05366733,-0.020968948,-0.04022329,-0.041001815
Ago2,0.0,-0.009508342,0.026920542,0.093705736,0.10156993
Ptk2,0.0,0.029774852,0.06278665,0.06331202,-0.060313642
1700085D07Rik,0.0,0.08112355,-0.14762771,-0.20963743,-0.22819158
Gm49066,0.0,0.017034307,0.03443577,0.34126374,-0.17354055
Dennd3,0.0,-0.00024507847,-0.010677045,0.04795176,-0.112598315
Slc45a4,0.0,-0.27641255,-0.06209705,-0.088022724,-0.18786553
Ptp4a3,0.0,0.2657906,0.19030862,0.2941071,0.079184726
Mroh5,0.0,0.08867672,0.108389914,0.099249914,0.14433879
Adgrb1,0.0,0.44609508,0.35081047,0.51039153,0.25144786
Arc,0.0,-0.08126868,-0.0055246605,-0.0697591,-0.064275146
Jrk,0.0,0.014759868,-0.09131934,-0.17103833,-0.11074226
Them6,0.0,0.05231058,0.1531073,0.09013951,0.15732768
Lynx1,0.0,-0.094015345,-0.0664769,-0.014076496,-0.021832572
Ly6e,0.0,0.026220623,0.0096614435,0.076550715,-0.03848824
Ly6h,0.0,-0.220888,-0.051560536,-0.18552844,0.039460965
Zfp41,0.0,0.29795074,0.11054221,0.05411733,0.07086301
Top1mt,0.0,0.1778328,0.1764316,0.1045356,-0.013191022
Rhpn1,0.0,-0.16676182,0.039290458,-0.2344583,-0.0608971
Zc3h3,0.0,0.27148125,0.5562884,0.42508653,0.2786803
Naprt,0.0,0.18430834,0.29085657,0.16972555,0.20206088
Eef1d,0.0,-0.046718944,-0.010217935,-0.21352197,-0.06608991
Tigd5,0.0,-0.005863717,-0.04045598,-0.14841539,0.10061425
Pycrl,0.0,0.17848481,0.22414976,0.23023647,-0.15025303
Tsta3,0.0,-0.09766503,0.14595906,0.08165863,-0.08146173
Zfp623,0.0,-0.036965795,0.22712684,0.16799724,-0.04608924
Zfp707,0.0,-4.0471554e-05,0.06826786,0.3505152,0.2511795
Ccdc166,0.0,0.02911961,-0.08607137,-0.13239156,-0.034059472
Iqank1,0.0,-0.1505802,-0.008946075,-0.00080495747,0.031777352
Scrib,0.0,0.206049,0.29740357,0.5326582,0.10069871
Puf60,0.0,0.08234405,0.07954169,-0.16087165,0.043617968
Nrbp2,0.0,0.39643103,0.5660088,0.60847586,0.0700061
Plec,0.0,0.20820656,0.12727678,0.12934771,0.15907168
Parp10,0.0,-0.023537453,-0.07982106,-0.020129869,-0.11907803
Grina,0.0,0.11743924,0.5020842,0.5520185,0.13468039
Oplah,0.0,0.21736106,0.012673497,0.058568418,0.1410992
Exosc4,0.0,-0.03271152,0.36531794,-0.0058362484,0.078804076
Gpaa1,0.0,-0.026075296,0.116957456,0.061566807,0.18612549
Cyc1,0.0,0.093409486,0.27112192,0.14789367,0.18463685
Sharpin,0.0,-0.16951883,-0.0454472,-0.005472705,-0.10968104
Maf1,0.0,0.2859915,0.28918988,0.51229167,0.12977822
Gm35339,0.0,-0.13049212,-0.22138181,0.071256906,-0.4070792
Hgh1,0.0,-0.13589655,0.02781768,0.045779146,-0.11390562
Mroh1,0.0,0.05651345,0.096842155,0.11706571,0.03308074
Bop1,0.0,-0.17556162,0.0304266,-0.1581928,-0.08252044
Hsf1,0.0,-0.10326212,0.122533575,-0.1091811,-0.3063343
Dgat1,0.0,-0.15176503,0.01715323,-0.051343113,0.03344366
Scrt1,0.0,0.23963739,0.028447919,0.019433707,-0.25611424
Fbxl6,0.0,0.18050504,0.46559885,0.51748145,0.44754517
Slc52a2,0.0,-0.03441243,-0.15691127,0.310265,0.08109105
Adck5,0.0,0.27529353,0.40107706,0.4315462,0.14516157
Cpsf1,0.0,-0.03993445,-0.12235299,-0.07519855,-0.083309054
Vps28,0.0,-0.1759616,0.049859837,-0.09377594,0.09112011
Tonsl,0.0,0.013626181,0.014140159,0.23582108,0.1966843
Cyhr1,0.0,0.11252805,0.20571652,0.2989724,-0.064257056
Kifc2,0.0,-0.09142594,0.315696,0.31930065,0.008728385
Ppp1r16a,0.0,-0.105045356,0.060610577,-0.13000776,-0.26008672
Gpt,0.0,-0.05737924,0.1133104,0.14458406,-0.00077519566
Mfsd3,0.0,0.1572422,0.21366271,0.15695265,0.049712636
Recql4,0.0,-0.06693337,-0.03181927,-0.08205203,-0.02478983
Lrrc14,0.0,-0.0049247257,-0.16632637,0.03695859,0.14352149
Lrrc24,0.0,-0.30534798,0.022183808,0.0016146265,0.25430828
C030006K11Rik,0.0,0.16443923,0.16843894,0.27857363,0.13691856
Arhgap39,0.0,-0.1146631,0.1511435,0.13162372,0.030402109
Zfp251,0.0,0.120865986,0.15195331,0.18479162,0.09205239
Zfp7,0.0,-0.04636713,-0.08160915,0.015525669,0.1859883
Gm49527,0.0,-0.42015707,-0.38643396,-0.20215572,-0.38127708
Commd5,0.0,-0.020847503,0.09224935,-0.06510091,0.089971125
Rpl8,0.0,0.07509248,-0.0906855,-0.22972953,0.13407025
Zfp647,0.0,-0.018097056,-0.0009036381,-0.09994281,0.01971364
1110038F14Rik,0.0,0.011459317,-0.17199558,-0.096793264,-0.2966494
Rbfox2,0.0,0.09582423,0.14712359,0.14748633,-0.017307475
1700109K24Rik,0.0,0.12767728,0.04846121,0.11704007,-0.060759388
Apol8,0.0,0.019214079,0.05585195,0.13779184,-0.022287965
Myh9,0.0,-0.38283274,-0.06458862,-0.19911914,-0.070170656
Txn2,0.0,0.015768312,0.20564765,0.046927363,0.11085741
Foxred2,0.0,0.21526657,0.00396508,0.46338663,0.034059703
Eif3d,0.0,0.10773134,0.16121563,0.028043225,-0.04955093
Gm17638,0.0,-0.20481816,-0.16406487,-0.18818429,-0.29463863
Cacng2,0.0,0.36626345,0.18140261,0.25277644,0.12201268
A730060N03Rik,0.0,0.07448817,-0.054888412,0.05040325,-0.046434604
Ift27,0.0,-0.14790922,-0.10146226,-0.16684183,-0.27779296
Gm49694,0.0,0.104863316,0.091856346,0.117226176,0.15491346
Pvalb,0.0,0.21771961,0.49061814,-0.11006248,0.16016161
Tst,0.0,0.55273163,0.37133908,0.42833483,0.24681461
Mpst,0.0,0.14867434,0.32956123,0.28364116,0.15046549
Kctd17,0.0,0.15519935,0.11633051,0.14797816,-0.1595551
C1qtnf6,0.0,0.0050443225,0.10408005,0.034530185,0.0052865
Sstr3,0.0,0.062832355,0.21082556,0.13194078,-0.087240815
Cyth4,0.0,0.07057149,-0.088051826,-0.0076040784,-0.038651507
Elfn2,0.0,0.22912289,-0.011759572,0.0746178,-0.052548975
Mfng,0.0,0.03398732,-0.020887908,-0.0051143514,0.0035001617
Card10,0.0,-0.0866365,-0.051199213,-0.07192226,-0.034816418
Cdc42ep1,0.0,0.3382503,0.32962513,0.4982875,0.6227839
Gga1,0.0,0.016481474,0.18174337,0.24787457,-0.049357995
Sh3bp1,0.0,0.16982163,0.14913394,0.35417,0.06145148
1700027A07Rik,0.0,-0.10581918,-0.07891935,-0.07784456,-0.025096204
Pdxp,0.0,0.31593674,0.07837485,-0.17837189,0.33342135
Lgals1,0.0,0.10302135,0.12658319,0.29169202,0.16595323
Nol12,0.0,0.022185985,0.1007208,0.0028299317,0.11047719
Triobp,0.0,0.025230505,0.13830154,0.16368933,-0.06858079
Gm17753,0.0,-0.3548739,-0.17157435,0.028674535,-0.15674703
H1f0,0.0,0.48244032,0.3098219,0.28357798,0.40122098
Gcat,0.0,0.037648343,-0.023251757,0.1769219,0.042625044
Ankrd54,0.0,0.007991362,0.10062888,-0.13392217,-0.07227601
Eif3l,0.0,0.0580603,-0.01985253,0.07086424,-0.059244793
Micall1,0.0,0.07487408,0.14858897,0.25864673,0.030021742
1700088E04Rik,0.0,-0.14629517,0.04136038,0.10048508,0.09492667
Polr2f,0.0,-0.040746644,-0.11769137,-0.37802935,0.11041245
Sox10,0.0,0.34843305,0.18986525,0.059039533,0.37150165
Gm10863,0.0,0.10929911,0.11064489,0.17754817,0.22867607
Pick1,0.0,0.016923554,0.17238486,0.17417923,-0.09918418
Pla2g6,0.0,-0.008918926,-0.1510252,-0.18379253,-0.027057966
Tmem184b,0.0,0.04960217,-0.22506446,0.06263201,-0.1770557
Csnk1e,0.0,0.10712854,0.13731945,-0.14513654,-0.0051700473
Kcnj4,0.0,0.0870708,-0.17750101,0.06965625,-0.04668484
Ddx17,0.0,0.5604349,0.4036643,0.4215725,0.0254623
Dmc1,0.0,0.16740769,-0.05390714,-0.045950904,-0.012998395
Fam227a,0.0,0.022180736,0.10302167,0.25616387,0.11602911
Cby1,0.0,-0.045742325,0.13363552,0.03614264,0.03387867
Tomm22,0.0,-0.35881227,-0.23504275,-0.2986853,-0.38990122
Josd1,0.0,0.2758482,0.21012704,0.2536365,0.019631103
Gtpbp1,0.0,-0.19990662,-0.19892502,0.07541433,-0.23730242
Sun2,0.0,0.15948406,0.17201413,0.11429195,-0.0010855794
Gm16576,0.0,-0.3719808,-0.11971298,0.1648961,-0.15093979
Dnal4,0.0,0.1354745,0.27946705,0.2410182,0.16455264
Nptxr,0.0,-0.111056596,0.13750619,0.110476755,0.0923304
Cbx6,0.0,0.31739408,0.24694218,0.13581659,0.12636226
Apobec3,0.0,-0.068335414,0.03966903,0.075412974,-0.20994377
Cbx7,0.0,0.107904755,0.13425185,0.34655184,-0.042996198
Pdgfb,0.0,0.12825824,-0.24540424,-0.17692347,-0.059300743
Gm41361,0.0,0.0015713475,-0.105669625,0.05864545,-0.098611034
Rpl3,0.0,0.38960764,0.17412329,-0.19791614,0.10227707
Syngr1,0.0,-0.21417865,-0.11139864,0.09257685,0.013749953
Tab1,0.0,0.109029666,0.331744,0.16935635,0.06166324
Mgat3,0.0,0.25793016,0.058730245,0.27298743,0.11694571
Mief1,0.0,-0.008995548,0.159885,0.06174004,0.23914535
Atf4,0.0,0.34553155,0.36404216,0.22623748,0.099462554
Rps19bp1,0.0,0.06492385,0.014031667,-0.008177392,0.100029245
Cacna1i,0.0,0.09041855,0.14407511,0.18879324,0.030414253
Grap2,0.0,-0.014193153,-0.012543546,-0.012956673,-0.012885887
Tnrc6b,0.0,0.04361558,0.10838438,0.16067462,0.0799972
Adsl,0.0,0.056781396,0.19259998,0.20895183,-0.09275836
Sgsm3,0.0,-0.08700772,0.0856923,0.26139432,-0.1452743
Mrtfa,0.0,-0.1671961,0.11741455,-0.11872077,-0.042591646
Mchr1,0.0,-0.034085996,0.025884757,0.059958357,-0.067165405
8430426J06Rik,0.0,-0.09056226,0.16640228,0.05445673,0.10871047
Slc25a17,0.0,-0.19425574,0.104474925,-0.07863982,-0.16829278
St13,0.0,-0.107314795,-0.15944463,-0.30238813,-0.14897922
Xpnpep3,0.0,-0.23818192,-0.2997163,-0.12343924,-0.17042473
Rbx1,0.0,0.19307655,0.119459316,-0.10077578,0.039316706
Ep300,0.0,-0.0079120435,0.056487318,-0.0376094,-0.085046425
L3mbtl2,0.0,-0.08039251,0.15009375,-0.053734597,-0.13171303
Chadl,0.0,0.23721588,0.20936194,0.23863886,0.13329108
Rangap1,0.0,-0.03917285,0.034492142,-0.22980748,-0.16581535
Zc3h7b,0.0,0.014016073,-0.10294178,0.15686879,-0.13325553
Gm17597,0.0,0.11011988,0.04469577,0.048680194,0.103721455
Tef,0.0,0.0014646351,0.082910895,0.0410121,0.055993564
Tob2,0.0,0.350744,-0.12544353,0.08722894,0.07659996
Phf5a,0.0,0.13116997,0.06940709,0.14199834,0.12495994
Aco2,0.0,0.056424245,0.109994076,0.06941773,-0.12579511
Polr3h,0.0,-0.11597533,-0.116121195,-0.19730419,-0.06342767
Csdc2,0.0,0.041925713,-0.14592044,0.1393285,-0.07839951
Pmm1,0.0,0.18472132,0.23072004,0.13342135,0.027471036
Xrcc6,0.0,0.24402672,0.18978417,0.079397425,-0.013784543
Desi1,0.0,0.08229394,-0.056389205,-0.0049869567,0.11643945
Snu13,0.0,0.0855007,-0.1621419,-0.07669146,0.050703507
Mei1,0.0,-0.034718513,-0.034873098,0.049943715,0.06146264
Ccdc134,0.0,-0.24478541,0.039010853,-0.0067477953,-0.10455518
Srebf2,0.0,-0.007565938,0.056091674,0.064458415,-0.038360626
Shisa8,0.0,0.029497433,0.042750694,-0.05085755,-0.011368187
Cenpm,0.0,-0.010518154,-0.023744438,0.016010003,0.027023744
1500009C09Rik,0.0,0.07755707,0.16977264,0.14171192,0.13383777
Sept3,0.0,0.3890686,0.15068091,0.13562754,0.21596637
Naga,0.0,0.13326153,0.4602043,0.19478686,0.16603124
Smdt1,0.0,0.18042277,0.05293901,-0.17563313,0.02877745
Ndufa6,0.0,-0.047057886,-0.020357307,-0.23778607,0.0713221
Cyp2d22,0.0,-0.37851232,-0.18189967,-0.17774263,-0.234092
Tcf20,0.0,-0.1754639,-0.051911883,-0.21938601,-0.092245966
Gm29019,0.0,-0.028223071,0.019880423,-0.015795123,0.016306171
Nfam1,0.0,0.09851459,-0.043618135,0.019103022,-0.038796738
Serhl,0.0,0.13738978,0.37154958,0.45888123,0.16356502
Rrp7a,0.0,-0.1022984,-0.011924583,0.01237127,0.044971336
Poldip3,0.0,0.10898851,0.20122373,0.16632414,-0.100928545
Cyb5r3,0.0,0.09694345,0.0814096,-0.0615115,0.0009101182
Arfgap3,0.0,-0.036389112,0.21792993,0.25785697,0.017698929
Pacsin2,0.0,-0.0840638,-0.020211603,-0.1668701,-0.23611717
Ttll1,0.0,-0.098602176,-0.05507495,-0.14787664,-0.0077262097
Mcat,0.0,0.034933858,-0.16554406,-0.2506467,-0.02986695
Tspo,0.0,-0.029665122,-0.117965706,-0.009484606,0.14930607
Ttll12,0.0,0.15648247,-0.14285031,0.41409004,-0.104081966
Scube1,0.0,0.29499787,0.15107688,0.54428005,0.22793369
Mpped1,0.0,0.004340742,0.008309953,0.11249397,-0.061881997
Efcab6,0.0,-0.06709489,-0.12053597,-0.16129479,-0.04565596
Sult4a1,0.0,0.30663568,0.09728575,0.152511,0.21655098
Gm46526,0.0,0.010211043,0.0097991815,-0.03184106,0.035234954
Pnpla3,0.0,0.31099406,-0.060802966,0.57486725,0.18039535
Samm50,0.0,0.206305,0.17693537,0.25150537,-0.0613195
Parvb,0.0,0.17603594,0.24555367,0.40733173,0.27140746
Parvg,0.0,-0.06601194,0.051294483,0.050708946,0.107107066
Shisal1,0.0,0.04716274,0.26943943,0.39903107,-0.12009741
Rtl6,0.0,0.21604261,0.38768464,0.02950935,0.07403139
Prr5,0.0,-0.26806766,-0.08339969,-0.22678024,-0.2666432
Phf21b,0.0,0.26963848,0.2931392,0.49105632,0.24378875
Gm29666,0.0,-0.089714944,-0.023981381,0.099903524,-0.16809832
Nup50,0.0,0.057958923,0.0067650303,0.0066769794,-0.0075978115
5031439G07Rik,0.0,0.33362663,0.26548177,0.51057,0.116189346
Fam118a,0.0,0.1860596,-0.0795725,0.08132387,0.009338163
Smc1b,0.0,-0.19538707,-0.16538407,-0.05000253,-0.066226855
Fbln1,0.0,0.23730023,0.14388731,0.305416,0.3845747
Atxn10,0.0,-0.08370177,0.012134194,-0.07117488,0.07297141
Wnt7b,0.0,0.37258756,0.3996972,0.27729073,0.17289186
Gm49539,0.0,-0.06744076,0.15409799,0.17349629,0.15056865
Lncppara,0.0,0.01772631,0.041556343,0.18277419,0.04062572
Ppara,0.0,0.020337202,0.13400891,0.15490307,0.03208231
Cdpf1,0.0,-0.09372996,-0.0509937,-0.0006758012,-0.28594026
Ttc38,0.0,-0.23799801,0.1633009,0.09000392,-0.1018026
Gm49548,0.0,0.057083603,0.043824334,0.083697505,0.04216008
Trmu,0.0,0.16051763,0.043074988,0.08947995,0.18337043
Gramd4,0.0,0.19812027,0.4925974,0.48656124,0.31664956
Cerk,0.0,0.02896683,0.14859608,0.09433268,-0.1986539
Tbc1d22a,0.0,-0.013385184,0.18984658,-0.06741774,-0.019778267
A930001M01Rik,0.0,-0.15907753,-0.020612825,-0.15949774,-0.22232544
Tafa5,0.0,0.031370074,0.2872033,0.26667255,0.112267725
Brd1,0.0,-0.13349335,0.085739054,0.07189107,-0.05730195
Zbed4,0.0,-0.053118583,-0.06468721,0.08767354,-0.020866212
Alg12,0.0,-0.09574497,0.053286932,0.11106309,0.002945803
Creld2,0.0,-0.39454085,-0.47041863,-0.24613403,-0.3113506
Pim3,0.0,0.15777618,0.07595059,0.39714822,0.17650448
Gm20621,0.0,-0.13306789,0.038323063,-0.038122065,-0.06141646
Ttll8,0.0,0.029855937,0.08802985,0.29307154,0.16187754
Mlc1,0.0,0.05231701,0.25400555,0.0016474426,0.11654931
Panx2,0.0,0.00820319,-0.042965695,0.08485324,0.09532861
1810021B22Rik,0.0,-0.17323282,0.025410682,-0.07835206,-0.00028925855
Trabd,0.0,-0.2752601,0.17793557,0.19832134,0.027786907
Selenoo,0.0,-0.031955793,-0.025446417,-0.019616036,-0.11893137
Tubgcp6,0.0,0.093075976,0.07295833,0.038219858,-0.075694196
Hdac10,0.0,-0.064449415,0.14454603,-0.061759803,-0.007065814
Mapk12,0.0,0.39219195,0.14858688,0.19613433,0.32768542
Mapk11,0.0,-0.07016271,0.10370372,0.09468493,0.064367786
Plxnb2,0.0,-0.015513055,0.12365971,0.28942633,-0.11913676
Dennd6b,0.0,0.12312962,0.08384449,0.36736798,0.04232432
Ppp6r2,0.0,-0.066343404,0.07524937,0.13669859,-0.0842017
Sbf1,0.0,0.54882234,0.36758918,0.5673218,0.11080903
Lmf2,0.0,-0.040266667,-0.07390705,0.0120239295,0.16845559
Ncaph2,0.0,0.086861104,0.029066194,0.05424075,-0.012707494
Sco2,0.0,-0.16053052,0.07775038,0.081401974,-0.0703257
Syce3,0.0,-0.015834486,-0.007144353,-0.0553178,0.02247412
Cpt1b,0.0,-0.08461813,0.11960751,-0.01016441,0.22096834
Chkb,0.0,0.06731938,0.20217937,0.19492415,0.013854787
C730034F03Rik,0.0,-0.18125764,-0.26482928,0.013690054,-0.35245568
Mapk8ip2,0.0,0.4281876,-0.07244086,0.077825785,-0.07960513
Arsa,0.0,-0.001564296,-0.22945182,0.038158797,-0.119557306
C230037L18Rik,0.0,0.44878876,0.040271014,0.3116022,0.04155068
Shank3,0.0,0.03656078,-0.3383242,-0.07189888,-0.33996332
Gm15609,0.0,-0.08499035,-0.135466,-0.08421607,-0.10696602
Acr,0.0,0.0053825006,0.02094379,0.12644635,0.02579242
Rabl2,0.0,-0.06086785,-0.046802018,-0.1770235,-0.2080178
Syt10,0.0,0.25886047,0.19114076,0.09504062,0.25744098
Alg10b,0.0,-0.07447742,0.033511695,-0.20744734,-0.14769267
Cpne8,0.0,0.20154423,0.14792058,0.20801765,0.2328443
Kif21a,0.0,-0.088893525,-0.08677303,-0.18498714,-0.03526451
Abcd2,0.0,0.00411886,0.11766521,0.22575292,0.16102882
Slc2a13,0.0,0.10887978,0.0034226552,0.17677823,-0.09385456
Lrrk2,0.0,0.12287227,0.1750619,0.36592922,0.24738227
Cntn1,0.0,0.026309066,0.030352585,0.002537705,0.077068135
Gm26760,0.0,-0.0883563,-0.016890561,0.12911041,-0.1416791
Pdzrn4,0.0,0.10750098,0.08928671,0.18480977,-0.124640994
4930588J15Rik,0.0,-0.05241266,-0.06822139,-0.08271674,0.015303668
Gm30085,0.0,-0.058518082,-0.12737846,-0.11704381,-0.22782218
Gxylt1,0.0,-0.00038925558,0.06412291,0.029541954,-0.015677877
Yaf2,0.0,0.0017859936,0.14440511,0.13984859,0.0059517175
Zcrb1,0.0,0.07867103,0.085838385,-0.07616354,-0.056604393
Pphln1,0.0,-0.12159334,-0.06346005,-0.00782619,-0.012381305
Prickle1,0.0,0.1688964,0.30683753,0.15011245,-0.0007352531
Gm49445,0.0,-0.0075296685,-0.009236574,0.061125252,0.19244972
9430014N10Rik,0.0,-0.01893903,-0.013753936,0.048356887,0.04800325
Adamts20,0.0,0.13404892,-0.12627158,-0.09401103,0.20191433
Pus7l,0.0,-0.097238556,0.044196047,-0.14695264,-0.0599989
Irak4,0.0,0.38468033,0.02109775,0.18923527,0.19065364
Twf1,0.0,0.48740655,0.10175556,0.20820035,0.23192093
Tmem117,0.0,-0.31886843,-0.34441566,-0.1309991,-0.27945516
Nell2,0.0,-0.045924027,-0.06253988,-0.22676314,-0.30370277
Dbx2,0.0,-0.17041649,0.104267105,0.053922657,0.07780853
Ano6,0.0,-0.094552696,-0.046268784,-0.090310216,-0.2703988
2610037D02Rik,0.0,-0.21150188,0.009828094,0.038886517,-0.05154321
4833422M21Rik,0.0,0.018245531,-0.06633952,-0.006362954,-0.010646435
Arid2,0.0,-0.035479426,0.09923202,0.05881867,-0.04048419
Scaf11,0.0,0.02851627,0.09086746,0.16627522,0.04959914
Slc38a1,0.0,-0.046242326,0.09469601,0.19856115,-0.20881835
Slc38a2,0.0,0.3138413,0.12212759,0.0494456,0.18477733
Amigo2,0.0,0.20115095,0.06644613,0.3239767,0.073200166
Pced1b,0.0,-0.23994511,0.011432871,0.11814167,-0.030649327
Rpap3,0.0,-0.032772437,-0.12499924,-0.35235226,-0.38410386
Rapgef3,0.0,0.028416585,-0.07822234,0.0634505,-0.021576881
Slc48a1,0.0,0.22117588,-0.045112774,0.08188294,-0.23866925
Hdac7,0.0,0.5515013,0.35618806,0.6200271,-0.07138297
Tmem106c,0.0,0.2316317,0.028415494,0.10218232,-0.17042369
Col2a1,0.0,-0.013596879,-0.035423122,-0.006248962,0.024454236
Senp1,0.0,-0.22570132,-0.050998442,-0.12647279,-0.08342111
Pfkm,0.0,-0.061306715,0.12205385,0.0873756,-0.13049026
Asb8,0.0,-0.04831089,-0.14566669,-0.11113067,0.02439006
Ccdc184,0.0,0.18447614,0.22748657,0.044035394,-0.12083644
Zfp641,0.0,0.17487627,0.21018049,0.357421,0.29184207
Kansl2,0.0,0.23637548,0.27348256,0.179874,-0.0060801506
Ccnt1,0.0,-0.035930216,0.043325763,0.061283063,0.058490988
9330020H09Rik,0.0,0.22583033,0.159343,0.4507782,-0.1540092
Adcy6,0.0,-0.012175143,0.23266488,0.32323802,0.23396906
Cacnb3,0.0,-0.020249173,-0.16826761,-0.17453325,-0.26975504
Ddx23,0.0,-0.33580643,-0.33905244,-0.23547763,-0.3178977
Rnd1,0.0,-0.06793061,-0.028422061,0.13947245,-0.041118704
Ccdc65,0.0,-0.031330176,0.101398006,0.09297409,0.12537678
Fkbp11,0.0,-0.22292632,-0.061866533,-0.066082284,-0.13742355
Arf3,0.0,0.22162554,0.18582863,0.14367524,0.23085815
Ddn,0.0,-0.027800536,-0.0376776,0.12835167,-0.051721588
B130046B21Rik,0.0,-0.26748848,-0.28936225,-0.14909978,-0.12310374
Prkag1,0.0,-0.2572256,0.026649121,-0.05122451,-0.15903893
Kmt2d,0.0,0.1441478,0.36548913,0.03772059,0.050912246
5730414N17Rik,0.0,-0.017469611,-2.6714057e-05,0.08860955,-0.042405736
Rhebl1,0.0,0.22659105,0.23219785,0.25550255,0.08736354
Lmbr1l,0.0,0.07708871,0.07141858,0.39190024,0.18251176
Tuba1b,0.0,-0.0077747405,0.030556675,-0.24777102,0.16687624
Gm41396,0.0,-0.13861507,-0.0065497775,-0.08894433,-0.04228288
Tuba1a,0.0,-0.19491139,0.041728497,-0.17438933,0.13659646
4930578M01Rik,0.0,-0.26109397,0.0131582115,0.11544533,-0.25426635
Spats2,0.0,-0.29824486,0.07584812,-0.04987818,-0.2255566
Kcnh3,0.0,-0.11043443,-0.15507723,-0.1690509,-0.11007929
Mcrs1,0.0,0.48457757,0.5443511,0.23620257,0.33529353
1700120C14Rik,0.0,0.041161902,-0.015005268,0.25237712,-0.099065155
Fam186b,0.0,-0.060082432,-0.100917146,-0.08714138,0.058442842
Prpf40b,0.0,0.36088634,0.36739108,0.40423468,0.09754786
Fmnl3,0.0,0.17839918,0.39897102,0.65905803,0.27087545
Tmbim6,0.0,0.05549879,-0.035365455,-0.028135918,0.07256757
Nckap5l,0.0,-0.0075215846,0.0595221,0.24080265,0.046964575
Nckap5los,0.0,0.26626578,0.05042386,-0.024475902,0.2040385
Gm49484,0.0,-0.0023717247,-0.13469245,0.015567258,-0.24595995
Bcdin3d,0.0,0.17486432,-0.0025410652,-0.019738294,0.20384353
Faim2,0.0,-0.031681776,-0.0973116,0.0932531,0.19947514
Racgap1,0.0,0.15172976,0.24450135,0.09003003,0.11894755
Asic1,0.0,0.18912849,0.19460578,0.43073344,-0.049495652
Smarcd1,0.0,-0.0017684847,-0.13219221,-0.25846747,-0.3341612
Gpd1,0.0,0.25275958,-0.03903058,0.31445837,0.28292674
Cox14,0.0,-0.0056538656,0.10254525,0.05997254,-0.14880982
Cers5,0.0,-0.03877653,0.16482627,0.25556278,0.041399717
Gm17058,0.0,0.13368876,-0.14673267,-0.0994655,-0.06559964
Lima1,0.0,-0.03808619,0.21952426,0.3302241,0.011469185
Gm49494,0.0,0.13484639,-0.16072798,0.22179395,0.08097763
Larp4,0.0,0.06583485,-0.0123713985,0.10790969,-0.019218512
2310068J16Rik,0.0,0.109162584,0.05650719,-0.06768246,-0.16262077
Dip2b,0.0,-0.114452966,-0.023621678,0.0010470897,0.04582627
4930478M13Rik,0.0,-0.14518031,-0.08055311,-0.11007504,-0.10010271
Atf1,0.0,-0.1204714,0.053005695,-0.013333857,0.07188245
Mettl7a1,0.0,-0.24912685,0.1524111,0.00549772,-0.03615887
Slc11a2,0.0,0.2513534,0.19362094,0.17176244,-0.31144384
5330439K02Rik,0.0,-0.23850542,-0.17125167,0.023611203,-0.24390122
Letmd1,0.0,0.05473368,0.18884444,0.4051977,0.11208492
Csrnp2,0.0,-0.16871633,-0.2706338,-0.08577643,-0.38896078
Tfcp2,0.0,-0.2568299,-0.1283002,-0.10189215,-0.16825628
Pou6f1,0.0,-0.029930443,0.01985579,0.005650975,0.025641464
Gm27209,0.0,-0.089817554,-0.0034903921,0.08340666,0.072288096
Gm49492,0.0,-0.02223262,-0.048917927,-0.12791157,-0.12801398
1110013H19Rik,0.0,0.1564281,-0.064952105,0.06948663,0.11595109
C330013E15Rik,0.0,0.25415158,0.08049899,0.18815534,0.13556306
Dazap2,0.0,0.3180344,0.09108311,0.18664789,0.25018334
Bin2,0.0,-0.040364314,-0.04829117,-0.057054583,0.025229117
Cela1,0.0,-0.042391803,-0.01015228,0.003199558,-0.031517264
Galnt6,0.0,0.24527949,0.088327914,0.0032363683,0.13301277
Slc4a8,0.0,0.39407003,0.31187278,0.4959552,0.16800915
Scn8a,0.0,0.25419918,0.25719312,0.3948158,-0.05321902
Acvrl1,0.0,0.07858932,0.0043148175,0.09557668,0.19222905
Acvr1b,0.0,0.24969825,0.3893587,0.28086138,0.12204079
Grasp,0.0,0.16276534,-0.06600872,-0.02457527,0.109648466
Nr4a1,0.0,0.053271502,-0.04080663,-0.20169044,-0.08669121
Atg101,0.0,0.1226545,0.18205237,-0.053230144,0.119008064
Krt1,0.0,-0.0923655,-0.009729069,0.050504044,0.041974492
Krt77,0.0,-0.008051107,0.01484379,0.0046524964,-0.004698677
Eif4b,0.0,0.2090532,0.120096445,0.09657717,0.049421586
Tns2,0.0,0.094497755,0.004468292,0.07990838,0.061894342
Spryd3,0.0,-0.10064923,0.046687603,-0.09558077,-0.09265689
Igfbp6,0.0,-0.056780897,-0.019195091,-0.02391192,-0.025799535
Csad,0.0,-0.16073498,-0.007315892,0.0550519,-0.19433074
Zfp740,0.0,0.33889222,0.34101373,0.45924857,0.18726915
Itgb7,0.0,0.0013818666,-0.0076260082,0.06405775,0.10405336
Rarg,0.0,-0.23548084,0.10070345,0.13819045,0.049618073
Mfsd5,0.0,-0.06470169,-0.06301732,0.09541212,-0.057742972
Gm49479,0.0,0.090560146,0.023473803,0.03483242,0.029788986
Espl1,0.0,0.089595996,-0.003280677,0.041965414,0.14682847
Pfdn5,0.0,0.3828383,0.123675816,-0.15445973,0.27319646
Myg1,0.0,0.051569182,0.086381935,0.023383353,-0.020066746
Aaas,0.0,-0.18206304,-0.2445719,-0.08348787,-0.32823297
Sp1,0.0,-0.02081066,-0.035680253,0.059230395,-0.07244262
Amhr2,0.0,-0.15463841,-0.0855853,-0.18489109,-0.22826311
Prr13,0.0,-0.006818682,0.079952925,0.12426206,0.012487888
Pcbp2,0.0,-0.17879729,-0.06984603,-0.019471766,-0.091920584
Map3k12,0.0,0.12966463,0.2713279,0.1868624,-0.022693321
Tarbp2,0.0,0.24014589,0.46505952,0.52878547,0.11238882
Npff,0.0,0.37782115,0.07537552,0.51851785,-0.38427556
Atf7,0.0,-0.14790119,0.019217469,-0.08223985,-0.043914128
Atp5g2,0.0,0.010287477,-0.07477911,-0.16058323,0.00835437
Calcoco1,0.0,-0.0528802,0.017286746,0.008260343,-0.10080677
Gm36560,0.0,-0.0031424053,0.024259979,0.059564203,0.04658712
D930007P13Rik,0.0,0.0068275593,0.025721548,0.012084905,0.03864137
Smug1,0.0,0.1903177,0.18251364,0.14126432,0.14939663
Cbx5,0.0,0.04933255,0.1223325,-0.18122971,-0.013597488
Hnrnpa1,0.0,0.48694873,0.19934094,0.13935621,0.21223049
Copz1,0.0,-0.118499815,0.06025828,-0.048219614,-0.23153971
Zfp385a,0.0,-0.15120363,0.16904187,0.26718286,0.04785467
Itga5,0.0,-0.14700708,-0.033793308,0.027645968,-0.062836
Nckap1l,0.0,0.061501317,-0.0036784,0.024784822,0.082560755
Pde1b,0.0,0.24564785,0.20037502,-0.032523766,-0.102879286
Ppp1r1a,0.0,0.065420166,0.15333648,0.047134273,0.13833034
Zfp263,0.0,0.067877606,0.1212318,0.016272046,-0.059677437
Gm41409,0.0,0.026301736,-0.0753031,0.13294467,0.07179889
Zfp174,0.0,0.3722128,0.32386735,0.050308764,0.055197433
Zfp597,0.0,0.328759,0.08643718,-0.28902465,-0.079566896
Naa60,0.0,0.16212362,0.21524143,0.022336297,0.05987359
1700037C18Rik,0.0,0.017498257,-0.22936314,-0.08517484,0.17992337
Cluap1,0.0,0.005830087,0.046689235,0.06743649,0.027811147
Nlrc3,0.0,-0.31906354,-0.3047312,-0.19783881,-0.17133926
Slx4,0.0,0.3245132,0.034605756,0.15627392,-0.009264737
Gm15879,0.0,-0.1552164,-0.3452201,-0.25457984,-0.24084657
Trap1,0.0,-0.09216873,0.18522602,0.10287501,-0.075537294
Crebbp,0.0,-0.1962617,0.13826133,-0.123077124,-0.09523335
Adcy9,0.0,-0.15140182,-0.104267076,-0.0048070834,-0.15372457
Srl,0.0,-0.20858896,-0.1112929,0.0652782,0.012599532
Tfap4,0.0,0.14139898,-0.10013205,-0.09914206,0.04470668
Glis2,0.0,-0.22423553,0.16068088,0.29199937,-0.16753604
Pam16,0.0,0.07593489,0.19074549,-0.023619011,0.06670435
Coro7,0.0,0.03917797,0.19258556,0.2056185,0.20868404
Vasn,0.0,-0.12139955,-0.23043446,-0.39922583,-0.34126914
Dnaja3,0.0,-0.098294064,0.08619114,0.082225055,-0.023340978
Nmral1,0.0,-0.07844414,0.075986154,-0.26854342,-0.01303375
Hmox2,0.0,0.09628045,0.11619156,-0.0178902,0.27661395
Gm15859,0.0,-0.091277264,-0.008110005,0.03696385,0.06696666
Cdip1,0.0,-0.02500445,0.036740858,0.02622167,-0.1002723
Ubald1,0.0,0.40813434,0.25676405,0.16460387,0.21654113
Mgrn1,0.0,-0.21834517,-0.13458538,0.015883088,-0.16347235
Gm16861,0.0,0.13479793,-0.21675019,-0.10323322,-0.23302852
Nudt16l1,0.0,0.057648823,0.2173201,0.42919546,0.15413044
Anks3,0.0,-0.13795385,-0.16699058,0.11983808,-0.22293642
Gm42477,0.0,-0.41550118,-0.14073575,-0.22754395,-0.10859828
Rogdi,0.0,0.13643974,0.23425497,0.18013795,0.010845423
Glyr1,0.0,0.10486163,0.1473761,0.2564707,0.07709186
Ubn1,0.0,-4.2550266e-05,0.062073912,0.09562289,-0.0900059
Ppl,0.0,-0.012150198,-0.06713762,-0.08936474,0.02170505
Sec14l5,0.0,0.029677842,-0.13533969,0.24481326,0.063230455
Nagpa,0.0,0.11712382,0.061508395,0.06322167,0.18722123
Alg1,0.0,-0.0750786,0.042209294,0.07264067,0.03913843
Eef2kmt,0.0,-0.26209277,0.06534204,0.3134088,0.027719013
Gm15983,0.0,-0.012204351,-0.023174342,0.03302605,0.027133983
Gm41414,0.0,0.36772016,-0.31424442,0.32066017,-0.07872867
Rbfox1,0.0,0.30689788,0.08792543,0.29082832,-0.27966923
Tmem114,0.0,-0.036952503,0.061957568,-0.016575053,0.2219998
Mettl22,0.0,0.086045526,0.24443464,-0.08006354,0.060077798
Abat,0.0,-0.1694631,0.052715607,-0.10582006,-0.17062199
Tmem186,0.0,0.15866777,-0.082246944,0.3243342,0.25217766
Pmm2,0.0,-0.29018602,0.057697926,-0.054393217,-0.23735012
Carhsp1,0.0,0.1779034,0.07013975,0.10657059,-0.0094455555
Usp7,0.0,0.06089714,0.15753183,0.24973351,-0.0053010136
1810013L24Rik,0.0,0.31584042,0.31497094,0.20250289,0.12882534
Gm30371,0.0,-0.045339882,-0.050474256,-0.017332915,0.09648801
Grin2a,0.0,0.42020682,-0.019749805,0.3523506,-0.22933285
Emp2,0.0,-0.11877856,0.0818748,0.2309968,-0.057831407
Tekt5,0.0,0.020598624,0.15124062,-0.10217142,0.11420642
Nubp1,0.0,-0.09423621,-0.063403755,-0.1601614,-0.13861445
Tvp23a,0.0,-0.10813166,0.04718464,-0.07678898,-0.15438068
Ciita,0.0,-0.18768749,0.13742676,-0.0029745046,-0.03802867
Dexi,0.0,-0.13356946,-0.013445597,0.065539256,-0.24500631
Clec16a,0.0,0.029060766,0.10662093,0.100669146,-0.003115207
Gm15558,0.0,-0.17025337,-0.3047771,0.18241821,-0.014988931
Socs1,0.0,0.019165605,0.1780065,0.18037431,0.10353928
Gm46563,0.0,-0.11481008,-0.004123535,-0.04855165,-0.04130492
Rmi2,0.0,0.14151712,-0.05210063,0.052461937,0.11532067
Litaf,0.0,-0.008698277,0.019065417,0.19332966,0.11439387
Snn,0.0,0.35733992,0.25390503,0.25033605,0.23074938
Txndc11,0.0,0.062471516,0.23579349,0.16931744,-0.02433601
Zc3h7a,0.0,0.1484387,0.184871,0.28465432,-0.044020385
4930509G22Rik,0.0,-0.0591499,0.093570635,-0.04140084,-0.045400035
Rsl1d1,0.0,-0.08220949,-0.062344037,-0.04015298,-0.08364754
2610020C07Rik,0.0,0.03480612,-0.08822958,-0.027662326,-0.057947826
Gspt1,0.0,-0.010778382,0.074535,-0.06543292,-0.10843013
Snx29,0.0,-0.10975271,0.007414097,0.048242755,-0.13936001
Cpped1,0.0,-0.06483509,0.14009422,0.025378637,0.007237777
Gm9961,0.0,0.199921,0.25822955,0.1544911,0.18273667
Shisa9,0.0,0.073399186,0.1328483,0.059188277,-0.086944
4930414F18Rik,0.0,0.1613424,0.042496696,0.17018732,0.09717753
1700003L19Rik,0.0,-0.03688264,0.03167481,0.060846686,0.019885818
Ercc4,0.0,-0.02858892,0.08288146,0.12743184,0.13978897
Mrtfb,0.0,-0.070025094,0.04080806,-0.06913579,-0.0064063556
Gm15738,0.0,0.15005308,0.16757171,0.08085627,0.115217745
Parn,0.0,0.0044670776,0.05857417,0.13323693,-0.13116299
Bfar,0.0,-0.021128803,0.058734387,0.13671914,0.08808587
Rrn3,0.0,0.23935212,-0.020467415,0.2629935,0.093010165
Ntan1,0.0,-0.278165,-0.09034615,0.09994647,-0.009788922
Pdxdc1,0.0,0.011069573,0.057478506,0.1911855,-0.07082429
Mpv17l,0.0,-0.021849304,-0.025759526,0.20953304,-0.10542612
Ifitm7,0.0,0.17364697,0.072386734,0.33551508,0.2249249
Bmerb1,0.0,0.4360804,0.315256,0.19616722,0.3383706
Marf1,0.0,0.17204969,0.23499115,0.20801705,0.016949773
Nde1,0.0,-0.21265757,0.04319201,-0.07641804,-0.20898232
Myh11,0.0,0.1052085,0.11525243,0.099111415,-0.024982847
Fopnl,0.0,-0.119854204,-0.09475629,0.0027320199,-0.18009636
Abcc1,0.0,-0.015376747,0.042704143,0.14649537,0.093083784
Efcab1,0.0,0.26329437,0.034035176,-0.02030804,0.14401695
Ube2v2,0.0,0.06451124,0.0007363036,-0.099920005,-0.006672196
Mcm4,0.0,0.118606925,-0.23530199,-0.0042907726,-0.01562278
Prkdc,0.0,0.03448353,0.103975706,0.14009416,0.035579428
Mzt2,0.0,-0.020489618,0.28857595,0.12712017,0.07193306
Cebpd,0.0,0.09825698,-0.12109844,-0.18104109,-0.26158956
Spidr,0.0,-0.12591481,-0.06456227,0.03130704,0.0121938465
Pkp2,0.0,0.2062508,0.06969087,0.16620445,-0.18429634
Yars2,0.0,0.1166874,-0.021210339,-0.016183615,-0.07000989
Dnm1l,0.0,0.28505665,0.14224385,-0.022240534,0.034364462
Gm49521,0.0,-0.103939,0.016531378,-0.2911086,-0.5099484
Fgd4,0.0,0.026789144,0.16123535,0.09978804,0.05288539
Spag6l,0.0,0.14671576,-0.09740697,-0.04549799,-0.0090737045
Top3b,0.0,0.02590891,0.113302216,0.15478362,0.11528517
Ppm1f,0.0,0.2531256,0.036075607,0.15351297,0.27577418
Gm49595,0.0,0.020174302,-0.063491315,0.12687442,0.016754484
Mapk1,0.0,0.03601578,0.07075654,0.13617268,0.024849303
1700056N10Rik,0.0,0.07720588,0.09940805,0.13962395,0.010896049
Ypel1,0.0,-0.07346834,-0.029290846,0.14841685,-0.15735216
Ppil2,0.0,-0.36287656,-0.1519468,-0.043193873,-0.031362183
Gm49584,0.0,-0.062320795,0.14095457,-0.055000152,0.13943611
Sdf2l1,0.0,-0.45286447,-0.13537702,-0.31203672,-0.12362164
Ccdc116,0.0,0.02475968,0.023407964,0.0067635104,0.03153566
Ydjc,0.0,0.043581054,0.17782244,-0.112330444,0.057569116
Ube2l3,0.0,-0.17292579,-0.044848368,-0.15976863,-0.22957076
Hic2,0.0,-0.13129982,0.31018716,0.23704726,0.005790077
Tmem191c,0.0,0.27641472,0.5443295,0.5185537,0.21487612
Pi4ka,0.0,0.09646969,0.15661615,0.1710645,0.106696896
Serpind1,0.0,0.0120929815,0.12618434,0.06710939,-0.142134
Snap29,0.0,0.07191698,-0.0795074,0.1906319,-0.009084426
Crkl,0.0,0.09036914,0.14327377,-0.06665136,0.039257035
Aifm3,0.0,0.20007424,0.3249006,0.22835872,-0.21792093
Lztr1,0.0,0.11841521,0.12782337,0.13130051,-0.23095056
Thap7,0.0,-0.020983018,0.15686333,-0.046989813,0.13966458
Gm49785,0.0,0.1777718,-0.14472932,0.24703701,-0.0032693222
P2rx6,0.0,0.017203264,0.12527823,0.15585263,0.14892736
Slc7a4,0.0,-0.0039350623,-0.010592142,-0.13670142,-0.15694594
Smpd4,0.0,0.36014003,0.17560548,0.15465102,-0.15026048
Ccdc74a,0.0,0.34924185,0.035234585,0.14670295,0.3359929
Med15,0.0,-0.031809963,0.016651306,-0.020311594,-0.0074838996
Klhl22,0.0,0.2541345,0.045186415,0.14731182,0.046874225
Scarf2,0.0,-0.035191417,-0.04149354,-0.013346663,0.08359086
B830017H08Rik,0.0,0.055279758,0.0038699694,0.032001197,0.13616377
Car15,0.0,0.012430906,-0.025382787,0.0795418,-0.0139452405
Dgcr2,0.0,0.1313346,0.2756384,0.28835455,0.20909168
Ess2,0.0,0.23297064,-0.034802794,0.09766486,0.05668731
Slc25a1,0.0,0.15485923,0.1458505,0.34874564,0.24759755
Dgcr6,0.0,-0.06611958,-0.12260443,-0.048230704,-0.2416156
Prodh,0.0,-0.04331904,0.30737147,0.14240211,-0.24219635
Rtn4r,0.0,0.021018073,0.17120396,0.5405563,0.18727067
4930483P17Rik,0.0,-0.038102575,-0.020689871,-0.008040527,-0.0046580355
Zdhhc8,0.0,-0.075686865,-0.12829687,0.11327537,-0.11001552
Ranbp1,0.0,0.16573031,0.09297867,-0.15104541,0.10637537
Trmt2a,0.0,-0.012010281,0.18389423,-0.11293211,-0.27599376
Dgcr8,0.0,-0.045584306,-0.02975594,0.025070637,-0.18784703
Tango2,0.0,-0.29913825,-0.08275732,-0.08269842,-0.23908761
Arvcf,0.0,0.074818894,-0.008317554,-0.019324115,-0.3644764
Comt,0.0,-0.27612627,-0.012293935,-0.040726308,-0.16469073
Gm15764,0.0,-0.1483426,0.11637842,-0.19184072,0.008483927
Txnrd2,0.0,0.10775895,-0.017836064,0.21693963,0.13028048
Gnb1l,0.0,0.07564653,-0.07712665,-0.015487965,-0.14928922
Sept5,0.0,0.3565551,0.076689176,0.08330811,0.19631541
Cdc45,0.0,-0.28891808,-0.020192407,-0.12405653,-0.24586459
Ufd1,0.0,0.29582062,0.091172904,0.08455003,0.15569445
2510002D24Rik,0.0,0.2941825,0.23769228,0.20869774,0.04101315
Mrpl40,0.0,-0.04974139,0.030758977,0.015502993,-0.30101502
Hira,0.0,-0.022777997,0.15592079,0.07885265,-0.019035824
Klhl6,0.0,0.029561287,0.012139032,0.0209806,0.02013668
Klhl24,0.0,0.10293033,0.061276644,0.20453721,0.11224263
Yeats2,0.0,0.30214888,0.20072652,0.31449196,-0.004889235
Map6d1,0.0,0.09931939,-0.08308509,-0.07668058,-0.049775578
Parl,0.0,0.18802986,0.064095154,0.082239285,-0.12662956
Abcc5,0.0,-0.020337652,-0.024731789,-0.044652134,-0.18319398
Eif2b5,0.0,-0.15759489,-0.1438626,-0.10412444,-0.14063066
Gm16618,0.0,-0.22582863,-0.30670366,-0.16254851,-0.30377397
Dvl3,0.0,-0.0030052364,0.11583623,0.08621583,-0.13424814
Ap2m1,0.0,0.23967505,0.1330703,-0.060912743,0.24384354
Abcf3,0.0,0.46915305,0.39965385,0.2722901,0.22551063
Vwa5b2,0.0,0.09679039,0.13945334,0.1136038,-0.02866245
Alg3,0.0,0.069041215,0.0048529394,-0.14689627,-0.087462425
Eef1akmt4,0.0,-0.11143637,0.3000623,0.07600271,0.04700066
Camk2n2,0.0,-0.01621999,0.078393996,-0.20079087,0.052204512
Ece2,0.0,0.16449715,0.03242998,0.088109806,0.07962608
Psmd2,0.0,0.37072837,0.26439783,-0.091129005,-0.072009504
Eif4g1,0.0,0.2789023,0.33407634,0.26370075,0.17899087
Fam131a,0.0,-0.20395583,-0.23640324,-0.08916013,-0.29464683
Clcn2,0.0,0.3383177,0.07758301,0.51045,-0.2547208
Polr2h,0.0,0.11613409,-0.1346119,-0.04339818,-0.012543455
Thpo,0.0,0.047916982,-0.057737328,0.11733723,0.029804321
Chrd,0.0,0.01713118,0.19396329,0.232782,0.06312597
Ephb3,0.0,-0.06705124,0.119270906,0.20292921,-0.0596072
Vps8,0.0,-0.07836912,-0.084637776,-0.020402856,-0.13264242
2510009E07Rik,0.0,0.059648216,-0.04754489,0.181182,0.028335273
Ehhadh,0.0,-0.11860333,-0.160704,-0.012068424,-0.2601747
1300002E11Rik,0.0,0.18326227,0.28465083,0.3695005,0.21922466
Map3k13,0.0,-0.010015629,0.06650384,0.11697571,-0.22957218
Tmem41a,0.0,0.08061612,0.27122203,0.10334662,0.10048559
Liph,0.0,0.023419764,0.03284662,-0.06731441,0.01122862
Senp2,0.0,0.22425681,0.20858438,0.1956991,0.01713571
Igf2bp2,0.0,-0.12672575,-0.0023392662,0.26997322,0.16951296
Tra2b,0.0,0.045747254,0.13809124,-0.20124549,-0.09879951
Etv5,0.0,-0.05101872,-0.088792905,-0.119398676,-0.13807379
Dgkg,0.0,-0.0070587248,-0.0113741085,0.11120374,0.09986565
Tbccd1,0.0,0.044594727,0.15711944,-0.022970662,0.11641595
Dnajb11,0.0,-0.020195857,0.01065892,0.0780788,0.05402866
Eif4a2,0.0,0.2695401,0.29006216,0.16498011,0.16270053
Rfc4,0.0,0.100164875,0.09662378,0.098550245,0.10660637
6330408M09Rik,0.0,-0.038743876,-0.13227883,0.018682573,-0.08267659
B630019A10Rik,0.0,-0.054034673,-0.23702691,-0.1967348,-0.052139077
St6gal1,0.0,-0.005000636,0.15717183,0.1835293,0.09019012
Masp1,0.0,-0.11722878,0.07056854,0.2795796,0.108245164
Gm45338,0.0,0.06147577,0.28293267,0.044823896,-0.09073962
Rtp4,0.0,-0.012219258,0.029991172,0.14144993,0.038554385
Sst,0.0,0.0019401312,0.22504915,0.019080754,-0.16978782
Bcl6,0.0,-0.17232555,-0.097469404,-0.07578361,-0.05999824
Lpp,0.0,-0.07271814,0.11720106,0.017640136,-0.14427039
Trp63,0.0,-0.1812549,-0.08270304,-0.046332277,-0.12686133
P3h2,0.0,-0.32012457,-0.14894782,-0.21344773,-0.20447347
Cldn1,0.0,0.061082117,-0.02506256,-0.058208086,0.0026998306
Il1rap,0.0,0.31081626,0.30306414,0.2615446,-0.014975145
Gm20319,0.0,-0.054952867,0.022179026,-0.018883,-0.060942672
Ccdc50,0.0,0.3591302,0.15347934,0.10346253,0.026049748
Fgf12,0.0,0.15413621,0.09715575,0.22117932,-0.17837818
Mb21d2,0.0,-0.337634,-0.16161768,-0.32275355,-0.24443185
Plaat1,0.0,0.38292223,0.087188445,-0.022700176,-0.0062446445
Atp13a5,0.0,-0.038389347,0.022034056,0.16928923,-0.13796532
Atp13a4,0.0,0.024328306,0.08801788,0.08438749,-0.09151982
Opa1,0.0,-0.13275513,-0.13507259,-0.30473566,-0.18711945
Gm26834,0.0,0.03217463,-0.0018180497,0.025637666,-0.0020026248
4632428C04Rik,0.0,-0.060812905,0.013194093,-0.020806596,-0.04314121
Hes1,0.0,0.078287534,-0.29249913,0.16046816,0.10306978
Atp13a3,0.0,0.1525265,0.032504775,0.14843538,0.037771173
Tmem44,0.0,-0.15792441,-0.008562895,0.024645321,-0.14089279
Lsg1,0.0,-0.18307784,-0.11970045,-0.100229576,-0.061009128
Fam43a,0.0,0.091995515,0.020680279,-0.30520636,-0.008808024
Gm46565,0.0,0.028767472,-0.04582338,0.05925063,-0.0040514506
Xxylt1,0.0,0.04293833,-0.016161643,-0.038784187,-0.22631006
Acap2,0.0,-0.092360094,-0.06147003,-0.002761189,-0.036057435
Ppp1r2,0.0,0.1002617,-0.024098016,-0.08567765,-0.18754607
Gm49767,0.0,-0.03272033,0.021785509,0.022989377,0.072379544
Apod,0.0,0.13979267,0.06962619,0.09464598,-0.030002564
Bdh1,0.0,0.0063595176,-0.027143821,0.31995222,0.09404631
Gm15743,0.0,-0.048391983,0.064738505,0.09549894,-0.054777242
Dlg1,0.0,0.09358298,0.1491476,0.026751772,0.056246705
Pigz,0.0,-0.067478634,0.15445235,0.0839874,-0.06437939
0610012G03Rik,0.0,0.19767733,0.102118276,0.25134188,-0.09724572
Ncbp2,0.0,0.23770496,-0.06104455,0.17247373,-0.13389647
Senp5,0.0,-0.08560717,-0.19551012,-0.054801848,-0.12090935
Pak2,0.0,-0.14586551,-0.11506367,-0.16576222,-0.10805762
Pigx,0.0,-0.19636384,-0.16926396,-0.04400374,-0.22243023
Cep19,0.0,0.061105806,-0.03938102,-0.03644848,-0.042617813
Gm15729,0.0,-0.056360386,0.023561796,-0.011425301,0.037683442
Nrros,0.0,-0.51497054,-0.5995494,-0.8305729,-0.3377152
Fbxo45,0.0,0.20858991,0.06153828,0.14846714,0.009754702
Wdr53,0.0,0.07988414,-0.085957006,-0.13007881,-0.14003332
Smco1,0.0,-0.025995243,-0.0828216,0.019125596,0.011985595
Rnf168,0.0,0.009176742,-0.038317755,-0.097355455,0.007883361
Ubxn7,0.0,-0.0149291605,-0.096888684,0.14395776,-0.064644314
Tctex1d2,0.0,-0.08305064,-0.25380298,-0.13745385,-0.27562156
Pcyt1a,0.0,-0.11258484,0.10437253,0.23426536,0.041196644
Zdhhc19,0.0,0.009395119,0.0397441,0.015513483,0.017570538
Tfrc,0.0,0.34983948,0.20862007,0.42739928,0.08435908
Tnk2,0.0,0.22867352,0.47612965,0.43579262,0.13393064
Rubcn,0.0,0.06245371,0.18467736,0.019984245,-0.06984087
Fyttd1,0.0,0.33782429,0.23153904,0.19610761,0.22938034
Lrch3,0.0,-0.24332683,-0.021609444,-0.15199232,-0.16339497
Gm17106,0.0,-0.2925477,-0.23131496,-0.3840505,-0.29714036
Iqcg,0.0,0.15911725,0.09024784,-0.04851508,-0.0694797
Rpl35a,0.0,0.054418184,0.08343912,-0.25735807,0.14762849
Lmln,0.0,-0.14093193,-0.0045926925,0.037474535,-0.040387005
Osbpl11,0.0,-0.118853725,0.024860147,0.204442,-0.13512608
Snx4,0.0,0.05004803,0.18553643,0.23101285,0.026505664
1700007L15Rik,0.0,0.010067033,-0.04991748,0.056712743,0.011679884
Zfp148,0.0,-0.18643922,-0.09096233,-0.22595337,-0.16660708
Slc12a8,0.0,-0.104378104,-0.046772413,-0.031792793,-0.16757748
Heg1,0.0,-0.20759371,-0.21517897,-0.17219864,-0.095144585
Itgb5,0.0,-0.22496568,0.04720489,0.022105187,-0.12908995
Umps,0.0,0.023821602,-0.28738388,0.016010916,-0.015287318
Kalrn,0.0,0.0010765046,0.07951762,0.08815226,-0.031204231
Ccdc14,0.0,0.08328322,0.201465,0.20930415,0.08606219
Mylk,0.0,-0.010212943,-0.17495501,-0.17271483,-0.20653768
Gm21691,0.0,-0.09735906,-0.00077834725,-0.08470233,-0.042846687
Hacd2,0.0,-0.21014932,-0.099644504,-0.24919108,-0.13808161
Adcy5,0.0,0.28750136,0.07784236,0.09642638,-0.01326108
Sec22a,0.0,-0.25129956,0.024624463,-0.052347187,-0.086384036
Pdia5,0.0,0.28193444,-0.070886865,0.26675406,0.00038857758
Sema5b,0.0,-0.3628532,-0.19957326,-0.28221735,-0.4471872
Slc49a4,0.0,-0.07095927,-0.15880649,0.006914636,0.009558799
Hspbap1,0.0,-0.06008488,0.1128059,0.24935327,-0.018832505
Parp14,0.0,-0.095388,-0.02609062,-0.04683128,-0.11942294
Dtx3l,0.0,-0.15460902,0.036558848,0.055419266,0.009620707
Parp9,0.0,0.078576386,0.28521657,0.18508133,-0.04730642
Gm15564,0.0,0.073991865,0.06763617,0.01222476,0.082071654
Kpna1,0.0,0.11142549,0.0517334,-0.055515833,0.04361224
Wdr5b,0.0,0.0337769,-0.14969417,-0.113765895,-0.30471903
Fam162a,0.0,-0.12677294,0.06031907,0.062363878,-0.077841334
Ccdc58,0.0,-0.08822195,-0.020235822,0.122425094,0.054479513
Cd86,0.0,0.047583994,0.0023150425,-0.039906837,0.03561469
Slc15a2,0.0,-0.042259775,0.035774156,-0.032917775,0.14355932
Eaf2,0.0,-0.06855492,-0.066592544,0.10932968,-0.07352969
Iqcb1,0.0,-0.061008535,-0.120253414,-0.16433121,0.0039236094
2600002D14Rik,0.0,0.1376164,0.05482872,0.10864183,0.041345578
Golgb1,0.0,-0.001342047,-0.11601357,-0.17790116,0.0062785875
4930565N06Rik,0.0,0.3476106,-0.004248592,-0.2796265,-0.37590393
Hcls1,0.0,0.13933715,-0.06379511,-0.030675828,0.08285427
Polq,0.0,0.0088504255,0.04182329,0.09253871,0.09887263
Stxbp5l,0.0,0.13541463,-0.021803066,0.1300142,0.0008429587
Gtf2e1,0.0,-0.41706663,-0.14248252,-0.09066554,0.1004819
Rabl3,0.0,0.19866122,0.11093467,0.28295535,0.20606154
Hgd,0.0,-0.06343614,0.05019481,-0.011087369,0.15488395
Ndufb4,0.0,0.1655822,0.16740184,-0.30798557,0.10052814
Fstl1,0.0,-0.24695809,0.10736942,-0.19712661,0.020453207
Lrrc58,0.0,-0.12733413,-0.05654025,-0.07589699,-0.13168955
Gpr156,0.0,-0.06533367,-0.017425558,0.019079037,-0.15961517
Gsk3b,0.0,-0.09046612,0.051103704,-0.08699513,0.038579997
Maats1,0.0,-0.034933854,-0.056940954,-0.10817019,0.078159064
Cox17,0.0,0.16091768,0.15075077,0.08563262,-0.053988367
Popdc2,0.0,-0.017705183,-0.0036369385,-0.010180331,-0.022479359
Adprh,0.0,-0.08202852,0.20485857,0.22413862,-0.0379692
D930030I03Rik,0.0,0.021806039,-0.104424566,-0.0300014,-0.08164506
Cd80,0.0,-0.025998436,-0.015968036,0.009539949,0.06321027
Timmdc1,0.0,-0.46679425,-0.20565867,-0.36557767,-0.26957917
Poglut1,0.0,0.13175711,-0.05662158,0.0057095736,0.16190973
Tmem39a,0.0,0.1312336,-0.17409469,0.096242815,-0.059435226
Arhgap31,0.0,-0.42982808,-0.06862946,-0.4606187,-0.11702973
B4galt4,0.0,-0.22843528,-0.0025006272,-0.15048102,-0.11253689
Igsf11,0.0,-0.2600732,-0.09892861,-0.28431726,-0.18291266
Lsamp,0.0,-0.10213441,0.050486133,-0.09668028,0.044409644
Gm28750,0.0,0.29175788,0.0071514323,0.026867375,-0.19055629
Gap43,0.0,0.4207743,0.24023163,-0.20130539,0.276766
4932412D23Rik,0.0,-0.104321435,-0.19655138,0.034090407,-0.06547891
Zbtb20,0.0,-0.11179433,-0.027646191,-0.062357686,0.047275532
Gm19522,0.0,-0.4418552,-0.19698408,-0.5140852,-0.12379722
Qtrt2,0.0,-0.1264134,-0.03280668,0.21647707,-0.313687
Ccdc191,0.0,-0.34185034,-0.10983039,-0.04307267,0.054167338
Zdhhc23,0.0,0.19647998,0.08812772,-0.024707764,-0.06656226
Gramd1c,0.0,-0.12254743,-0.31829113,-0.24336974,-0.34658664
Atp6v1a,0.0,0.17746589,0.10632693,0.115700126,0.27447984
Naa50,0.0,0.09227356,-0.08492017,0.005797349,-0.0860306
Usf3,0.0,-0.20266631,-0.009893852,-0.024642551,-0.15111086
Sidt1,0.0,-0.00955493,-0.1683241,-0.061752085,-0.23540846
Spice1,0.0,-0.25164035,0.10891512,-0.12849844,-0.17623466
Cfap44,0.0,-0.30765992,0.031135328,-0.17295675,-0.30468255
Boc,0.0,-0.3787172,-0.09398854,-0.21689188,-0.16054167
Nepro,0.0,-0.022632264,0.24859238,-0.11938099,0.016356114
Gtpbp8,0.0,-0.0434518,-0.031874456,0.023324281,0.10400258
Ccdc80,0.0,-0.20766824,-0.2708423,-0.16188963,-0.33501285
Slc35a5,0.0,0.3321463,0.370091,0.33302283,0.2719429
Atg3,0.0,-0.12678367,-0.053184714,-0.061066117,-0.017676909
Btla,0.0,-0.10524915,0.0014718622,0.02850014,0.037438348
Cd200,0.0,0.2571107,0.082750864,0.12945911,0.15714352
BC016579,0.0,0.07106474,-0.078463525,0.35171312,-0.2676375
Tmprss7,0.0,0.24691504,0.042005166,0.517419,0.04908529
Tagln3,0.0,0.34245813,0.25319073,0.4483716,0.3624427
Abhd10,0.0,-0.007426152,0.006937705,-0.12387043,-0.22912663
Gm15591,0.0,-0.17136255,-0.09211535,-0.10912387,-0.05003904
Phldb2,0.0,-0.17741029,0.002855301,-0.2475572,-0.20209351
Plcxd2,0.0,0.13733199,-0.072879285,-0.16295584,0.12815213
Nectin3,0.0,0.17066199,0.08574987,0.057155073,0.03334225
Dzip3,0.0,0.020982943,0.016327366,0.08341428,-0.012781322
Cip2a,0.0,0.21953714,0.062821,0.13146064,0.15002988
Ift57,0.0,-0.17318752,0.11540057,-0.17867635,-0.14787783
Gm15518,0.0,0.2868259,0.11632495,0.106733315,0.025134914
Cd47,0.0,0.044972204,0.08178744,0.089645654,0.014691323
Bbx,0.0,0.054125518,0.29194105,0.023075923,0.014016867
Dubr,0.0,0.056044735,0.15934409,0.067131445,0.0065157264
Cblb,0.0,-0.11778024,0.05539379,-0.1381777,-0.07531835
Alcam,0.0,0.055252165,0.17064822,-8.548796e-05,0.0856748
Nfkbiz,0.0,0.017300107,-0.105483204,0.18117921,0.1457274
Nxpe3,0.0,-0.13493015,0.018852677,0.039474722,-0.09820525
Cep97,0.0,-0.062395237,0.10849676,0.15694746,0.023584217
Rpl24,0.0,0.13165787,-0.08869511,-0.31767178,0.20311873
Zbtb11os1,0.0,0.017821087,-0.0070372894,0.13158031,-0.031292208
Zbtb11,0.0,-0.19205892,-0.013387956,-0.16523188,-0.07533328
Pcnp,0.0,0.13642079,0.05323804,-0.09946683,-0.034209073
Trmt10c,0.0,0.06363845,0.0674203,0.04562494,0.0129730925
Senp7,0.0,0.053657208,0.089468196,0.07843987,-0.0647111
Impg2,0.0,-0.04747404,0.080773175,0.31846797,0.13975652
Abi3bp,0.0,0.015183675,-0.10305996,-0.117483765,0.12461955
Tfg,0.0,0.29782647,0.12712795,0.080855206,0.11830353
Tomm70a,0.0,0.08467359,0.057714142,-0.1552526,0.1510688
Nit2,0.0,-0.100587614,-0.013410318,-0.02794882,-0.08256609
Tbc1d23,0.0,-0.03002248,0.08214677,0.14338768,-0.028569095
Tmem30c,0.0,-0.06495625,-0.08196809,0.0053793946,0.033822596
Cmss1,0.0,1.2815133,0.18463618,-0.18470064,0.30237484
Filip1l,0.0,0.2428205,0.10305511,-0.08443619,0.15147108
Col8a1,0.0,-0.0066496325,-0.24246962,0.073027655,0.008218502
Dcbld2,0.0,0.10965909,0.2558124,0.23886585,0.02041924
St3gal6,0.0,0.099240854,0.12465744,0.28066462,0.034306422
Cpox,0.0,-0.09487033,0.085942306,-0.060479943,-0.07810183
Cldnd1,0.0,0.13906467,-0.14093739,-0.00904914,0.17104745
Riox2,0.0,0.09689713,0.024352357,0.06462601,0.14952743
Crybg3,0.0,-0.062433884,-0.10481775,-0.20237553,-0.23932746
Arl6,0.0,-0.1635863,-0.0048926175,-0.031343892,-0.19990927
4930547E14Rik,0.0,0.2921885,0.18043098,-0.23891485,-0.2861393
Epha6,0.0,0.41190028,0.17290169,0.43819535,-0.25478426
Gm9017,0.0,0.058082674,0.08680068,-0.03755209,-0.03367345
Nsun3,0.0,0.17466283,0.169371,0.17669062,0.09764892
Arl13b,0.0,0.08148834,0.18111187,0.017634027,0.010401435
Stx19,0.0,0.058018684,-0.11981792,-0.3430128,-0.1460322
Pros1,0.0,-0.4151566,-0.14747792,-0.07288107,-0.21417257
Epha3,0.0,-0.02842002,-0.14337884,0.02492185,-0.408271
Csnka2ip,0.0,-0.025454573,0.049106754,-0.0227727,0.19213931
4930453N24Rik,0.0,-0.13874513,-0.17640443,-0.029144106,-0.24794039
Zfp654,0.0,-0.017620608,0.07724128,-0.03444604,-0.003299661
Cggbp1,0.0,0.29562098,-0.053378917,-0.056888737,-0.13480541
Htr1f,0.0,0.14803044,0.085282885,0.16292837,0.14238101
Chmp2b,0.0,0.28888226,-0.007886969,-0.26408356,-0.11231376
Cadm2,0.0,0.0053239763,-0.009664863,-0.010208756,0.077523544
4933411O13Rik,0.0,0.37906462,-0.12855935,-0.19492656,-0.059808053
Gbe1,0.0,-0.08865513,0.012730689,-0.019110084,-0.02415739
Robo1,0.0,0.06199777,0.05990399,0.18638144,-0.21405292
4930500H12Rik,0.0,-0.06446703,-0.05320177,-0.067634225,-0.020988932
Robo2,0.0,0.13465083,0.1572508,0.066929996,0.14681262
Gm49678,0.0,-0.12432822,0.017252974,0.017478593,-0.039287854
Rbm11,0.0,0.1970959,0.053268988,0.05935209,0.02339933
Hspa13,0.0,0.35206646,0.25918517,-0.0064744353,0.09140706
Samsn1,0.0,-0.0011278491,0.02005459,-0.10074567,-0.009730159
Nrip1,0.0,-0.08223385,0.13659143,0.032079287,-0.04029583
Usp25,0.0,0.1389706,0.21355754,0.21973753,0.14806336
Mir99ahg,0.0,-0.04896055,0.082186416,-0.05403255,0.036630183
Gm11146,0.0,0.20571035,0.17521507,0.002326429,0.14034423
E330011O21Rik,0.0,0.026270842,0.0026047826,0.03473434,0.084959105
Cxadr,0.0,-0.16209605,-0.24242625,0.0921113,-0.04770834
Btg3,0.0,-0.4244304,-0.009198807,-0.025887042,-0.15780643
D16Ertd472e,0.0,-0.08160895,-0.2715895,-0.15286449,-0.214264
Ncam2,0.0,-0.13696527,-0.085475534,-0.15514037,0.0045822393
Mrpl39,0.0,-0.06658889,-0.1930829,-0.2361451,-0.3528968
Jam2,0.0,-0.06585519,0.006044917,0.03021232,0.042170376
Atp5j,0.0,0.10309138,0.03884261,-0.23128629,0.18995687
Gabpa,0.0,-0.009445142,0.025288664,-0.044725426,-0.15291847
App,0.0,0.17433022,0.12596586,0.2409315,0.08109726
Gm10791,0.0,0.06399959,0.009492569,0.0042901374,0.04109224
Gm49226,0.0,-0.11629008,-0.005617805,-0.0742773,0.008550028
Cyyr1,0.0,0.0074704895,0.03433599,-0.06840164,-0.05034759
Adamts1,0.0,0.18347907,-0.020610288,0.084368095,-0.102055855
Adamts5,0.0,0.14217757,-0.035431743,0.21482709,0.121523745
N6amt1,0.0,0.22473806,0.101888806,0.20686927,0.04550802
Ltn1,0.0,0.07600288,0.14036109,0.062456682,-0.020161927
Rwdd2b,0.0,0.0012147501,0.103803426,0.0077971965,0.039447017
Usp16,0.0,0.0898186,-0.004324358,-0.053212274,-0.014996577
Cct8,0.0,0.34362388,0.1776763,-0.18799686,0.2728508
B130034C11Rik,0.0,-0.37327296,-0.29579473,-0.066558845,-0.17215352
Bach1,0.0,0.2980712,-0.0984911,0.08211513,0.19948056
2810407A14Rik,0.0,0.024262276,0.029763117,-0.059471097,0.037349757
Grik1,0.0,0.2935189,0.009346008,0.39972484,-0.009826407
4930420G21Rik,0.0,-0.030774014,-0.08264823,0.08395225,0.02002502
Tiam1,0.0,0.3170155,0.18912154,0.176922,0.032021374
Sod1,0.0,0.25226223,0.23879714,-0.031897247,0.1675491
Scaf4,0.0,0.030707143,0.015857473,0.13241985,0.107395306
Gm49708,0.0,0.1504297,0.057428792,0.35903394,0.33902997
Hunk,0.0,0.2457857,0.31943578,0.6389819,0.17336613
Mis18a,0.0,-0.0055580884,-0.0868816,-0.22895935,-0.123317055
Urb1,0.0,0.17672391,0.17978273,0.29976466,0.09735767
Eva1c,0.0,-0.082978144,0.24841216,-0.08065334,0.30642277
Cfap298,0.0,0.051465675,-0.09103982,-0.23381194,-0.06534865
Synj1,0.0,0.32815853,0.2707983,0.16191012,0.07883994
Gm15965,0.0,-0.22026108,0.042955607,-0.2103149,-0.25128198
4930404I05Rik,0.0,0.02495071,-0.11640178,-0.18814385,-0.077090554
Paxbp1,0.0,-0.06429745,0.02985276,0.071879245,-0.11572036
4931406G06Rik,0.0,-0.056707833,-0.13409269,0.099667884,-0.12449837
4932438H23Rik,0.0,0.48738214,0.30300272,0.7401786,0.42057088
Gm41492,0.0,-0.17124309,0.02667698,-0.08271106,-0.12856375
Olig2,0.0,0.15674387,0.12663458,0.17827384,0.13670975
Olig1,0.0,0.1415954,0.18796563,0.07573669,0.29052204
Ifnar2,0.0,0.026933819,0.17064732,0.0010464042,0.1283435
Il10rb,0.0,-0.088622496,-0.075434975,0.08871655,-0.018127022
Gm49625,0.0,0.041186087,-0.048310205,-0.10093839,-0.0026789433
A930006K02Rik,0.0,-0.1792999,-0.10342884,-0.094447784,-0.10297964
Ifnar1,0.0,0.064393125,-0.21237567,-0.09396422,-0.30173898
Ifngr2,0.0,0.024652084,-0.14166464,-0.02201355,-0.17841206
Tmem50b,0.0,0.21804094,0.16838801,0.084330976,0.054948866
Dnajc28,0.0,0.21339971,0.14576572,-0.18970288,0.039853938
Gart,0.0,-0.16230841,-0.1281687,-0.052715275,0.12701991
Son,0.0,0.14032644,0.1986787,0.026323378,0.10779697
Donson,0.0,0.29267523,-0.023532405,0.28566912,0.052622035
Gm10785,0.0,-0.018697979,-0.06443546,-0.02186302,-0.18354237
Cryzl1,0.0,0.031333983,0.1830627,0.1457542,-0.039419815
Itsn1,0.0,-0.0983496,-0.029617812,0.064207636,-0.16628426
Atp5o,0.0,-0.1245359,-0.15941036,-0.54704124,-0.1294599
D430001F17Rik,0.0,0.05529297,-0.15646158,0.033313893,-0.049890622
Mrps6,0.0,-0.1565859,0.042536393,-0.13004485,-0.24856287
Slc5a3,0.0,0.097925246,0.057207853,0.07401613,-0.04931608
Gm16310,0.0,-0.1284478,0.14774545,0.04739279,0.042144433
Gm41496,0.0,0.22263202,0.11889688,0.32164782,0.18588325
Smim11,0.0,-0.0003374964,-0.21060747,-0.36878562,-0.27541506
Rcan1,0.0,-0.18002483,0.17105892,-0.051274408,-0.18188743
Clic6,0.0,0.09638538,0.091176815,0.22367588,0.08588307
Runx1,0.0,0.041033134,0.0072720647,0.20376173,0.09821233
Setd4,0.0,0.15120763,0.24120183,0.46166345,0.29655653
Gm49961,0.0,0.1447319,-0.13515565,-0.060750704,0.063230716
Cbr1,0.0,0.16555746,0.031082675,-0.094527215,-0.07502471
Cbr3,0.0,0.0051839286,-0.048770204,-0.047157563,-0.038295493
Dop1b,0.0,0.039145514,0.1362479,0.25269225,0.12053847
Gm30881,0.0,-0.09587284,0.04312544,0.22152272,0.06372462
Morc3,0.0,0.17371447,0.10750611,0.076408505,0.039109528
Cldn14,0.0,0.09651356,-0.061493345,-0.009064591,-0.036458008
Hlcs,0.0,-0.16851059,-0.014138427,0.15095256,-0.113302946
Pigp,0.0,-0.10595995,-0.113681555,0.07428169,0.050044272
Ttc3,0.0,0.2808482,0.1864448,0.1842072,0.07635565
Gm31323,0.0,0.07470181,-0.06585983,0.2932395,-0.020400189
Vps26c,0.0,0.0760149,0.02536136,0.3354136,0.1966428
Dyrk1a,0.0,-0.0070154965,0.17204964,-0.029484741,-0.022274055
Gm41505,0.0,0.2769604,0.038228765,-0.18950087,-0.09833283
Kcnj6,0.0,0.3402123,0.35642374,0.31600437,0.053073153
Erg,0.0,0.058435295,-0.063211516,-0.0013144058,-0.0373509
Ets2,0.0,0.2920884,0.24556689,0.120528854,0.2945012
1600002D24Rik,0.0,0.008400822,0.06531206,0.026808275,0.0057618488
Psmg1,0.0,0.22610927,0.015369296,0.25662374,-0.0017048717
Brwd1,0.0,0.17682807,0.16618103,0.23897445,0.12403145
1700093J21Rik,0.0,0.10867079,-0.019358508,0.21746552,0.11483414
Gm49953,0.0,-0.014457349,-0.10551487,-0.03960877,0.07753881
Hmgn1,0.0,0.08565834,-0.023790646,0.025238022,-0.19043224
Wrb,0.0,0.21570985,-0.072263226,-0.10439828,0.08787434
Lca5l,0.0,0.097973265,-0.039723992,0.085044205,-0.27437922
Sh3bgr,0.0,0.07068804,-0.0070335716,-0.030891508,0.05677417
B3galt5,0.0,0.21356487,0.13048054,0.13557547,0.14300385
Pcp4,0.0,0.30341014,0.2306623,-0.19228745,0.2602384
Dscam,0.0,0.24230057,0.15570632,0.255827,-0.23302788
Gm49907,0.0,-0.05761136,-0.048651196,-0.04482115,-0.03894271
Gm32509,0.0,0.0953557,0.054352425,0.07470916,-0.09778197
Bace2,0.0,-0.21219514,0.13554661,-0.18215476,0.09321616
Prdm15,0.0,0.051766902,0.18283053,0.12040685,-0.096587725
C2cd2,0.0,0.007644862,0.1200491,0.32007965,0.0014504343
Zbtb21,0.0,-0.010917949,0.19230886,-0.19318761,-0.08234081
B230307C23Rik,0.0,0.046923958,-0.045768328,0.12737745,-0.09433632
A630089N07Rik,0.0,0.46912932,0.38657758,0.44611928,0.19534132
Scaf8,0.0,-0.11856383,0.10991813,-0.046051495,0.016975392
Gm49797,0.0,0.045656342,0.045645695,0.15144348,-0.07076991
Gm34035,0.0,-0.100783125,0.13956141,0.06281759,0.086159736
Tiam2,0.0,-0.11978865,0.010483131,-0.050041135,0.07681935
Tfb1m,0.0,-0.09043852,-0.21288283,0.0024824068,-0.14008674
1700102H20Rik,0.0,0.12143849,0.17874168,0.11044045,0.17686799
Arid1b,0.0,-0.1748415,-0.09695988,-0.11653754,-0.071494974
Tmem242,0.0,0.0040223002,-0.06540773,0.24295753,0.0061895624
Zdhhc14,0.0,0.15562627,0.18351,0.23116271,-0.16254209
Snx9,0.0,-0.118778914,-0.14709605,-0.15041888,-0.07606478
Synj2,0.0,0.220398,0.12687543,0.011040948,-0.012751482
Serac1,0.0,0.10645667,0.14230648,0.40138108,0.09586621
Gtf2h5,0.0,0.12173951,-0.058998555,-0.07356565,0.1447523
Tulp4,0.0,-0.008441612,0.0732414,0.11713809,0.07411222
Tmem181a,0.0,0.051044263,-0.042048506,-0.013433663,-0.21530482
Dynlt1a,0.0,-0.41284412,-0.32343486,-0.41701436,-0.26252198
Dynlt1c,0.0,-0.1252261,-0.3800311,-0.39069358,-0.31018525
Dynlt1f,0.0,0.08658912,-0.008330628,-0.0002710335,-0.014819853
Ezr,0.0,-0.32560697,-0.09039314,-0.44288182,-0.26757967
4933426B08Rik,0.0,-0.32938564,-0.07524394,-0.18620436,-0.0772561
Rsph3b,0.0,-0.09238961,0.16019064,0.07279926,-0.07213578
Gm49719,0.0,-0.10551078,0.068034925,0.039522972,0.20296773
Tagap1,0.0,-0.013891481,0.3607291,-0.06421618,-0.027551979
Rnaset2b,0.0,0.24224198,0.27168542,-0.1696964,-0.27469
Gm1604b,0.0,-0.07127485,0.1158939,0.53450716,-0.16826661
Rps6ka2,0.0,-0.2739669,-0.11677046,0.07957493,-0.2492311
Fndc1,0.0,0.16412431,-0.03815145,0.12979233,-0.058524832
E430024P14Rik,0.0,0.2067414,0.239376,0.45026046,0.09671843
Rsph3a,0.0,0.12418957,0.07403144,0.20872666,0.1528661
Gm1604a,0.0,0.026221246,0.10755501,0.33853868,0.12356733
Rnaset2a,0.0,0.052370086,-0.17268252,-0.22317955,-0.32625264
Fgfr1op,0.0,0.14517683,0.13807912,0.11489003,0.14874056
Mpc1,0.0,-0.05805789,-0.053632736,-0.005593404,-0.028724216
4930506C21Rik,0.0,0.28975257,0.105059,0.20557433,-0.15039547
Sft2d1,0.0,0.0026230812,-0.12911032,0.055038866,0.053449146
Prr18,0.0,0.32595992,-0.017331898,-0.03111656,0.10073474
T2,0.0,0.14037383,-0.07874187,0.117351025,0.19950232
Pde10a,0.0,-0.76932085,-0.64843845,-0.5806238,-0.7878983
1700010I14Rik,0.0,-0.13453609,-0.1107828,-0.22311395,-0.070865035
6530411M01Rik,0.0,0.29592228,0.1072779,0.42875332,0.3459202
Qk,0.0,-0.035157494,0.07268265,-0.08056348,0.11690225
1700110C19Rik,0.0,-0.15874043,0.12499239,0.12221841,-0.0895634
Pacrg,0.0,-0.16350543,-0.008433092,0.009742621,0.006254431
A230009B12Rik,0.0,0.24435401,0.20516512,0.35685846,0.28107435
Gm16168,0.0,-0.004243925,0.025416352,-0.028708726,0.011617497
Prkn,0.0,0.047388956,0.10972977,0.16152863,0.10270237
Agpat4,0.0,0.22274542,0.22139594,0.09281589,0.060904466
Map3k4,0.0,0.15771826,0.018414542,-0.009620585,-0.09144879
4732491K20Rik,0.0,0.26708403,0.01743494,0.30255383,0.17583157
Igf2r,0.0,0.11384408,0.21152954,0.3395716,0.2519477
Airn,0.0,-0.04396783,0.046409275,0.19264546,0.17595401
Gm49959,0.0,-0.030215152,-0.012076087,0.07009703,0.064603396
Pnldc1,0.0,-0.06917741,0.03329099,0.020439738,-0.0947372
Gm49926,0.0,-0.16986977,-0.1683746,-0.1624867,-0.080704734
Mrpl18,0.0,0.16822234,0.24427924,0.039344072,0.07642022
Tcp1,0.0,0.10423896,0.11143836,0.19329637,0.08650578
Acat3,0.0,0.07084377,0.053686768,0.2921959,-0.17997453
Acat2,0.0,0.22129725,0.07448134,0.30028453,0.08968758
Wtap,0.0,-0.031156668,-0.019357728,-0.16744362,0.0038243942
Sod2,0.0,0.18093461,0.02021423,-0.02485685,0.026729308
Tcp10b,0.0,-0.008615399,-0.03141635,0.00036614388,0.060404494
2700054A10Rik,0.0,-0.15517168,0.019081427,0.10631218,-0.03774047
Gm16046,0.0,0.01593244,0.053658932,0.081243455,0.0015386827
Tcte2,0.0,-0.30228207,-0.39357647,-0.13741863,-0.53514266
Afdn,0.0,-0.087660104,-0.0890711,-0.17223811,-0.17719881
Dact2,0.0,-0.14306395,-0.026665984,0.028516965,-0.062542655
Smoc2,0.0,0.057093374,0.022052042,0.05682966,-0.0011178963
Wdr27,0.0,0.14506564,0.21378466,0.15406166,0.20153663
1600012H06Rik,0.0,0.28086308,0.17479767,0.3797106,0.20906332
Phf10,0.0,0.1656708,0.11033047,0.017207257,-0.27920043
Gm3417,0.0,-0.033110842,-0.046697654,-0.013335519,0.17929873
9030025P20Rik,0.0,0.23727122,0.26490396,0.13887101,0.020747408
Gm3448,0.0,0.03898844,-0.06403604,0.13282071,-0.15292187
Gm3435,0.0,0.10100557,0.32002157,0.5366366,0.33772725
Ermard,0.0,-0.10546865,0.12631983,0.051534478,-0.06462587
Dll1,0.0,-0.031213518,0.027109578,-0.037765514,0.03239948
Fam120b,0.0,0.09335831,0.11052541,0.16585675,0.07218336
Psmb1,0.0,0.0979269,-0.010691363,-0.24051899,-0.094218865
Tbp,0.0,0.19217093,-0.0722607,-0.08249686,-0.14086968
Pdcd2,0.0,0.121092714,-0.13207757,-0.17873326,0.037295382
Prdm9,0.0,0.2632383,-0.113033205,0.15834165,0.1321022
Chd1,0.0,-0.022883333,0.13544822,0.07792467,-6.837398e-05
Rgmb,0.0,-0.0014734641,-0.19074778,-0.16021918,-0.08295392
BC002059,0.0,-0.039581433,0.086156115,0.028361998,0.17149276
Zfp960,0.0,-0.13824965,-0.04193764,-0.14776364,-0.022725936
Zfp97,0.0,-0.13399428,0.059680965,-0.16112457,0.047643878
Gm5165,0.0,0.04460205,-0.03660763,0.14676675,0.07431782
Gm6712,0.0,0.21873285,0.31841934,0.18616962,0.16398099
AC154200.1,0.0,0.2336581,0.107499726,0.15085787,-0.10414572
Riok2,0.0,0.18932875,0.17618053,0.3930224,0.22789563
Gm26873,0.0,0.15641895,0.14141142,0.07876533,-0.1289573
Lix1,0.0,-0.1458065,-0.02984415,0.023893394,-0.0086233765
Lnpep,0.0,0.08556098,0.09851855,0.055526033,0.101730466
Spaca6,0.0,0.26694974,0.48259878,0.3863964,-0.014551133
Has1,0.0,-0.104952574,-0.029469281,0.10693396,0.04224875
Fpr3,0.0,0.0828817,-0.021406693,-0.016559271,-0.015386017
Gm49761,0.0,0.04186663,-0.26684856,-0.08112522,-0.06824937
Ppp2r1a,0.0,0.083472475,0.14448944,-0.033615068,0.14560096
Zfp160,0.0,0.13770929,0.052464552,0.13903873,0.0637735
Zfp677,0.0,-0.040444825,-0.1858162,-0.018229585,-0.06747361
Zfp54,0.0,-0.2139209,0.022441959,0.11640274,-0.13873908
Zfp51,0.0,0.055820465,-0.12319845,0.18052998,-0.094528824
Zfp53,0.0,-0.114796266,-0.009471044,0.13153023,0.08999185
9330136K24Rik,0.0,-0.12317884,-0.10612631,0.008808165,-0.018150486
Zfp52,0.0,-0.067511074,0.19294924,0.05680093,-0.025329381
Zfp948,0.0,-0.14135844,-0.13635434,-0.23218572,-0.18016568
Gm41541,0.0,0.045111097,-0.014889643,0.07007864,0.26327962
Zfp983,0.0,-0.1232016,-0.23739643,-0.04111886,-0.21189067
Zfp760,0.0,0.047009006,0.27255452,0.0016480237,0.10417615
Zfp229,0.0,-0.16190225,0.041406758,0.048774447,0.21427006
Zfp820,0.0,-0.00916272,-0.032044698,0.041170605,0.0632869
Zfp995,0.0,0.08742958,0.12698597,-0.07969841,-0.024759185
Zfp942,0.0,-0.06599741,0.06270332,0.018746577,-0.05749339
Zfp943,0.0,0.17401016,0.33362678,0.24590829,0.14658934
Zfp947,0.0,0.024866726,0.026118007,0.12881786,0.030561402
Zfp994,0.0,-0.06990659,-0.27157027,-0.09287785,-0.19342041
Gm7072,0.0,0.00029727817,0.04095085,0.017842345,-0.026063956
Zfp944,0.0,-0.057000883,0.035927597,0.1714006,0.024717245
Zfp758,0.0,0.15335661,-0.024029158,0.012789585,-0.04747518
Zfp946,0.0,0.19071609,0.20679244,-0.006221935,0.023766473
Gm5493,0.0,-0.11071842,-0.026490094,-0.054652877,-0.042138662
Zfp945,0.0,0.12256547,0.21885288,0.13132374,0.20363931
Zfp40,0.0,-0.057709746,0.07900294,-0.08177034,0.012727801
6330415G19Rik,0.0,0.2983988,0.20946379,0.3166674,0.28331158
Zfp213,0.0,0.13644552,-0.022924528,0.10021521,-0.03844206
Zfp13,0.0,0.04049819,-0.028054897,0.05311115,-0.13064271
Thoc6,0.0,0.09820591,0.08365207,-0.07796717,-0.26255083
Hcfc1r1,0.0,0.16260841,0.24343297,-0.05966428,0.22090533
Tnfrsf12a,0.0,-0.11919624,0.1745759,0.038647346,0.19863835
Pkmyt1,0.0,0.0016086432,-0.052534048,-0.04293297,-0.054458573
Paqr4,0.0,0.23252982,0.11899005,0.24651374,0.027682573
Kremen2,0.0,0.050209254,-0.015612269,-0.0145587195,0.016747832
9530082P21Rik,0.0,-0.25156468,-0.100004256,0.028590702,-0.010201573
Flywch1,0.0,0.119211726,0.2794909,0.14579491,0.039769337
Gm49163,0.0,0.03606917,0.036278263,0.038682193,0.12496033
Gm16275,0.0,-0.017490312,-0.0243593,0.068742186,-0.03298811
Flywch2,0.0,0.00906305,-0.12677744,0.08481895,0.09527886
Srrm2,0.0,0.29267675,0.28399396,0.17425974,0.12021519
Elob,0.0,0.19458532,0.21674642,-0.06931049,0.2779408
Kctd5,0.0,0.20783927,0.078374475,0.1728953,0.010531098
Pdpk1,0.0,0.05696891,0.120650545,0.06944169,-0.0398719
Gm50071,0.0,-0.068071224,-0.30767596,-0.054734018,-0.20889583
Amdhd2,0.0,-0.13230708,0.13209291,0.17858595,0.15198785
Atp6v0c,0.0,-0.39034367,-0.24501882,-0.20538193,-0.018688068
Tbc1d24,0.0,0.17071459,0.12412512,0.21802494,-0.06182292
Ntn3,0.0,-0.016228508,0.08842371,-0.09921969,-0.060429845
BC028777,0.0,0.14536041,-0.15598226,-0.021096325,-0.19901052
Tedc2,0.0,-0.1669505,0.03344363,-0.15332681,-0.051993605
Ccnf,0.0,-0.19908115,-0.09849641,-0.13006532,-0.056856766
Abca17,0.0,-0.1640785,-0.020224348,-0.10417634,-0.17360938
Abca3,0.0,-0.070045516,0.042110775,0.0486044,-0.12556426
D330041H03Rik,0.0,-0.27274108,-0.107149675,-0.05190169,-0.0942456
Rnps1,0.0,0.28976235,0.28388068,0.15625182,0.30964673
Eci1,0.0,-0.11152482,-0.15819064,-0.044727594,-0.045286953
Dnase1l2,0.0,-0.15395108,-0.09284772,0.05160214,-0.19943222
E4f1,0.0,0.6246348,0.20808963,0.22730294,-0.019963324
Pgp,0.0,-0.08669016,-0.20770463,-0.25643435,0.0106856525
Mlst8,0.0,0.21304141,0.25720125,-0.009348646,0.028455004
Caskin1,0.0,0.30927786,0.35069072,0.55634123,0.4436782
Traf7,0.0,0.28421226,0.12242486,0.2432114,0.1409176
Rab26,0.0,0.12570801,-0.011827342,-0.08329682,-0.11579879
Rab26os,0.0,0.3255574,-0.00550057,0.00071287155,0.111368015
Gm33508,0.0,0.025066942,-0.027448224,0.00898508,0.011734887
Pkd1,0.0,-0.08709713,0.09747279,0.1666655,-0.14180726
Tsc2,0.0,0.1483349,0.24951077,0.14646423,-0.05666025
Nthl1,0.0,0.34500358,-0.16318434,0.12174487,-0.18654995
Slc9a3r2,0.0,0.10769884,-0.012907084,0.12424306,-0.21744475
Zfp598,0.0,0.10487475,0.36750174,0.2251873,-0.039108545
Syngr3,0.0,0.04470907,0.2551241,0.24713892,0.18737204
Gfer,0.0,0.028902277,0.1631074,0.40276605,0.2511487
Noxo1,0.0,0.22312582,0.21091798,0.16862516,0.02220735
Tbl3,0.0,-0.45494705,-0.12966385,-0.04280594,0.02914162
Rps2,0.0,-0.07428155,-0.18087314,-0.33233947,0.17878018
Snhg9,0.0,0.06405992,-0.3779326,0.39059037,-0.5446217
Ndufb10,0.0,0.1139984,0.09010103,-0.059572473,0.15989424
Rpl3l,0.0,-0.119653806,0.017209545,-0.32109737,-0.19868469
Msrb1,0.0,0.063087806,-0.06668,0.0769041,0.0023805648
Hagh,0.0,-0.067680776,-0.08559586,-0.113865554,0.12890385
Fahd1,0.0,0.3817715,0.043517977,-0.06131701,0.037071727
Igfals,0.0,-0.10234217,-0.028898966,0.008265284,-0.036524594
Nubp2,0.0,-0.005776809,-0.11838735,0.011999236,-0.03592965
Spsb3,0.0,0.36699995,0.6436679,0.308278,0.23944828
Eme2,0.0,0.0063514896,0.124180675,0.11148705,-0.049664624
Mapk8ip3,0.0,0.2760804,0.15117988,0.102674186,-0.13159779
Mrps34,0.0,0.163927,-0.03731242,-0.028691694,0.052751947
Nme3,0.0,-0.21589458,-0.16866487,-0.24555412,-0.13217
Jpt2,0.0,-0.10492204,-0.30965102,-0.06784709,-0.2897522
Cramp1l,0.0,-0.012207106,0.18877795,0.09645223,-0.089825295
Ift140,0.0,0.0049133524,0.018311791,0.21012333,0.0754714
Tmem204,0.0,-0.006063234,-0.033478197,0.107944384,0.022703264
Telo2,0.0,-0.13682014,0.19130303,0.06140643,0.04774025
Clcn7,0.0,0.17763756,0.08236469,0.17075998,0.18651468
BC003965,0.0,0.23906957,0.4015633,0.3031889,0.21736881
Unkl,0.0,-0.19416693,-0.19673279,-0.008086111,-0.19575799
Gnptg,0.0,0.06788735,-0.17101765,-0.31441814,-0.11949575
Tsr3,0.0,0.0646296,0.1394455,0.21392587,-0.04431594
Baiap3,0.0,0.12801048,0.16980907,0.03621257,0.012931302
Ube2i,0.0,0.059403732,-0.006391749,0.3626932,-0.053383946
Cacna1h,0.0,0.082597286,0.03768548,0.13888961,0.029566456
Sox8,0.0,-0.13005728,-0.06570434,0.06027754,0.18020281
2810468N07Rik,0.0,0.2918593,0.26037455,0.2579154,0.15339908
Lmf1,0.0,-0.10725809,0.054143406,-0.055671133,-0.014641872
Gng13,0.0,0.22133419,-0.04065425,-0.07070067,0.036360405
Chtf18,0.0,-0.12893307,-0.10531008,-0.1827547,-0.055398885
Rpusd1,0.0,-0.21577074,-0.052303478,0.26916003,-0.12173263
Ciao3,0.0,0.040320873,0.06648296,0.17270692,-0.33416146
Haghl,0.0,0.06578466,0.47330302,0.12104731,-0.008508965
Ccdc78,0.0,-0.3494801,-0.24435413,0.08418936,0.003975533
Fam173a,0.0,0.062380657,0.031462707,0.13216323,-0.07552583
Metrn,0.0,0.13689476,0.1818612,0.23487887,0.10999709
Fbxl16,0.0,0.34671426,-0.09885806,0.09580131,0.040467948
Wdr24,0.0,0.04612792,-0.032073207,-0.012590943,-0.11487735
Jmjd8,0.0,-0.13298503,-0.18615201,0.123913445,-0.21199456
Stub1,0.0,0.05391608,0.17804661,0.065997,0.035368554
Rhbdl1,0.0,0.19323295,0.45832092,0.35026646,0.17214613
Rhot2,0.0,0.21333802,0.093413986,0.23915061,-0.09937902
Wdr90,0.0,-0.098302804,-0.0808521,-0.10253032,-0.20783435
Mcrip2,0.0,-0.16190812,-0.27275255,-0.13160866,-0.011822589
Mettl26,0.0,-0.008518085,0.32040235,0.054452993,0.11189805
Rab40c,0.0,-0.010732703,0.032494303,0.20290859,-0.16711313
Gm16278,0.0,0.17662501,0.13324744,0.031610608,-0.30985487
Pigq,0.0,-0.12919462,0.061935555,0.07499927,-0.068498224
Capn15,0.0,-0.122038424,0.018674087,-0.0366033,0.01000651
1700022N22Rik,0.0,0.003876835,0.046413608,0.17740056,0.12502235
Rab11fip3,0.0,-0.09763156,0.12475212,0.09778425,-0.14155915
Decr2,0.0,0.031625107,-0.11234608,0.070005305,-0.21648055
Nme4,0.0,-0.091978244,0.09651744,0.13054578,0.10148985
Tmem8,0.0,0.26134017,0.18700668,0.312594,0.18287528
Mrpl28,0.0,0.18632573,0.20426494,0.14008367,0.11443827
Axin1,0.0,-0.028225131,0.12166999,0.079118624,0.00487601
Arhgdig,0.0,-0.29669815,-0.2565676,-0.16349052,-0.13336347
Rgs11,0.0,0.02276657,-0.035890725,-0.070160024,-0.07489504
Fam234a,0.0,-0.3177712,-0.021758169,-0.13418955,-0.20594245
Luc7l,0.0,0.0028750375,0.12264269,0.1418841,-0.04836365
Gm50013,0.0,-0.19284599,-0.084603705,-0.020450447,0.119016595
Neurl1b,0.0,-0.08889178,-0.241687,-0.12201385,-0.17170298
Gm34455,0.0,-0.09535116,-0.20845175,-0.07068275,0.03778971
Dusp1,0.0,-0.44725928,-0.009040743,-0.2773458,-0.37887406
Ergic1,0.0,0.015458882,0.21262522,0.07071759,0.13326514
Atp6v0e,0.0,0.045321368,0.008256167,0.048235767,-0.097285375
Crebrf,0.0,-0.013412427,-0.14719237,0.09358877,0.013229948
Bnip1,0.0,0.08703269,0.025094643,0.21156165,0.18384252
Gm17382,0.0,-0.14721638,-0.15646467,-0.007303413,0.034982488
Gm20468,0.0,0.07061379,0.07814154,0.030205306,0.09142382
Gm41555,0.0,-0.094419524,-0.104653254,-0.0075058714,-0.1656265
Kifc5b,0.0,-0.34962296,-0.055845708,-0.1534044,-0.16292307
Phf1,0.0,0.47419983,0.33773538,0.40707996,0.15565594
Cuta,0.0,-0.10570875,-0.009465732,0.029889677,0.19576684
Syngap1,0.0,-0.08203456,0.047966793,-0.015878394,-0.010892026
Zbtb9,0.0,0.036050282,0.06485653,0.20350125,0.11147839
Gm50254,0.0,-0.09048171,0.05634596,0.16448615,-0.0015902482
Ggnbp1,0.0,0.3218063,0.37153417,0.29277837,0.18830045
Bak1,0.0,-0.18238395,-0.09487095,0.09383384,0.24580786
Itpr3,0.0,-0.048911277,-0.06511388,-0.0549447,-0.09519772
Uqcc2,0.0,0.35568076,0.39122248,-0.07234612,0.34857646
Lemd2,0.0,0.035607815,0.2709646,0.46857557,-0.04796335
Gm26724,0.0,-0.5188217,-0.09099564,0.014376953,-0.044222906
Gm49795,0.0,-0.034647092,-0.069063984,-0.15304165,-0.14165601
Grm4,0.0,0.15232822,-0.10414176,0.2915288,0.0008694753
Hmga1,0.0,0.14533307,-0.006924689,-0.072949134,0.003084071
AI413582,0.0,0.024828976,-0.18863213,-0.032771632,-0.066838674
Nudt3,0.0,0.21635,0.21779911,0.22505234,0.050447986
Gm49741,0.0,0.04963421,0.15453234,0.10301484,0.12667248
Rps10,0.0,-0.14523163,-0.0915439,-0.43221208,-0.053282127
Gm15420,0.0,-0.049712583,0.047672495,-0.06686227,-0.02342102
Pacsin1,0.0,0.26234925,0.05367162,-0.054610036,-0.05279977
Spdef,0.0,-0.064409256,0.011265105,-0.014906175,0.07948528
Gm15458,0.0,0.022764765,-0.067187846,-0.09034376,-0.093226746
Ilrun,0.0,-0.15344468,0.0054550488,0.10094886,-0.18615845
Snrpc,0.0,-0.07894784,-0.14161041,-0.029042928,-0.0153979855
Uhrf1bp1,0.0,-0.04306823,-0.12148697,-0.22265708,-0.35617986
Taf11,0.0,-0.042264625,0.065311305,0.1670878,0.04094778
Anks1,0.0,0.33638102,0.35672337,0.37825596,0.24009529
Tcp11,0.0,-0.041055333,0.042955138,-0.01464276,-0.025083095
Scube3,0.0,-0.015134014,0.093726054,0.21291184,-0.13457224
C230013L11Rik,0.0,0.10096429,0.23624253,0.30724412,-0.005021751
Zfp523,0.0,0.20666264,0.23995087,0.18705477,0.26502568
Def6,0.0,0.113842055,-0.015121413,-0.04083781,-0.034926184
Ppard,0.0,-0.14119864,-0.012140231,-0.035272785,-0.123275645
Fance,0.0,0.124716625,0.14141266,0.314372,0.0022869855
Rpl10a,0.0,0.21406823,0.18741934,-0.0327743,0.14416194
Tead3,0.0,0.24073006,0.11014886,0.3299957,0.029488817
Fkbp5,0.0,0.19068009,-0.5469461,-0.8671981,0.049777262
Gm22146,0.0,0.053944252,-0.15192074,-0.29895192,-0.12714227
E230001N04Rik,0.0,-0.11729108,-0.29921228,-0.29474422,0.2601894
Lhfpl5,0.0,0.16298427,0.04485926,0.053404473,0.14379911
Srpk1,0.0,-0.07883035,0.0010733493,-0.08898469,-0.2746144
Slc26a8,0.0,0.009559648,-0.3368122,0.23558891,-0.16984473
Mapk14,0.0,-0.03446322,0.08223867,0.027623728,-0.06734442
Gm4356,0.0,-0.14801866,0.017346572,0.13099276,0.17219287
Gm49864,0.0,0.06225722,0.18777663,0.15515685,0.010895282
Brpf3,0.0,-0.036125652,0.19307724,0.04746907,-0.0386789
4930539E08Rik,0.0,-0.056316357,0.0006100675,-0.0012450474,-0.016045429
Kctd20,0.0,0.039395463,-0.03293342,0.09592031,-0.0741392
Stk38,0.0,-0.049371425,-0.07667424,-0.02813023,-0.023314793
Gm16196,0.0,-0.3396139,-0.3062964,-0.039548457,-0.068582
Srsf3,0.0,0.14292872,0.16529961,0.06409594,0.0696711
Trp53cor1,0.0,-0.0035242513,-0.1362337,0.094775066,0.07375375
Cdkn1a,0.0,-0.09796122,-0.33201402,-0.7552668,-0.6975808
Cpne5,0.0,0.18189746,0.017251395,-0.06792018,0.03599563
Ppil1,0.0,0.113333955,-0.037833963,-0.105285436,0.0006755963
BC004004,0.0,0.11507276,0.14284787,-0.00074121356,0.12299253
Mtch1,0.0,0.11520776,0.18928626,0.014883906,0.21848805
Fgd2,0.0,0.1351633,-0.05130861,0.081212126,0.05099668
Gm36199,0.0,-0.180706,-0.09930062,-0.043239363,-0.16761994
Gm26885,0.0,-0.3037079,-0.13630415,-0.024593525,-0.19068632
Pim1,0.0,0.28646034,0.29011816,0.39471358,0.4115883
Tbc1d22b,0.0,-0.1930995,0.15000272,0.058453847,-0.056449465
Tbc1d22bos,0.0,-0.107032925,0.31799084,0.078249976,0.020981766
Rnf8,0.0,0.022837952,0.08107005,0.19255535,0.2328616
Gm20161,0.0,-0.03264309,-0.071509495,-0.024172923,-0.057707645
Cmtr1,0.0,0.11922767,0.18800224,0.090575725,-0.085717976
Ccdc167,0.0,0.09229713,0.13930637,-0.024633855,-0.097509466
Mdga1,0.0,0.0650105,0.0071963333,-0.016531076,0.07053504
Gm16758,0.0,-0.05414482,-0.0043142126,-0.02268983,0.011032958
Gm50019,0.0,0.058215674,0.029654004,-0.013407402,0.08918576
Zfand3,0.0,-0.106306426,0.1418024,0.0059394687,-0.07799224
Btbd9,0.0,0.07918707,0.15115601,0.18223415,0.02948916
Gm50250,0.0,-0.08607662,0.022553783,0.051344223,-0.06209624
Gm50240,0.0,0.11225878,0.03581538,0.25876442,-0.09689161
Glo1,0.0,0.021300957,0.1517491,0.11553856,0.088640854
Dnah8,0.0,-0.062200587,-0.113197565,0.032548882,0.047734972
Abcg1,0.0,0.4276645,0.31130904,0.06265584,0.10988222
Rsph1,0.0,-0.0016417131,0.032217614,0.07363814,-0.036732282
Slc37a1,0.0,-0.22368965,-0.33937457,-0.30591607,0.06617525
Pde9a,0.0,-0.14712909,0.081082426,0.011195874,-0.13264714
Gm50138,0.0,0.27511916,0.022200584,0.10610387,0.11163322
Wdr4,0.0,-0.09777282,0.076698884,0.23718245,0.046888143
Ndufv3,0.0,-0.16982396,-0.057112485,-0.11360329,-0.017751353
AC166172.1,0.0,-0.15650333,-0.28596264,-0.051471844,-0.23400994
Pknox1,0.0,-0.16990384,0.09869946,0.10516606,-0.031016476
Gm50107,0.0,0.0908199,0.05466113,0.12451741,0.06636987
Cbs,0.0,-0.1465218,0.14135647,0.14677563,-0.31463623
U2af1,0.0,0.06861353,-0.039122485,0.03807039,0.04295584
Sik1,0.0,-0.08878552,-0.39691758,-0.24930726,-0.29757154
Rrp1b,0.0,-0.18292888,0.014892928,-0.15232922,-0.2220598
Gm17276,0.0,0.34270167,0.15630153,0.39388278,0.010318235
Notch3,0.0,0.3683874,0.4047326,0.5601644,0.20268641
Brd4,0.0,-0.16230056,0.13218413,0.018651456,-0.003054455
Gm26549,0.0,-0.14810683,-0.21106516,-0.15427354,-0.17800622
Akap8,0.0,-0.026159763,0.038798586,0.19499657,0.053276934
Akap8l,0.0,-0.0032948852,0.21308863,0.20546626,0.009118497
Wiz,0.0,-0.02536863,0.29769236,0.30943406,0.16464254
Rasal3,0.0,0.009954719,-0.026247572,-0.009405148,0.004111193
A530088E08Rik,0.0,0.0060117776,-0.053093508,0.02244018,-0.015642146
Cyp4f17,0.0,-0.052162923,0.11436565,0.098979376,0.046075612
Cyp4f16,0.0,-0.019211594,-0.0069306716,-0.25272125,-0.07643954
Cyp4f15,0.0,0.5335602,0.49198988,0.43115374,0.13022059
Gm50046,0.0,0.0127786845,0.08071123,0.2877674,0.27991515
Zfp871,0.0,0.17871422,0.15930623,0.066649765,0.11780473
Zfp811,0.0,0.11583811,0.14856628,-0.028316543,-0.04671347
Gm26693,0.0,-0.29603034,-0.4020667,-0.25141963,-0.29664057
Zfp799,0.0,0.20014003,0.10882573,0.26208287,0.24091509
Gm50050,0.0,0.1609397,-0.15136193,0.1975066,0.07943199
Zfp870,0.0,0.24764627,-0.030226186,0.20862547,0.05507832
Cyp4f14,0.0,-0.03047175,0.16524278,0.082424514,0.047524754
Cyp4f13,0.0,-0.16978222,-0.0058522066,-0.0031598462,-0.053536896
Zfp472,0.0,0.24530965,0.2335321,-0.12447309,-0.079685025
Zfp952,0.0,0.073020875,0.09157191,0.17162508,-0.050128922
Zfp763,0.0,-0.3668577,-0.3899216,0.11131495,-0.15436822
Zfp563,0.0,0.06258665,0.14993156,0.045216367,-0.007175699
Morc2b,0.0,-0.00693758,0.042937174,-0.10221057,-0.176789
Olfr55,0.0,-0.059526037,0.012628643,-0.036082093,-0.045250252
Olfr239,0.0,0.071622096,-0.0013395408,-0.06502482,-0.08303609
Olfr1564,0.0,-0.08718922,-0.081507765,-0.087175965,-0.049420755
Zfp955a,0.0,-0.11105565,-0.12137998,-0.03593969,-0.10272681
Zfp955b,0.0,-0.20890439,-0.044154845,0.2693064,-0.0045619123
Zfp81,0.0,0.24810489,0.36296123,0.22524965,0.20334294
Zfp101,0.0,0.090432845,0.14539592,0.20865196,0.20821066
Adamts10,0.0,0.016777495,0.10735969,-0.17645079,-0.11211975
Myo1f,0.0,-0.029054588,-0.078822725,-0.025082845,-0.082797445
Zfp414,0.0,0.0851221,0.21363105,0.1553968,0.07879231
Pram1,0.0,0.019164741,-0.0103927255,0.28522217,0.060327
Hnrnpm,0.0,0.1264396,0.09959379,0.10807371,-0.09228256
March2,0.0,-0.1422103,0.017221533,0.04009191,0.09411872
Rab11b,0.0,-0.019590065,0.0023678616,-0.018078774,0.11865254
Gm17251,0.0,0.011966415,-0.029708583,0.14398926,-0.11366154
Kank3,0.0,-0.37980312,-0.23087245,-0.2247372,-0.25154722
Rps28,0.0,0.17768224,-0.1647471,-0.1996698,0.021990655
Ndufa7,0.0,-0.075266376,0.06578733,-0.114672214,0.1029061
Cd320,0.0,-0.19679795,0.06679297,0.0160725,0.026441028
Kifc1,0.0,-0.1265148,-0.066080436,0.050418045,-0.08113548
BC051226,0.0,0.12930384,-0.017039927,-0.013657628,-0.24195139
Daxx,0.0,0.031964183,-0.06238234,-0.10484049,-0.23760638
Tapbp,0.0,0.28018138,0.26720804,0.21676993,0.30631787
Zbtb22,0.0,0.026850596,-0.04900575,-0.00028683897,-0.19187549
Gm19412,0.0,0.038971066,0.20825036,0.14087576,0.1953526
Rgl2,0.0,0.0885317,0.44967526,0.5146219,0.058741286
Pfdn6,0.0,0.0021709055,0.060565185,-0.12650043,0.04127918
Wdr46,0.0,-0.35682437,-0.07466043,-0.11178926,-0.25410703
B3galt4,0.0,0.015333094,-0.30466872,-0.18200745,-0.28129384
Rps18,0.0,0.09783359,-0.012328871,-0.21456617,0.16522098
Vps52,0.0,0.34025836,0.14655267,0.11259438,-0.06805515
H2-K1,0.0,0.002532512,0.15773505,0.6884984,0.25782835
Ring1,0.0,0.79660136,0.3563138,0.29058328,-0.19456673
H2-Ke6,0.0,0.45847318,0.6001235,0.70527136,0.0063072145
Slc39a7,0.0,0.2096472,0.08383783,0.19760221,0.1271425
Rxrb,0.0,0.29164055,0.39830512,0.34193677,0.0605783
Col11a2,0.0,0.5821832,0.36367255,0.92507225,0.20928064
Brd2,0.0,0.44091967,0.26252466,0.32557523,0.07241391
H2-DMa,0.0,-0.2402038,0.10847894,0.25102493,0.06523627
H2-DMb1,0.0,-0.058813483,-0.10963333,-0.055230737,-0.05930166
Psmb9,0.0,-0.011014007,-0.040455762,0.021944396,0.058810152
Tap1,0.0,0.03188822,0.055538237,0.01683221,-0.013218936
Tap2,0.0,0.03254032,0.12194815,0.31522498,0.27941656
BC051142,0.0,0.07747589,0.02794677,0.06188146,0.13101839
Notch4,0.0,0.08807813,-0.05629891,0.11663911,0.17023459
Pbx2,0.0,0.25339323,-0.036415935,0.4528258,0.1257519
Rnf5,0.0,0.09587355,-0.090527944,0.013976354,-0.035548702
Agpat1,0.0,0.3304353,0.28684068,0.30780017,0.35198003
Egfl8,0.0,-0.0518842,-0.008228209,0.11055978,-0.044064242
Ppt2,0.0,0.0787549,0.13690175,0.08565021,0.21292564
Prrt1,0.0,-0.06317589,0.071546115,0.092409074,-0.21556689
Fkbpl,0.0,0.07598686,-0.039960586,0.07419331,-0.09334365
Atf6b,0.0,0.13826782,0.09057678,0.08070197,0.12298683
Tnxb,0.0,0.036169674,0.01809993,-0.11242864,-0.07166329
C4b,0.0,0.0655786,0.40884393,-0.03263785,0.06034875
Stk19,0.0,-0.09663896,-0.12109211,-0.15347901,-0.23955092
Dxo,0.0,-0.033708155,0.13351178,0.10536324,0.15402797
Skiv2l,0.0,-0.0050991997,-0.08298309,0.004992729,-0.0005982518
Nelfe,0.0,-0.11951546,-0.1954118,-0.3131396,-0.13810797
C2,0.0,0.026153341,0.3265874,0.084171005,-0.022223942
Zbtb12,0.0,-0.23718417,-0.2505929,-0.046446078,-0.066893436
Ehmt2,0.0,0.17456663,0.31597883,0.35992098,0.093486905
Neu1,0.0,-0.17589392,-0.056778487,0.06013278,0.030316684
1110038B12Rik,0.0,0.3021406,0.26825234,0.14773427,0.116093256
Hspa1a,0.0,-0.29802024,-0.29528314,-0.10678323,-0.09461211
Gm10501,0.0,0.18883297,0.01614388,0.14164934,0.027515799
Lsm2,0.0,0.005359821,-0.24371523,-0.038463585,-0.1967037
Vars,0.0,0.044071108,-0.106630564,-0.044486623,-0.11351643
Sapcd1,0.0,-0.0691095,-0.047390305,-0.031196335,-0.050830662
Msh5,0.0,0.04339906,0.055977248,0.1345773,0.03271602
Clic1,0.0,0.013497072,0.0047694826,-0.035773743,-0.14943086
Ddah2,0.0,0.15805538,0.18515034,0.0141637325,0.18201655
Abhd16a,0.0,0.0007390976,0.20585157,0.18724576,0.2279319
Csnk2b,0.0,0.08374478,0.2246947,-0.033168107,0.16284508
Gpank1,0.0,0.41908348,0.21730116,-0.05789487,0.21335481
Gm20522,0.0,0.078193545,-0.07344605,-0.100332156,-0.16734944
D17H6S53E,0.0,-0.070228845,-0.12175111,-0.19018444,-0.17865394
Bag6,0.0,0.27821532,0.32597542,0.043290645,0.18005443
Prrc2a,0.0,0.2293416,0.2502854,0.24883755,0.16705397
Gm17705,0.0,-0.14123593,0.039182797,0.16470474,-0.1605421
Aif1,0.0,-0.042095564,-0.051322103,-0.09427795,-0.09556529
Lst1,0.0,0.064396374,-0.107344285,0.01146877,0.035449196
Nfkbil1,0.0,0.25780138,0.06704318,-0.1478869,0.052059144
Atp6v1g2,0.0,-0.03415973,-0.24913426,-0.44619697,-0.08649806
Ddx39b,0.0,0.24638198,0.17037803,0.05831644,0.187258
H2-D1,0.0,-0.15769404,-0.22213078,-0.0004627183,-0.10325471
H2-Q4,0.0,0.049288988,-0.07993092,0.0024135709,0.033486865
Pou5f1,0.0,-0.12898855,-0.02712925,-0.008671345,-0.044808008
Cchcr1,0.0,0.013094809,-0.08016159,-0.1412231,-0.15388207
Sfta2,0.0,-0.0433789,-0.2009111,-0.051515914,-0.05599297
Vars2,0.0,0.030900098,-0.03970781,-0.16689952,-0.2486511
Gtf2h4,0.0,-0.098430626,-0.050099857,0.046965044,-0.002531981
Ddr1,0.0,0.102648035,0.20261604,0.3287808,0.04705295
Ier3,0.0,-0.046309285,0.1515904,-0.0049352273,0.070601895
Flot1,0.0,0.13045302,0.18794145,0.05410085,0.1800352
Tubb5,0.0,0.064710036,0.23785251,-0.087194905,0.25061208
Mdc1,0.0,-0.22598922,-0.12767296,-0.15810251,-0.2168212
Ppp1r18os,0.0,-0.063898295,0.0149076665,0.037794363,0.008752056
Nrm,0.0,0.07347076,0.034279004,0.0528452,-0.03910395
Ppp1r18,0.0,0.15374176,0.034805052,0.116861075,0.13707356
Dhx16,0.0,-0.15760235,-0.005849749,-0.21468818,-0.24061054
2310061I04Rik,0.0,0.10833584,0.22064051,-0.12521969,0.24822564
Gm16279,0.0,0.12756437,0.38222837,0.22335598,0.03857352
Atat1,0.0,0.22916235,0.34867766,0.26149115,0.077150285
Mrps18b,0.0,0.0010082368,0.14333828,-0.014626976,-0.18319869
Ppp1r10,0.0,-0.04796327,0.18229996,0.10420124,-0.019182123
Abcf1,0.0,-0.09576513,-0.08523606,-0.18898788,-0.24148631
Prr3,0.0,0.033737406,0.05388984,0.20294172,-0.025406219
Gnl1,0.0,0.123283334,0.14609005,-0.03389623,0.0013539419
Gm20508,0.0,-0.0014747195,-0.02084504,-0.012473058,0.020022264
A930015D03Rik,0.0,-0.3858685,-0.09686672,-0.23140636,-0.2898065
H2-T24,0.0,-0.06935276,0.10290312,0.034237396,-0.04559492
H2-T23,0.0,0.08546421,-0.14273252,0.08879335,-0.13560845
H2-T22,0.0,-0.085450284,-0.254536,-0.13792405,-0.1397833
Gm7030,0.0,-0.03535741,0.019046832,-0.053072415,-0.005632135
Rpp21,0.0,0.1862669,0.14948073,0.015871778,0.39430565
Trim39,0.0,0.20894745,0.17269427,0.3050504,0.0635677
Trim26,0.0,-0.17917642,0.022329163,-0.045791317,-0.116609685
Ppp1r11,0.0,-0.064179435,-0.043102,-0.379283,0.0902663
Znrd1,0.0,0.099119335,0.13435557,0.13404787,0.15524444
Znrd1as,0.0,0.12272911,0.0388019,0.091816455,-0.059659034
Zfp57,0.0,0.0019189268,-0.19061331,-0.003380604,-0.1807591
Mog,0.0,0.13099957,0.06941545,-0.18263493,0.24389033
Gabbr1,0.0,0.19455259,0.22010793,0.27548888,0.13730067
H2-M3,0.0,-0.082647555,-0.021325484,0.22067976,0.008302115
Gm26917,0.0,0.1678462,-0.0013945103,-0.7036155,-0.25661173
Gm42418,0.0,1.8691543,0.67980015,0.2053839,0.31335104
AY036118,0.0,0.46868643,0.94436383,0.42057532,0.16216168
Cenpq,0.0,-0.4574262,-0.32659173,-0.28477713,-0.3357565
Mmut,0.0,0.11351825,0.05179424,0.0006530434,-0.045488648
Ptchd4,0.0,0.49732602,0.44016075,0.56927824,0.5511764
Opn5,0.0,-0.046789385,0.08610972,0.15927435,0.18943861
Adgrf4,0.0,0.24244094,-0.036834948,-0.057731323,0.05082839
Adgrf2,0.0,-0.050642632,0.14740735,0.2268621,0.09007099
Cd2ap,0.0,0.044786572,0.1313249,0.17127325,0.09074599
Tnfrsf21,0.0,0.28465146,0.34484425,0.04834956,0.11149654
E130008D07Rik,0.0,-0.023820482,-0.023822546,0.004603481,-0.010861729
Pla2g7,0.0,-0.22378996,-0.10075427,-0.007556578,0.044892557
Tdrd6,0.0,0.09673694,-0.0063050278,0.1822731,-0.11683901
Slc25a27,0.0,-0.23340294,0.020209465,0.052132845,-0.06051846
Cyp39a1,0.0,-0.077919915,-0.042814236,-0.1242419,-0.06524582
Rcan2,0.0,0.21554688,0.05270574,-0.082424626,0.019420132
Enpp5,0.0,0.15949911,0.084650524,0.093944795,0.2111922
Enpp4,0.0,0.202917,0.28699642,0.045677096,0.3419966
Clic5,0.0,0.07091212,0.03608939,0.046344887,0.056533255
Runx2,0.0,0.36042818,0.19552499,0.106219776,-0.01900044
Runx2os1,0.0,0.056672163,0.038008627,0.03524299,0.003294956
Supt3,0.0,0.06665474,0.0011658967,-0.031273,0.030093431
Cdc5l,0.0,-0.08517909,0.06512408,-0.11367047,-0.05221555
B230354K17Rik,0.0,-0.28395003,-0.09133238,0.031718135,-0.23183194
Spats1,0.0,-0.16358681,-0.014129488,-0.024730684,-0.25388092
Aars2,0.0,0.021802247,0.20807628,0.44068038,0.021086648
Tmem151b,0.0,0.19770676,-0.06503027,0.19955154,-0.05914838
Slc35b2,0.0,0.060527697,0.4159875,0.15627038,0.30063903
Hsp90ab1,0.0,0.2112205,0.10878354,-0.24599148,0.21959406
Slc29a1,0.0,0.005901534,-0.1471618,0.2306372,-0.071900025
Capn11,0.0,0.3216292,0.5236534,0.3852957,0.44452348
Tmem63b,0.0,0.030612208,0.08002761,0.15069546,0.06907894
Mrpl14,0.0,-0.08169026,0.051870376,-0.064931,-0.122032985
F630040K05Rik,0.0,-0.1619872,-0.093468815,0.066085905,-0.112414375
Vegfa,0.0,0.061135117,-0.0003412366,0.20929882,-0.10181093
Mrps18a,0.0,-0.30126616,-0.106117845,-0.1890997,-0.11426635
Rsph9,0.0,-0.013409536,0.2456175,-0.17005186,-0.13360368
Mad2l1bp,0.0,0.21389237,0.06381657,0.053586803,0.082602665
Gtpbp2,0.0,-0.11752866,-0.05392453,-0.04494465,-0.21403147
Polh,0.0,-0.033424795,0.057559513,0.16319457,-0.038331196
Xpo5,0.0,0.24851038,0.14524974,0.1429265,0.09619887
Polr1c,0.0,0.043219224,0.118554085,0.15380453,-0.13814938
Yipf3,0.0,-0.21917254,0.053007506,0.025427196,0.10940093
Lrrc73,0.0,-0.10016203,0.06881678,-0.030336384,0.14849043
Tjap1,0.0,-0.291288,-0.09134619,-0.21794118,-0.12920824
Dlk2,0.0,-0.05096025,-0.16651013,-0.09894548,-0.06789329
Abcc10,0.0,0.00741072,0.14522548,0.31643766,-0.04050599
Zfp318,0.0,0.23567979,0.28713402,0.3515311,0.11529699
Crip3,0.0,0.071056746,-0.04359357,-0.0043691946,-0.042559538
Ttbk1,0.0,0.14679101,-0.029696047,0.20574768,0.32979584
Dnph1,0.0,0.08483109,-0.019044243,0.00084519014,0.09914025
Cul9,0.0,0.0004563108,0.06448549,-0.0034958124,-0.0016173646
Srf,0.0,0.01912655,0.010893176,0.04047945,-0.09780877
Ptk7,0.0,-0.011379734,0.20966023,0.3806024,0.18467902
Klc4,0.0,-0.1261543,0.11669238,0.4051395,0.15869717
Mrpl2,0.0,-0.044648614,-0.051518653,-0.00161618,-0.011016734
Cul7,0.0,-0.032617547,-0.029607259,-0.10372958,-0.038762037
Rrp36,0.0,-0.13259703,-0.14288531,0.050549503,-0.0018560964
Klhdc3,0.0,0.17034838,0.2349252,0.25478607,0.10139517
Mea1,0.0,0.30270582,0.23844469,-0.05961944,0.3054717
Ppp2r5d,0.0,0.30548477,0.23686147,0.20749627,0.0081924945
Pex6,0.0,0.26643845,0.3518113,0.54649156,0.055572778
Gnmt,0.0,-0.09911415,-0.124535024,-0.119935334,-0.082891814
Cnpy3,0.0,0.010095954,0.11452945,0.15967797,0.17265962
2310039H08Rik,0.0,0.41055024,0.19468498,0.27564102,0.11539963
Rpl7l1,0.0,-0.07086135,-0.05982627,-0.039129414,0.072565
Bicral,0.0,0.13287114,0.2616363,0.36209553,0.08558205
Tbcc,0.0,-0.02032081,-0.027142078,-0.31638986,-0.2553272
Ubr2,0.0,0.21721126,0.08037385,0.06572903,0.1587279
Trerf1,0.0,-0.1327484,0.13109098,0.08698784,0.19974595
Mrps10,0.0,0.22333112,0.06662716,0.04679618,-0.09201467
Guca1b,0.0,-0.042296357,-0.07667139,-0.09116482,0.036018103
Taf8,0.0,-0.0589758,-0.22503763,0.2109407,-0.057028733
Ccnd3,0.0,-0.3558448,-0.066091284,-0.21093209,-0.10285327
Bysl,0.0,-0.20117715,0.07968947,-0.040446408,-0.0064907824
Med20,0.0,0.101979986,0.08138668,0.13329667,-0.05758114
Usp49,0.0,0.13056767,0.17282236,0.19443592,-0.04482825
Tomm6,0.0,0.21940814,0.31722027,-0.075063154,0.389535
Tomm6os,0.0,0.1274846,-0.11283639,0.051864024,-0.07442043
Prickle4,0.0,-0.08022099,0.01807543,0.009770993,0.009751517
Frs3,0.0,-0.05408486,-0.37009212,0.12088528,-0.13870484
Tfeb,0.0,-0.21744707,0.08060335,0.0009454191,-0.19063725
Foxp4,0.0,0.12079205,0.320202,0.05177807,0.12763272
Trem2,0.0,-0.0056637824,0.073948,0.20989926,-0.059561357
Nfya,0.0,0.1644896,-0.008507378,-0.0026103482,-0.01687891
Oard1,0.0,0.22739813,0.042896055,0.0031874701,0.070622295
Gm49893,0.0,-0.08674056,0.14457563,0.0018561557,0.20015034
Lrfn2,0.0,0.04849033,-0.025800534,0.06895141,-0.27434748
Mocs1,0.0,-0.27228507,0.016356684,0.024834998,-0.2657822
Daam2,0.0,0.09276461,0.08074754,-0.013668165,0.012473069
Kif6,0.0,-0.025811814,0.034905598,0.098091066,-0.06497711
Rftn1,0.0,0.20507151,0.17001602,0.31009543,0.24295598
Dazl,0.0,-0.009903621,-0.002054207,-0.039195623,0.005556034
Gm49906,0.0,0.03214687,-0.01971565,-0.0059364624,-0.018423917
Plcl2,0.0,0.23482624,0.019377708,-0.15816532,0.07517074
Tbc1d5,0.0,-0.00010050833,-0.025717579,-0.007275313,0.02958678
Satb1,0.0,-0.07578637,0.18138118,0.19316092,0.085971065
Gm19585,0.0,-0.05329737,-0.004603762,-0.03332051,0.030158628
Kcnh8,0.0,0.060506664,-0.11039297,0.01306146,-0.055254556
Efhb,0.0,-0.13399293,-0.22014545,0.2119453,-0.09687503
Rab5a,0.0,0.18246195,-0.1299558,-0.14912519,0.11376473
Gm49915,0.0,-0.24905476,-0.15779553,-0.10086939,-0.07324174
Kat2b,0.0,-0.19520953,0.046374366,-0.021943118,-0.16292872
Slc5a7,0.0,-0.012757782,-0.012523804,0.10606879,0.016880432
St6gal2,0.0,0.20793366,0.30205902,0.3249917,0.13316563
Vmn2r118,0.0,0.008028789,-0.03755092,0.015531039,0.04215991
Pot1b,0.0,-0.13474703,-0.029362615,-0.06317714,-0.19729573
Zfp119a,0.0,0.06787105,0.11951672,0.13462976,0.039241508
Zfp959,0.0,-0.06562269,-0.31298316,-0.051746212,-0.24006438
Zfp119b,0.0,0.0673898,0.13483393,0.13627881,0.23788
Ebi3,0.0,-0.11568316,-0.021871766,-0.036865134,-0.040638663
Gm16712,0.0,-0.029004134,0.00023603067,-0.022414397,-0.12953176
Yju2,0.0,0.20299613,0.011664897,0.051316135,0.12342885
Shd,0.0,-0.16305122,0.08122045,0.02108026,-0.2557122
Fsd1,0.0,-0.23172654,0.11371668,-0.120209605,0.30464232
Mpnd,0.0,0.35173878,0.33908522,0.1737459,0.29906106
Sh3gl1,0.0,-0.113356225,0.03627397,-0.17102288,-0.025904745
Chaf1a,0.0,-0.19685403,-0.090097666,-0.25190362,-0.3259459
Ubxn6,0.0,-0.08962502,0.06653341,-0.19854556,-0.06501483
Hdgfl2,0.0,-0.15501913,0.04484749,-0.14570971,-0.34807736
Sema6b,0.0,-0.044070814,0.096535146,0.13535935,-0.17531654
Tnfaip8l1,0.0,-0.057410225,0.0033492018,-0.08286982,-0.03888037
Mydgf,0.0,0.0015641749,-0.059145074,-0.10845842,-0.078734115
Dpp9,0.0,-0.04957842,-0.0063128117,-0.13352016,-0.23244485
A230051N06Rik,0.0,0.15728462,0.41094196,0.20238681,0.05321674
Fem1a,0.0,-0.13382284,0.003807079,0.115331955,-0.06392418
Ticam1,0.0,-0.3548447,-0.118527606,-0.1766906,-0.2300668
Plin3,0.0,0.25281474,0.2712784,0.26411316,0.14667304
Uhrf1,0.0,0.036718987,0.029959276,0.005023498,0.06593311
Kdm4b,0.0,0.09717358,0.22506665,0.11957964,0.03851439
Ptprs,0.0,0.34741607,0.26444322,0.4713229,0.025417179
Gm20219,0.0,-0.04950654,-0.0064354525,0.013691131,-0.076160096
Safb2,0.0,-0.3221991,-0.019525606,-0.048359647,-0.21980385
Safb,0.0,0.020801738,-0.005520202,0.01087404,0.12408812
Micos13,0.0,0.14387423,0.15348417,-0.09308129,0.058237307
Rpl36,0.0,0.39074582,0.15353574,0.07459831,0.23654564
Lonp1,0.0,0.1779638,-0.107299626,0.093864396,-0.111131504
Catsperd,0.0,-0.2687079,-0.20376159,0.09892888,0.022411477
Ranbp3,0.0,-0.03939107,0.19059137,0.23207235,0.133554
Vmac,0.0,0.23849794,0.14268409,0.37192857,0.08673661
Ndufa11,0.0,0.06511305,0.1317183,-0.11651088,0.020074762
Nrtn,0.0,0.017945498,0.00023524463,0.025236472,0.058030777
Dus3l,0.0,0.19872263,0.16453294,0.06391189,0.116871715
Rfx2,0.0,-0.1049424,0.09479747,-0.060881533,-0.18082045
1700061G19Rik,0.0,-0.21219145,-0.016014438,-0.139567,-0.068835035
Mllt1,0.0,-0.1945637,0.12656616,-0.07241592,0.050649136
Clpp,0.0,-0.18599024,-0.05663562,-0.030959893,-0.07573164
Alkbh7,0.0,-0.06272194,0.28888813,-0.050504792,-0.089727715
Gtf2f1,0.0,-0.017173547,-0.17553684,-0.1267844,-0.11077811
Gm17949,0.0,-0.110092424,-0.16607954,-0.17311102,-0.29652205
Khsrp,0.0,-0.44013354,-0.39235145,-0.24803983,-0.49459794
Slc25a23,0.0,0.1779103,0.31208324,0.41372192,0.11575401
Crb3,0.0,0.015915811,0.042776186,0.07909466,0.12240192
Dennd1c,0.0,-0.014240354,-0.008857267,-0.018248495,-0.014036519
Tubb4a,0.0,0.5590179,0.2631477,0.09420523,0.47119626
Gm11110,0.0,0.040147882,-0.023299932,-0.12000064,-0.023384478
Gpr108,0.0,0.16609922,0.18581225,0.29514685,0.1253127
Trip10,0.0,0.024963787,-0.16763848,0.102869436,-0.058369525
Vav1,0.0,0.017667245,0.045652285,-0.009387799,0.04972113
Adgre1,0.0,-0.09366818,-0.022183215,-0.16116782,-0.059645124
Cntnap5c,0.0,-0.20850947,-0.19680436,-0.02530542,-0.63166
A330072L02Rik,0.0,0.033588238,0.017165769,0.025910396,0.13535306
Pdzph1,0.0,0.123014,0.36705202,0.029841721,0.28058916
Nudt12,0.0,0.1707467,-0.08227804,0.24847096,0.08035907
Efna5,0.0,0.19614051,0.24367678,0.2682036,-0.06801307
Fbxl17,0.0,0.01710201,0.03647778,0.04663156,-0.1434392
Fer,0.0,0.16942918,0.1994439,0.2085672,-0.0824244
Pja2,0.0,0.25777775,0.08305263,0.012223259,0.057804793
Man2a1,0.0,0.30288586,0.29604262,0.3665655,0.03451678
Tmem232,0.0,0.051490054,-0.03281767,-0.006089176,-0.2900122
Vapa,0.0,0.05968519,0.06579456,-0.09657819,0.123845965
Rab31,0.0,-0.11176431,-0.092219055,-0.054895166,-0.06613888
Ppp4r1,0.0,-0.064035736,-0.122333094,-0.018436568,-0.1281023
Ralbp1,0.0,-0.20384626,-0.21029605,-0.20891385,-0.14029628
Gm49870,0.0,-0.13135177,-0.14020392,-0.15234935,-0.1078119
Gm49871,0.0,-0.058966156,0.06011182,-0.04563504,0.10220334
Twsg1,0.0,0.09182887,-0.16889802,0.025974862,-0.18040262
Ankrd12,0.0,0.13655692,0.21885784,0.29022115,0.13824098
Ndufv2,0.0,-0.14501897,-0.097872965,-0.29736614,-0.03005631
Washc1,0.0,0.3698434,0.38936764,0.50970596,0.08443229
Ddx11,0.0,-0.016097069,-0.2711883,-0.25350815,-0.27694076
Gm49932,0.0,-0.00580806,0.0047240723,0.01299695,0.009392101
Mtcl1,0.0,-0.12922797,-0.14205754,0.044732686,-0.1374861
Rab12,0.0,-0.007799126,0.05916603,-0.038811572,-0.060442977
Ptprm,0.0,-0.091340125,0.044047028,0.09407294,-0.055977613
1700016K05Rik,0.0,-0.004099413,-0.007478807,-0.019378098,-0.13861114
Lama1,0.0,-0.050009117,-0.035998754,-0.0018868977,0.0024497935
Arhgap28,0.0,-0.016220745,0.04422731,-0.046234235,0.13128117
L3mbtl4,0.0,0.11885264,0.10620504,-0.010916308,0.12971917
Tmem200c,0.0,0.050152678,-0.13731344,0.001560796,-0.19722457
Gm38593,0.0,0.2881976,0.024545997,0.41613728,0.28454602
Epb41l3,0.0,0.36624914,0.12891954,0.053215817,-0.1027832
Gm49894,0.0,0.0057034353,-0.04358616,-0.074347496,-0.04261671
Zbtb14,0.0,0.10220449,-0.021915095,-0.011334306,-0.16509944
A930029G22Rik,0.0,-0.17973205,-0.38131946,-0.12568933,-0.2375299
C030034I22Rik,0.0,0.04237183,-0.03068,0.0070642065,-0.03478051
Akain1,0.0,0.07471328,0.08931643,-0.016746864,0.0009302199
Dlgap1,0.0,-0.1866485,-0.012302082,-0.008119874,-0.027425759
5031415H12Rik,0.0,-0.5915805,-0.10071488,-0.18487239,-0.111399055
Gm41609,0.0,-0.036562547,0.037556723,0.23109548,-0.07328999
Tgif1,0.0,0.03894044,-0.02324298,0.0012421384,0.21121468
Gm26510,0.0,0.109794095,-0.06435257,0.08237527,0.0031375773
Myl12b,0.0,0.08001187,0.22534873,-0.045337304,0.17507188
Myl12a,0.0,0.14039075,0.18295908,0.29602307,0.28978378
Myom1,0.0,-0.24029702,-0.22787187,-0.09505219,-0.1210812
Lpin2,0.0,-0.094173506,0.031307064,-0.103322804,-0.03070144
Emilin2,0.0,-0.0007529799,-0.07739426,-0.085636124,-0.040192686
Smchd1,0.0,-0.03006921,0.027460221,0.049482226,-0.017100535
Gm4707,0.0,0.006107481,-0.044458255,-0.015417145,0.044845793
Spdya,0.0,0.14822471,0.00061120465,-0.038350645,-0.043378193
Trmt61b,0.0,-0.07175035,-0.14284185,0.074127324,0.13153717
Wdr43,0.0,-0.12594746,-0.108598515,-0.19626051,-0.32278824
Togaram2,0.0,-0.01818262,-0.12834711,0.029636677,0.108714834
Clip4,0.0,0.12820745,0.26034355,0.18793553,0.10291874
Alk,0.0,-0.31777114,-0.14242499,-0.2230866,-0.3889493
Ypel5,0.0,0.33645642,0.05957581,0.09162771,0.14459041
Lbh,0.0,0.54792905,0.3621654,0.47529566,0.42109114
Lclat1,0.0,0.03597744,-0.010389149,-0.10700999,-0.10593349
Galnt14,0.0,0.18485951,0.10905596,0.21338743,0.08871543
Gm49876,0.0,-0.053234033,-0.054713905,-0.03318177,-0.02165978
Gm49878,0.0,-0.011984207,-0.011664469,-0.017395962,0.027983004
Ehd3,0.0,0.20488301,0.039697573,0.045734726,0.018384911
Xdh,0.0,0.10643926,0.0031006746,0.0005429238,-0.023354892
Memo1,0.0,0.07069899,0.1274555,0.14790446,0.073645115
Dpy30,0.0,-0.029812627,0.015781756,0.046411946,-0.008206941
Spast,0.0,0.16800202,0.105080925,0.16117027,0.10127115
Slc30a6,0.0,-0.15268181,-0.071231164,-0.10683238,0.07315874
Nlrc4,0.0,0.13447483,0.16760543,0.05332949,0.0896498
Yipf4,0.0,-0.027886927,-0.13419522,0.15894622,0.061962985
Gm31645,0.0,0.23026659,0.21894589,0.20876412,0.28676215
Birc6,0.0,-0.03624261,0.0076663718,-0.046800323,-0.047588512
Gm26749,0.0,0.16879742,0.053716376,-0.14176556,-0.32532424
Ttc27,0.0,0.07178421,0.0072776675,0.14666289,-0.09579336
Gm50020,0.0,0.098061435,0.27028883,-0.12534028,-0.0014093593
Ltbp1,0.0,0.10189471,0.19048274,-0.013661966,0.019840911
Rasgrp3,0.0,0.32051235,0.2758718,0.24625391,0.06755014
Fam98a,0.0,0.19544208,0.36113995,0.17080516,0.30399245
Gm32282,0.0,-0.065818146,0.08085297,-0.08274927,0.05433955
Crim1,0.0,-0.1555889,-0.007718676,-0.18804044,-0.081509694
Fez2,0.0,0.2597226,0.10783089,-0.11985952,-0.19429435
Vit,0.0,-0.504738,-0.2368031,-0.28896588,-0.3178271
Strn,0.0,0.023895957,-0.0059550554,0.049927805,-0.010899678
Heatr5b,0.0,0.11206868,-0.024032306,0.04903471,-0.14838737
Gpatch11,0.0,-0.07897128,0.0143104475,-0.010744415,-0.13790649
Eif2ak2,0.0,0.09247668,0.17771012,0.2785742,0.04906717
Cebpzos,0.0,0.22697899,0.20306697,-0.050192714,0.09154709
Cebpz,0.0,-0.15191865,-0.08667148,-0.20278192,-0.19999218
Ndufaf7,0.0,-0.08857601,-0.31529856,-0.16656514,-0.23932391
Prkd3,0.0,0.16793531,0.05412513,0.20346907,-0.10165353
Qpct,0.0,-0.18645515,-0.3046074,-0.33446848,-0.06592268
Cdc42ep3,0.0,0.073055804,-0.14528726,0.12718119,-0.098837055
Rmdn2,0.0,-0.15191618,0.030660776,-0.02523158,0.004834324
Atl2,0.0,0.23928231,0.16361174,0.31954023,0.19988611
Hnrnpll,0.0,-0.08571386,0.07006213,0.13882942,-0.05961843
Galm,0.0,-0.018601287,0.029760554,-0.13321654,-0.31939512
Srsf7,0.0,-0.17064214,-0.115749314,0.120733574,0.13225642
Ttc39d,0.0,-0.20089516,-0.20220578,-0.0024427623,-0.106295645
Gemin6,0.0,-0.028074441,-0.27723047,0.033570472,-0.104925305
Dhx57,0.0,-0.12339023,-0.0009592888,-0.035447933,-0.212115
Morn2,0.0,-0.44895402,-0.27299762,0.15930046,0.07082841
Arhgef33,0.0,-0.027428549,0.036213964,-0.0018530264,0.056764692
Sos1,0.0,0.19053464,0.17875344,0.12726615,-0.06657724
Cdkl4,0.0,-0.0308662,-0.011150088,-0.19044273,-0.1309126
Gm33373,0.0,0.04435496,-0.04346519,0.27890977,0.13426284
Map4k3,0.0,-0.07223344,-0.12463474,-0.010916907,-0.057336506
Tmem178,0.0,0.09881978,0.0059525967,-0.08011526,0.10206113
Thumpd2,0.0,0.19538538,0.15542765,0.27828032,0.09215504
Slc8a1,0.0,0.38799798,0.23925781,0.35621822,0.0137397945
Pkdcc,0.0,0.1130493,-0.1047287,0.099011794,-0.22822055
Eml4,0.0,0.12781586,0.121968314,0.12954949,0.054916568
Cox7a2l,0.0,0.11259009,-0.058585886,-0.106077194,-0.079251975
Kcng3,0.0,-0.073221944,0.095884025,0.048656076,0.10766466
Mta3,0.0,0.10562595,-0.008597486,0.06212945,-0.073772274
Zfp36l2,0.0,-0.024677664,-0.0014238656,0.23516129,0.122543015
Gm36279,0.0,-0.12068999,-0.10711405,-0.079747245,-0.12915438
Thada,0.0,-0.26068982,-0.1510401,-0.107013136,-0.19219944
Plekhh2,0.0,0.2590728,0.40851226,0.1714777,0.21872097
4930500A05Rik,0.0,-0.07746367,0.037072472,-0.022906762,-0.072740436
Gm49969,0.0,-0.015638702,-0.22243887,-0.1742988,-0.28338358
Dync2li1,0.0,0.054344844,-0.040207952,-0.2097217,-0.076904416
Lrpprc,0.0,0.121156275,0.1053232,0.082026005,-0.047824413
1110020A21Rik,0.0,-0.07644403,0.14468001,-0.2693084,-0.05491322
Ppm1b,0.0,0.06274959,0.046284903,-0.06746015,-0.0803127
Slc3a1,0.0,0.22900514,-0.21089599,-0.054883897,-0.24676873
Prepl,0.0,0.37278482,0.03336653,0.111222036,-0.019451588
Camkmt,0.0,-0.03740024,0.025537543,0.14205341,-0.010292552
Srbd1,0.0,-0.20094916,-0.13312708,-0.058438957,-0.14781706
Prkce,0.0,0.00651896,0.02251491,0.07106058,-0.058853537
Epas1,0.0,-0.3300689,-0.17791742,-0.14967772,-0.08042786
Rhoq,0.0,-0.06392707,0.17315775,0.34204182,0.1604342
Gm50012,0.0,-0.15856887,0.031962365,0.17745006,-0.2582311
Pigf,0.0,0.33336246,0.11819491,-0.014576033,-0.18426304
Cript,0.0,-0.033191025,-0.26071918,0.041697428,-0.36919186
Socs5,0.0,0.08290389,0.015694235,-0.09658625,-0.049362123
Mcfd2,0.0,-0.07695159,-0.02043397,-0.09685584,-0.039974917
4833418N02Rik,0.0,0.12087415,0.08236982,-0.026399046,0.1263933
Ttc7,0.0,0.47793335,0.11251872,0.24199767,0.066094205
Stpg4,0.0,-0.019165704,-0.12223364,-0.046420023,-0.014960953
Calm2,0.0,0.24209255,0.08793827,-0.25771695,0.19491069
Gm30938,0.0,0.037042204,0.007380791,0.02166425,0.0012107063
Msh2,0.0,0.098090425,-0.0016892701,0.07763813,-0.0021393597
Kcnk12,0.0,0.100618325,-0.12018834,-0.09566028,-0.13196616
Msh6,0.0,0.3142967,-0.07022617,-0.08144251,0.13519908
Fbxo11,0.0,-0.02326028,0.15656546,0.07257751,-0.022385016
Gm31615,0.0,-0.1179948,0.003759794,-0.028728606,-0.06445129
Foxn2,0.0,0.19378477,0.16480687,0.3420057,0.1366454
Ppp1r21,0.0,-0.010085303,-0.015942156,0.0057356916,-0.15393373
Ston1,0.0,-0.34325066,-0.20870622,-0.22453055,-0.20137137
Lhcgr,0.0,0.21427283,0.17629535,0.40184498,0.25471666
Nrxn1,0.0,0.038608365,0.03782247,-0.024963409,0.06213917
4930480K15Rik,0.0,0.105482474,-0.08491287,-0.37485224,-0.13803643
Mettl4,0.0,-0.22929686,-0.13116983,0.037277948,0.088638864
Gm1976,0.0,0.23926921,0.19917025,0.16522309,0.15300296
Gm20939,0.0,-0.03739049,0.06359698,-0.10181959,0.12956151
Crem,0.0,-0.07098741,-0.09902687,-0.17551498,-0.03198048
Gm6225,0.0,-0.054261424,-0.03758638,-0.0527256,0.028443377
Cul2,0.0,0.09478594,0.09859878,-0.033967845,-0.08007799
Bambi,0.0,-0.3062805,-0.18462886,-0.31098735,-0.2619034
Map3k8,0.0,-0.04428716,0.035581857,-0.031143315,0.06373858
Mtpap,0.0,0.12468703,0.10979347,0.10176496,0.080106
Gm50023,0.0,-0.08191522,-0.041133586,0.09216933,-0.035176776
Jcad,0.0,-0.15816665,-0.10680142,0.008447159,-0.0138848815
Svil,0.0,-0.28234705,-0.17192385,-0.1516355,-0.11510812
Gm26682,0.0,0.03945878,-0.3098932,0.035703823,-0.1058414
Zfp438,0.0,-0.1263254,0.12689222,0.08323183,-0.009795681
Gm10125,0.0,0.061781637,0.039866887,0.16532606,-0.03284706
Gm26575,0.0,-0.061526507,-0.0594522,0.08228588,-0.119092986
Zeb1,0.0,0.046660334,0.12082475,0.17597978,-0.03600295
Arhgap12,0.0,-0.031913973,0.083097056,0.066060305,0.035632648
Kif5b,0.0,-0.027862787,0.07457745,0.009147085,0.08477895
Gm17036,0.0,0.07440623,-0.13861251,-0.09436608,-0.21216044
Gm41664,0.0,-0.2911128,-0.5625018,-0.32780725,-0.37273479
Epc1,0.0,-0.22435108,-0.050924152,-0.09612386,-0.056417104
Gm28529,0.0,-0.054933,0.15317926,-0.124048874,-0.13001582
Rab18,0.0,0.020967284,-0.07208656,-0.217601,-0.18053818
Gm2350,0.0,-0.09037129,-0.012232615,0.07879509,0.044987667
Mkx,0.0,0.14026839,0.020610586,-0.03554939,-0.18754163
Gm46633,0.0,-0.11059436,-0.11413355,-0.09240781,-0.07180791
Armc4,0.0,0.06317217,-0.093682565,-0.03636981,-0.14500958
Mpp7,0.0,-0.2000269,-0.21650286,-0.31464827,-0.31253478
Gm9993,0.0,-0.29301405,-0.20601118,0.025796682,-0.26886487
Wac,0.0,-0.05394499,0.0787038,-0.026662156,0.01780469
Fzd8,0.0,0.12953241,0.23174486,0.20433679,0.15833445
Ccny,0.0,-0.15419742,-0.07202233,-0.18536147,-0.07295843
Colec12,0.0,-0.030824766,0.15071774,-0.03926582,-0.048205897
Thoc1,0.0,-0.123937555,-0.19153064,-0.08813865,-0.0171964
Usp14,0.0,0.061279763,0.055009756,-0.07385816,0.0011300892
Rock1,0.0,0.066996746,0.04658612,0.05959796,0.051215596
Greb1l,0.0,0.11049175,-0.12588616,-0.099895366,-0.22015122
Esco1,0.0,0.043544404,0.07218632,0.08937766,0.01926905
Snrpd1,0.0,0.17350093,0.1367108,0.011361688,0.056690723
Abhd3,0.0,-0.05163452,0.07876836,0.12482797,0.13795586
Mib1,0.0,-0.050605707,0.08639273,-0.07247778,-0.03316611
Mir133a-1hg,0.0,0.047621973,-0.16347092,-0.24209529,0.0010024849
Rbbp8,0.0,0.16422026,0.038400628,0.26358783,0.102452345
Gm50069,0.0,0.17487234,0.067770384,-0.01691822,0.076741844
Gm6277,0.0,-0.17992292,0.027032789,0.072468154,0.048874147
Cables1,0.0,-0.319892,-0.0116496645,-0.27355874,-0.11832817
Tmem241,0.0,-0.0956123,0.07955483,0.048142068,-0.09888217
Riok3,0.0,-0.06060686,0.122604795,0.064447716,-0.026697092
Rmc1,0.0,-0.16508266,-0.34158146,0.021689907,-0.030392263
Npc1,0.0,0.22196764,0.20166028,0.24388704,-0.09180623
Gm15956,0.0,-0.20105994,-0.017284773,-0.20317797,-0.1562903
Ankrd29,0.0,-0.10944262,-0.12342057,-0.073348746,-0.12279315
Lama3,0.0,0.039606,-0.094081625,0.027079247,-0.0187776
Ttc39c,0.0,0.063317575,0.12964363,0.09219845,-0.17896077
Cabyr,0.0,-0.051567167,0.080796756,0.14452593,-0.091509454
Osbpl1a,0.0,-0.1076357,-0.13584557,-0.15366317,-0.108622104
Gm49970,0.0,-0.21065286,-0.21070243,-0.06373597,-0.2518737
Impact,0.0,0.24550046,0.08299113,0.075006954,0.020638332
Zfp521,0.0,-0.14019963,0.072893344,-0.01196719,-0.095353276
Ss18,0.0,0.015559658,0.13549872,0.07358214,-0.02095659
Taf4b,0.0,0.06975504,0.18759549,0.070552826,0.044677302
Kctd1,0.0,0.18908325,0.20550685,0.08174762,-0.06687905
4933424G05Rik,0.0,0.14864278,0.32899046,0.119341455,-0.05621393
Gm2629,0.0,0.14477701,-0.0840044,0.07408094,0.020021996
Aqp4,0.0,0.07584701,0.05745174,0.20721135,0.10390523
Gm50048,0.0,0.16764145,-0.25456324,0.101456106,0.021024337
Chst9,0.0,0.410685,-0.083160415,0.36397153,-0.25737566
Cdh2,0.0,0.05356873,0.060284235,0.021422021,-0.018733628
Gm15328,0.0,-0.04848318,-0.056580096,-0.049409114,-0.04622158
Dsc2,0.0,-0.12881462,-0.06219046,-0.114007935,-0.010584053
Dsg2,0.0,-0.031831305,-0.0517052,-0.10930155,-0.09066522
B4galt6,0.0,0.004920587,0.006834127,0.13102125,-0.032009408
Trappc8,0.0,-0.21928485,-0.07477933,-0.044482965,-0.19318752
Rnf125,0.0,0.007259527,-0.04270711,-0.032319993,0.012910122
Rnf138,0.0,0.004436828,-0.16050336,0.120309174,0.11038421
Garem1,0.0,0.032840088,0.20854735,0.12018236,0.08604434
Klhl14,0.0,-0.07442219,-0.09881205,-0.04906186,-0.08660859
4930426D05Rik,0.0,-0.08782765,-0.08199054,-0.07100273,-0.043030262
Ccdc178,0.0,-0.03709821,0.05813206,0.09571569,0.022352245
Asxl3,0.0,0.21366665,0.034656532,0.03121686,0.042490818
Nol4,0.0,-0.018726178,0.061364997,0.059890322,-0.027156398
Dtna,0.0,0.057485938,0.12359786,0.10797368,0.01963447
Gm15972,0.0,0.18372594,-0.12152838,-0.033327296,-0.093968295
Mapre2,0.0,-0.21894692,-0.01546085,-0.22655421,-0.057829283
Zfp397,0.0,-0.24975172,-0.19176888,-0.19385917,-0.082375206
Zfp35,0.0,-0.0031877374,0.026308194,-0.17847262,-0.12074691
Zfp24,0.0,-0.17401096,-0.24099213,-0.18898383,-0.27933902
Ino80c,0.0,0.15817317,0.0875468,-0.041078232,-0.10035114
Galnt1,0.0,-0.14606287,-0.15811917,-0.08910555,-0.1224352
2700062C07Rik,0.0,0.024607468,-0.22006719,-0.013906896,-0.055487327
Rprd1a,0.0,0.14387678,0.05245278,0.10778706,-0.037466034
Slc39a6,0.0,0.07249387,-0.2157548,-0.14482279,-0.03679443
Elp2,0.0,0.23673317,0.01918687,0.1974915,0.0324443
Mocos,0.0,0.057424396,-0.0104787275,0.1282784,0.050650023
Fhod3,0.0,0.06309271,-0.09512167,0.19838072,-0.16439499
Tpgs2,0.0,0.029850531,0.08660339,-0.023759253,-0.02017387
AW554918,0.0,0.18370937,0.15015875,0.26765293,0.04502973
Celf4,0.0,0.36190385,0.040638357,-0.10732658,-0.039559156
Gm3227,0.0,0.037646536,0.017210066,0.043981314,0.044599712
Gm50304,0.0,0.08526679,0.03811908,0.06434865,0.08255568
Gm33228,0.0,0.11137189,0.06659005,0.19738552,-0.09150188
BC051408,0.0,0.012799278,-0.045024376,0.03864158,0.15960614
Gm33948,0.0,0.050819743,0.055325046,0.017296582,0.13911416
Gm49980,0.0,-0.2918501,-0.30069304,-0.19883364,-0.17132404
Pik3c3,0.0,0.17575668,0.13402775,0.10072242,-0.1261118
Rit2,0.0,0.2453145,-0.0253421,0.036312424,-0.16758147
Syt4,0.0,0.12034965,0.13113886,0.23053998,0.17441069
Gm26658,0.0,-0.022628782,-0.053645186,-0.063624196,-0.06372234
Slc25a46,0.0,0.24618593,0.15983653,0.14526132,0.04959011
Sap130,0.0,0.21556948,0.17519176,0.25146717,0.031119868
Ammecr1l,0.0,-0.08667803,0.09270046,0.12637857,0.018700995
Gm26533,0.0,-0.044564098,-0.2246501,0.086241774,0.025379445
Polr2d,0.0,0.004358001,-0.21154536,-0.23054805,-0.1771025
Wdr33,0.0,-0.04476562,-0.0005470291,0.020001717,0.075672865
Sft2d3,0.0,0.25986338,0.22569464,0.079061925,0.07374379
Lims2,0.0,-0.054025464,-0.052137323,-0.042239152,-0.06733109
Gpr17,0.0,-0.038302086,0.076628625,-0.13335146,0.017596908
Iws1,0.0,0.029770466,-0.06580625,-0.09904999,-0.038063854
Map3k2,0.0,0.017664082,0.026005555,0.055151116,-0.04673537
Ercc3,0.0,0.3326408,0.2251615,0.19032942,0.024481133
A830052D11Rik,0.0,0.022030924,-0.10527616,0.09569399,-0.017643599
Bin1,0.0,0.3135494,0.14211059,0.21059406,0.13005659
Gm44577,0.0,0.08895583,-0.0025676414,0.09391754,0.035159368
Wdr36,0.0,0.15648441,0.054568738,0.03288625,0.29333532
2310026I22Rik,0.0,0.086183354,-0.043242015,0.009463195,0.07039555
Camk4,0.0,0.48633975,0.05703774,0.37264228,0.010462642
Stard4,0.0,0.3824361,-0.09738344,-0.03549473,0.15111783
Nrep,0.0,0.4567328,0.23521537,0.084989354,0.42805398
Epb41l4aos,0.0,0.2860607,-0.2381466,-0.02363726,-0.272233
Epb41l4a,0.0,0.29364675,0.09848602,0.12398583,0.072222136
Apc,0.0,0.1438292,0.17063653,0.2165151,0.018699095
Srp19,0.0,0.019083105,-0.14820756,-0.3417386,-0.04921413
Reep5,0.0,0.03183137,0.00941278,-0.042499118,0.12540583
Pkd2l2,0.0,0.21221535,0.04839893,-0.13856879,0.034789946
Fam13b,0.0,0.06284089,0.11328931,0.08021664,0.053661577
Nme5,0.0,-0.12975702,-0.07749576,0.0024127364,-0.23250148
4933408B17Rik,0.0,-0.07040526,-0.15111363,0.04033843,-0.22910005
Brd8,0.0,0.081486546,0.034964897,0.07349707,-0.10253075
Cdc23,0.0,-0.027184922,0.028701346,0.084441245,-0.08183849
Fam53c,0.0,-0.08519761,0.14979886,0.13623473,0.14689851
Kdm3b,0.0,0.079823524,0.11426348,0.3042149,0.16976424
Reep2,0.0,0.24922696,0.14675985,0.24535105,-0.11059447
Egr1,0.0,-0.14640373,0.13009994,-0.34323898,-0.17414242
Etf1,0.0,-0.025271874,0.010842193,0.055125885,-0.11662187
Hspa9,0.0,0.059025727,0.03234277,-0.0831691,0.04036252
Gm36037,0.0,-0.14105532,0.025041059,0.47815824,0.09982695
Gm3587,0.0,-0.041003514,-0.020858228,0.05157853,0.04325383
Ctnna1,0.0,0.10450099,0.1803297,0.003889963,0.11682297
Lrrtm2,0.0,0.32318878,0.40079093,0.0337442,-0.023685351
Sil1,0.0,0.09663964,0.24211937,0.32819122,0.10088857
Snhg4,0.0,0.1712624,0.4505704,0.026782975,-0.100653216
Snhg4-1,0.0,-0.052013144,-0.032737557,-0.10534015,-0.11835632
Matr3,0.0,-0.020704351,0.02599619,0.010836549,0.004294187
Gm50163,0.0,-0.17749006,-0.072622895,-0.23238975,-0.3964314
Paip2,0.0,0.1667134,0.12327617,0.11939344,0.09759895
Prob1,0.0,0.18401484,0.1489619,0.26750502,0.050540946
Spata24,0.0,0.10964395,-0.028286994,0.15954563,-0.13952862
Dnajc18,0.0,-0.1225808,-0.034772977,0.006690873,-0.032537468
1700066B19Rik,0.0,0.13455644,0.034298852,0.09674512,0.071347125
Ecscr,0.0,-0.018561654,-0.0014276048,-0.011048155,-0.055835236
Tmem173,0.0,-0.059049934,-0.03053723,-0.109790504,-0.07876746
Ube2d2a,0.0,-0.011826582,0.15800145,-0.021438606,0.05046151
Cxxc5,0.0,0.26954103,0.5079635,0.31146342,0.20254974
Gm29417,0.0,-0.22076645,-0.005066,-0.17760657,-0.26214358
Gm50399,0.0,-0.14239761,0.018870434,0.03783599,-0.06879796
Psd2,0.0,0.44041598,0.3615498,0.44444156,0.19475885
Nrg2,0.0,-0.23159766,-0.10288848,-0.2497845,-0.03356265
4930471G03Rik,0.0,-0.13132647,0.04083252,0.20751286,0.14368479
Pura,0.0,0.15120271,0.009611696,0.047403157,0.19207966
Igip,0.0,0.52613753,0.21992297,0.22881089,-0.055319756
Cystm1,0.0,0.02997205,-0.058119915,0.029758945,0.051471006
Pfdn1,0.0,0.100610465,-0.07760476,0.018820152,0.08098475
Hbegf,0.0,-0.07488318,-0.014537182,0.12794003,-0.0009781979
Slc4a9,0.0,-0.3022803,-0.11663218,-0.094607234,-0.10065886
Ankhd1,0.0,-0.14035705,0.016212182,-0.028128795,-0.07388125
Eif4ebp3,0.0,0.12957594,0.18926272,0.13899657,-0.16637653
Sra1,0.0,0.08301617,0.056250587,-0.19182168,-0.111246966
Apbb3,0.0,-0.009872466,-0.020495519,0.08229734,0.033825617
Slc35a4,0.0,0.19450857,0.22423394,0.24663049,-0.018843353
E230025N22Rik,0.0,-0.12627782,-0.032540124,-0.08304091,-0.058197767
Cd14,0.0,-0.053486537,-0.10786473,-0.090527296,-0.13555717
Tmco6,0.0,-0.28343275,0.054127507,-0.17009804,-0.13334312
Ndufa2,0.0,0.24696289,0.2705965,0.016908675,0.21542895
Ik,0.0,0.33698234,0.28954747,0.19007266,0.26335943
Wdr55,0.0,-0.026938997,0.11588947,0.14717028,0.059744965
Hars,0.0,-0.099975675,-0.07831963,0.0040318007,-0.048648104
Hars2,0.0,0.097962454,0.13277489,0.052689876,-0.026566125
Zmat2,0.0,0.49037653,0.23443376,-0.10732177,0.061265662
Pcdha1,0.0,0.097746566,0.023715314,0.054739945,0.045793593
Pcdha4,0.0,-0.0015947293,-0.070720546,-0.0037661605,-0.05113364
Pcdha5,0.0,0.12244748,-0.09268917,-0.04149816,-0.12243865
Pcdha8,0.0,0.0075727147,-0.032665387,-0.021471562,0.002408673
Pcdha9,0.0,-0.00062368065,0.1361799,-0.029219933,0.11944878
Gm10545,0.0,0.008429179,0.022512257,-0.023018423,0.014393486
Pcdha11-1,0.0,0.0075237565,-0.055253252,0.21467714,-0.11373937
Pcdha12,0.0,0.09888071,0.037820987,0.044555724,0.013836816
Pcdhac2,0.0,0.20061043,-0.075481035,-0.091754176,-0.024922105
Gm10544,0.0,-0.15897462,0.023529734,-0.10366039,-0.022792658
Pcdhb2,0.0,0.13745281,0.019682262,-0.087330855,-0.019946601
Pcdhb3,0.0,-0.0019410104,0.08474712,-0.058314238,0.026728433
Pcdhb4,0.0,0.04174996,-0.009100387,0.021982409,-0.08200982
Pcdhb5,0.0,-0.028978402,-0.040026177,-0.07498156,0.040690135
Pcdhb6,0.0,-0.030803945,-0.15776277,-0.030530203,-0.12452231
Pcdhb7,0.0,0.07453485,-0.06376084,-0.0030038673,-0.06829123
Pcdhb8,0.0,0.030753221,-0.07256219,-0.025881218,0.07874114
Pcdhb9,0.0,0.16391128,0.1871794,0.20905976,0.17188859
Pcdhb10,0.0,0.08337093,-0.06910128,0.1991399,0.02988211
Pcdhb11,0.0,0.06535011,-0.10144329,0.093110204,-0.007513508
Pcdhb12,0.0,-0.1099312,0.0347934,-0.07215168,-0.047350414
Pcdhb13,0.0,0.05067958,0.09975661,0.02629143,0.05558193
Pcdhb14,0.0,-0.07834874,-0.03125582,0.114069045,0.02853771
Pcdhb15,0.0,-0.12692392,-0.2920945,-0.25501376,-0.24050024
Pcdhb16,0.0,0.12745675,0.10585636,0.15812066,0.10335246
Pcdhb17,0.0,-0.0044017136,-0.0036504418,0.35288548,0.08558877
Pcdhb18,0.0,-0.05577297,-0.03598339,-0.13351777,-0.22441457
Pcdhb19,0.0,0.20213193,0.12349261,0.36554247,0.30036443
Pcdhb20,0.0,0.18765743,-0.038997844,0.21366985,0.2792514
Pcdhb21,0.0,0.16119245,0.025390081,0.13678378,0.066213384
Pcdhb22,0.0,0.24755159,-0.010642886,0.19617227,0.17566541
Taf7,0.0,-0.04759865,0.02533155,-0.06963615,-0.073270455
3222401L13Rik,0.0,-0.37500116,-0.24706073,-0.011634447,-0.2527594
Pcdhga1,0.0,-0.1313657,-0.36212218,-0.18609543,-0.29839244
Pcdhga2,0.0,-0.2886722,-0.19710407,-0.19905372,-0.21645573
Pcdhga3,0.0,0.15078473,-0.29406875,-0.16391638,-0.20484036
Pcdhga5,0.0,0.060494997,0.24626693,-0.048619688,0.26578712
Pcdhga6,0.0,-0.0036330596,-0.07608448,0.22047777,0.12897396
Pcdhga7,0.0,0.12862116,0.008011326,-0.06951563,-0.011187583
Pcdhgb4,0.0,-0.26610333,-0.17972346,0.02136992,-0.16427906
Pcdhga8,0.0,-0.021341167,-0.24203801,-0.028812807,-0.19844577
Pcdhgb5,0.0,-0.13523248,0.07456709,-0.2075735,-0.20389992
Pcdhga9,0.0,0.03033622,-0.20117953,0.018710071,-0.01595673
Pcdhgb6,0.0,0.19906756,-0.036512643,-0.037003487,-0.08628483
Gm26672,0.0,-0.2180177,-0.3214988,0.04145217,-0.41000867
Pcdhga10,0.0,0.05230833,0.0608849,-0.06873249,0.009644927
Pcdhgb7,0.0,-0.023848834,-0.07720696,-0.047962666,-0.09497375
Pcdhga11,0.0,0.06742397,-0.018299786,-0.1334077,-0.21706992
Pcdhga12,0.0,-0.40417808,-0.3170748,-0.15064979,-0.4434423
Pcdhgc3,0.0,0.070512995,-0.0900236,-0.113695934,-0.24435645
Pcdhgc4,0.0,-0.40350875,-0.05934792,0.061923392,-0.1662802
Pcdhgc5,0.0,0.03835322,0.22784367,0.3635087,0.1634801
Gm29994,0.0,-0.17831461,0.12117362,-0.14144936,-0.21010937
Diaph1,0.0,0.2963191,0.2702354,0.22124769,0.07172945
Hdac3,0.0,0.09547005,0.25433755,0.30255526,0.10055274
Rell2,0.0,0.02884167,-0.0562104,-0.091442265,-0.3773784
Fchsd1,0.0,-0.13476984,-0.020211432,-0.023321178,-0.14429413
Arap3,0.0,0.052642696,0.022849305,0.012075523,0.0067690834
Gm30093,0.0,-0.08397376,-0.027404137,0.0040230723,-0.06190005
Pcdh1,0.0,0.24996847,0.13163275,0.3575144,0.15582156
2010320O07Rik,0.0,-0.096669905,-0.046986744,0.05212418,-0.17066403
1700086O06Rik,0.0,-0.11123011,0.098588556,0.060210723,-0.08685883
Dele1,0.0,0.22721356,0.10327399,0.27147314,0.23033586
Rnf14,0.0,0.13964707,0.031547964,0.01825066,0.23254636
Gnpda1,0.0,-0.061232507,-0.23953347,0.0057773907,-0.022226289
Ndfip1,0.0,-0.36575493,-0.25165161,-0.23987344,0.021487541
Spry4,0.0,0.052797575,-0.14905688,-0.23346676,-0.049259126
9630014M24Rik,0.0,-0.18296282,0.050724674,-0.0398447,-0.29128125
Fgf1,0.0,-0.01868546,0.01740355,-0.05528921,0.09661102
Gm5820,0.0,-0.029027583,0.014639456,-0.13112436,-0.086342685
Arhgap26,0.0,0.08326629,0.1464893,0.13823318,-0.014235303
Gm15336,0.0,0.25578317,0.49799526,0.12632403,0.1456185
Gm15337,0.0,0.071828924,-0.119924024,0.055463187,-0.1318398
Nr3c1,0.0,0.20082076,0.37957653,0.32275355,0.23078649
Yipf5,0.0,-0.2503341,-0.16369176,-0.2572909,-0.023437623
Gm31087,0.0,0.087516315,-0.0041293614,-0.056124527,-0.063009605
Kctd16,0.0,0.18403487,0.29250723,0.4993441,-0.25415975
C030017B01Rik,0.0,0.15417579,-0.106817804,0.041964713,0.20555316
Prelid2,0.0,-0.07672736,-0.16541624,-0.16079465,-0.03316334
Lars,0.0,-0.0043851286,0.0074343234,0.07227938,0.05111019
Gm4013,0.0,-0.086331144,-0.12535019,-0.05592034,-0.34373736
Rbm27,0.0,-0.2632419,-0.048531365,-0.16523263,-0.14668933
Tcerg1,0.0,-0.02119115,0.09056404,-0.018008135,-0.060202375
Gm50214,0.0,0.0019087195,-0.013796501,0.10562343,0.014752084
C030004G16Rik,0.0,-0.025523432,0.019720137,0.06329008,0.2352657
Ppp2r2b,0.0,-0.12997139,0.13860144,-0.019905582,0.00017753989
4933407I08Rik,0.0,-0.006772294,-0.033747014,-0.028622672,-0.011528816
4930588A03Rik,0.0,0.044844024,-0.007167008,0.013861096,-0.00264702
Stk32a,0.0,-0.18208635,-0.12273941,-0.117883295,-0.10206477
Dpysl3,0.0,0.33068138,0.23431692,0.11561372,0.14871952
AC156546.1,0.0,0.086024344,-0.31068873,-0.25508118,-0.16910347
Jakmip2,0.0,-0.08977804,-0.038204838,-0.29068285,-0.18652193
Dcp2,0.0,0.07089594,0.13343155,-0.00668706,-0.005899735
Mcc,0.0,-0.15093146,-0.049726076,-0.14507188,-0.037781887
A930012L18Rik,0.0,0.16565114,0.11665506,-0.018150762,-0.1921297
Ythdc2,0.0,0.011947798,-0.21024945,-0.0026815701,-0.19580883
Kcnn2,0.0,-0.3918893,-0.28932452,-0.42347217,-0.10681124
A330093E20Rik,0.0,0.12503697,-0.059541047,-0.079600655,0.022724308
Trim36,0.0,0.22861119,0.031948574,0.0077317953,0.085533805
Pggt1b,0.0,-0.0650702,0.12660491,-0.049916316,-0.25574845
Ccdc112,0.0,-0.007998027,0.012167253,0.16036567,0.1519405
Gm4107,0.0,0.1165843,0.16332446,0.09702551,-0.009077176
Fem1c,0.0,-0.019138908,0.071406856,-0.17669559,-0.17672381
Tmed7,0.0,0.15935174,-0.18860556,0.05507222,0.07070681
Eif1a,0.0,-0.0030601993,-0.20357598,-0.1939978,-0.20620988
Cdo1,0.0,0.06060595,0.00549436,0.013356637,0.057369437
Atg12,0.0,0.06882846,-0.01729972,0.117249995,0.14184177
Ap3s1,0.0,0.08921723,0.23565571,0.2629959,0.086169645
Lvrn,0.0,0.02244893,0.031947352,0.04723019,0.004096493
Gm49974,0.0,0.10744016,0.029998157,0.099706955,-0.019353583
Commd10,0.0,0.010378815,0.14805883,0.15333597,-0.0062144846
Hspe1-rs1,0.0,0.07854381,-0.019120451,0.026445374,0.020129142
Sema6a,0.0,0.25702143,0.31794938,0.34275848,-0.02427587
Gm5095,0.0,-0.006890882,0.008360643,0.020184621,0.008327119
Eno1b,0.0,-0.045102283,0.3160597,-0.01765605,0.08356439
Dtwd2,0.0,0.061617658,0.32743466,0.1373878,0.14242053
Gm16283,0.0,-0.13690297,-0.21878454,0.017077245,-0.2911775
Dmxl1,0.0,0.07822296,0.11703147,0.06648715,0.124902755
Tnfaip8,0.0,0.03725464,0.19397888,0.08775212,0.059968382
C030005K06Rik,0.0,-0.028761934,-0.12428607,0.041073285,0.05152703
Hsd17b4,0.0,-0.06207094,0.019209985,0.0036008805,-0.07137014
Prr16,0.0,-0.1434181,0.0072467215,-0.21119457,-0.17018011
Srfbp1,0.0,0.11643457,0.16448817,-0.16971135,0.038249705
Sncaip,0.0,-0.19418406,0.2027547,0.059777793,-0.26118457
Snx2,0.0,-0.1937055,-0.24103266,-0.10476284,-0.20425722
Snx24,0.0,-0.2620464,0.0023472141,0.026781403,-0.08576648
Gm19466,0.0,0.038301233,-0.039144948,-0.17555794,-0.19478467
Cep120,0.0,-0.1086847,-0.02859384,-0.06170178,-0.16368875
Csnk1g3,0.0,-0.11357112,0.055479646,-0.10737106,0.017219624
9330117O12Rik,0.0,-0.14264229,0.24049649,0.05732787,0.11586815
Gm33732,0.0,-0.21920636,-0.040251862,-0.080252565,-0.14662805
Zfp608,0.0,0.050039276,0.40380642,0.2508042,0.1709156
Gm4221,0.0,0.1418809,0.15173906,0.53319937,0.022309557
AC163347.1,0.0,0.12195055,0.032748587,0.29756665,0.19436477
Gramd3,0.0,-0.12038718,0.024024652,0.07183053,-0.114737734
Aldh7a1,0.0,-0.045034993,-0.0012689494,0.02080566,-0.20469691
Phax,0.0,-0.09875045,0.013211929,-0.0257671,-0.27641898
Tex43,0.0,-0.04582042,0.0026451517,0.023616988,-0.02936979
Lmnb1,0.0,0.007827431,0.0486338,0.32054263,0.28687763
March3,0.0,0.07866332,0.4514463,0.23566923,0.19705117
Gm15345,0.0,0.0050097927,0.19033271,-0.029049538,0.11061333
C330018D20Rik,0.0,-0.1667221,0.020944875,-0.059013076,-0.05576927
Megf10,0.0,-0.09126798,-0.005624704,0.05294086,0.048453424
Prrc1,0.0,-0.096303076,-0.085384354,0.046001554,-0.004794415
4930511M06Rik,0.0,-0.06337442,-0.0010704026,-0.11749984,-0.1870696
Gm19500,0.0,-0.05839934,-0.06297891,0.060809035,0.17109892
Ccdc192,0.0,-0.13090968,-0.09242767,-0.088026404,-0.10001515
Gm19519,0.0,-0.020029986,-0.006463889,-0.022592807,0.07187162
Slc12a2,0.0,0.22677214,0.23728664,0.009186789,0.2617956
Fbn2,0.0,0.028499648,-0.11758195,0.053702738,-0.029567406
Isoc1,0.0,0.2705902,-0.034248605,0.13243699,0.03213822
Adamts19,0.0,0.16595191,-0.15501451,0.037886586,-0.18906707
Minar2,0.0,0.3458535,0.115576014,0.002716899,0.16285874
Chsy3,0.0,0.49953723,0.08600536,0.35956812,-0.110819906
Smim3,0.0,-0.3083527,-0.48792338,-1.0789524,-0.70507324
Dctn4,0.0,-0.13345018,0.023567608,-0.12416365,-0.037843943
Rbm22,0.0,0.35178977,0.1522207,0.21148252,0.023333386
Synpo,0.0,-0.19359013,-0.04720653,-0.040253315,0.0221663
Ndst1,0.0,0.07338807,0.0659798,0.19300523,0.041829348
Rps14,0.0,0.15592015,0.012275964,-0.12902439,-0.04590843
Cd74,0.0,-0.011433721,-0.13571481,0.12959176,0.14511317
Tcof1,0.0,0.31497303,0.08916467,0.14431027,0.19402665
Camk2a,0.0,0.2983206,0.093041375,0.11376527,-0.01600413
Slc6a7,0.0,0.12437467,-0.019318894,0.31551903,-0.00010587275
Pdgfrb,0.0,-0.08904514,0.20047933,0.29685986,0.06700881
Csf1r,0.0,-0.19853398,0.08939429,-0.2570778,-0.40183058
Hmgxb3,0.0,0.0029500723,0.14597419,0.16397378,0.01442913
Slc26a2,0.0,0.13781963,0.03511072,0.16069217,-0.015348688
Pde6a,0.0,0.04409383,0.048275344,0.17164725,0.055748664
Ppargc1b,0.0,0.42203817,0.3146489,0.35517025,0.20097749
Arhgef37,0.0,-0.09745282,0.021588642,-0.022058979,0.1342034
Csnk1a1,0.0,0.16855234,0.18086803,0.18508887,0.14090407
Pcyox1l,0.0,-0.07641371,-0.022919074,0.11759661,0.015081812
Grpel2,0.0,0.1675106,0.092696354,0.074602686,0.039142095
1500015A07Rik,0.0,-0.01223892,0.0116694905,0.18310158,-0.08073609
Afap1l1,0.0,0.0156118125,-0.017827652,0.11793717,0.17588216
Ablim3,0.0,0.28444266,0.17211822,0.18382993,0.01820299
Sh3tc2,0.0,0.030870095,0.09225108,0.05050003,0.18065928
Adrb2,0.0,0.030943703,-0.19507785,-0.03873936,-0.16062778
Htr4,0.0,0.10808048,-0.19695982,-0.112578474,-0.23139419
Fbxo38,0.0,0.276431,0.11312863,0.23245752,0.15000835
Spink10,0.0,-0.20790388,-0.021610469,-0.095120974,-0.32021922
Gm36368,0.0,0.077451974,0.021029856,0.058978625,0.010006439
Spink13,0.0,0.15402912,0.04414313,0.001964815,0.15297711
Apcdd1,0.0,0.012177423,0.14341195,0.20136315,0.1616092
Napg,0.0,0.21190566,0.067853495,-0.007409215,0.17923872
Piezo2,0.0,-0.064334966,-0.23520608,-0.025959834,-0.14637533
Txnl1,0.0,0.1614879,0.12923715,-0.040783092,-0.010075808
Wdr7,0.0,0.03961644,0.070593275,-0.09129788,-0.105529055
St8sia3os,0.0,0.19153619,-0.10866252,-0.09019407,0.036916263
St8sia3,0.0,0.52644706,0.4531527,0.45243376,0.24879622
Onecut2,0.0,0.08811495,0.15775616,0.01361122,0.028617952
Fech,0.0,-0.29604882,-0.16848269,-0.14489168,-0.22250268
Nars,0.0,0.32884657,0.03456235,0.023339227,0.082292855
Atp8b1,0.0,-0.1765179,0.06103676,0.086339444,-0.08394782
A330084C13Rik,0.0,-0.030820683,-0.021968342,0.023103083,0.026227612
Nedd4l,0.0,0.0066527873,0.23267375,0.21893984,-0.015832305
Gm50368,0.0,0.23795897,0.21437013,-0.110949285,-0.06330585
Alpk2,0.0,-0.08823106,-0.17459852,-0.08685987,-0.12245092
Malt1,0.0,-0.08864419,0.027604308,-0.018741366,-0.06748536
Gm30018,0.0,-0.032908443,0.03697806,0.036047302,0.029283578
Gm41760,0.0,-0.05052445,-0.10712253,0.033505596,-0.14283806
Zfp532,0.0,-0.37166104,0.05947311,-0.03643593,-0.16242269
AC132307.1,0.0,-0.32142973,-0.04875115,-0.13890934,-0.18508907
Oacyl,0.0,-0.06016873,-0.035786774,0.13843068,-0.09604915
Sec11c,0.0,0.113783225,-0.08036018,-0.06676843,-0.0058874786
Lman1,0.0,0.16380556,0.025854513,0.021101594,0.16692737
Ccbe1,0.0,0.073420085,-0.09573935,-0.05810081,0.1376523
Gnal,0.0,0.29513413,0.027510382,0.12740558,-0.07015598
Chmp1b,0.0,0.23090464,-0.36064416,0.0757197,0.0967504
Mppe1,0.0,0.010509063,-0.05877042,-0.12132569,-0.16730732
Impa2,0.0,0.08906321,0.051158637,0.26247138,0.01888527
B430212C06Rik,0.0,0.010385156,-0.010799766,0.16365248,0.014309581
Cidea,0.0,-0.017633645,-0.0236705,-0.054165035,0.007887464
Afg3l2,0.0,0.19827302,0.04545492,0.19462255,0.020445481
Prelid3a,0.0,-0.03110931,-0.05037926,0.08822834,-0.048925325
Spire1,0.0,-0.16264467,-0.121043704,-0.19692492,-0.16292773
Cep76,0.0,0.06765268,-0.1965381,0.13261192,0.08834414
Psmg2,0.0,0.38123965,0.20766436,0.24687946,0.16002089
Ptpn2,0.0,-0.16125432,-0.1271756,-0.18225047,-0.2589609
4930549G23Rik,0.0,-0.30519038,-0.06799173,-0.0049680546,-0.22989735
Gm26910,0.0,-0.0695797,-0.3813383,-0.17512605,-0.2753545
Seh1l,0.0,-0.047226015,-0.27528176,-0.13846648,-0.330712
Cep192,0.0,-0.13510413,-0.08071655,0.10880811,-0.07634092
Ldlrad4,0.0,-0.08865264,0.06460446,-0.0021189824,0.015115187
Gm41764,0.0,0.13481852,0.036323503,0.23831195,0.18789086
Fam210a,0.0,0.109607615,0.2559953,0.003987983,-0.16849706
Rnmt,0.0,0.48231253,0.32034624,0.2708487,0.17261231
Tcf4,0.0,0.048992313,0.15663989,0.0654638,-0.014227003
Rab27b,0.0,0.10239737,-0.18269822,-0.13097991,-0.32148233
4930503L19Rik,0.0,-0.058070417,-0.13020402,0.035271358,-0.120379016
Stard6,0.0,-0.35399556,-0.3409512,-0.13401003,-0.3471068
Poli,0.0,0.13595091,0.06760061,-0.11820402,-0.036625966
Mbd2,0.0,-0.38027316,-0.09323494,-0.042360175,-0.1520432
Dcc,0.0,0.25952238,0.14685056,0.23234408,0.03091745
Mex3c,0.0,-0.075002976,0.05005829,0.02023127,0.016352229
Smad4,0.0,0.047517102,0.05838241,0.11395418,-0.050055422
Elac1,0.0,0.18484695,-0.14854428,-0.038928483,0.010223538
Me2,0.0,0.049276527,-0.2137867,0.15109614,0.022351012
Mro,0.0,-0.12111396,-0.1280543,0.032927983,-0.079316854
Mapk4,0.0,-0.3566491,-0.19194695,-0.19492301,-0.24590771
Gm9925,0.0,-0.24712485,-0.12987086,-0.107753836,0.11459749
Cxxc1,0.0,-0.033929244,0.0834359,-0.08778326,-0.31796768
Mbd1,0.0,0.19180128,0.18424824,0.14580746,-0.007886767
Cfap53,0.0,-0.11251724,0.16266778,0.061529838,0.13948406
Myo5b,0.0,-0.011547476,-0.12875357,-0.10558099,0.028405236
Acaa2,0.0,0.15623038,0.08131786,0.04000341,0.07804157
Rpl17,0.0,-0.027152568,-0.0060528405,-0.3863339,0.12081594
BC031181,0.0,-0.16791822,-0.12644339,-0.1901099,-0.011339301
Dym,0.0,-0.08859226,0.11876652,-0.058849882,-0.118918434
Gm20544,0.0,0.044277254,-0.016727213,-0.1149519,-0.056066964
Smad7,0.0,-0.18474251,-0.25588912,0.0050025433,-0.23174864
Ctif,0.0,-0.040685013,0.106749386,0.28398722,-0.12733644
Zbtb7c,0.0,0.036544837,0.22167978,0.19704919,0.056743503
Smad2,0.0,0.12633246,-0.025590077,0.24721393,-0.027710304
Ier3ip1,0.0,0.0420146,0.17940345,-0.0340169,0.039427035
Hdhd2,0.0,0.05982643,0.035375554,-0.02672492,0.09341376
Katnal2,0.0,-0.5744765,-0.31346518,-0.30722314,-0.26125115
Pias2,0.0,-0.09039614,-0.024167674,-0.11528757,-0.26562735
Gm7276,0.0,0.093054906,0.079090215,0.110484935,0.023604006
St8sia5,0.0,-0.2992598,-0.28079474,-0.25492972,-0.32084492
Rnf165,0.0,0.27949607,0.03313034,0.22649826,-0.043905765
8030462N17Rik,0.0,-0.045582846,-0.03032174,-0.15485199,-0.09244215
Haus1,0.0,0.11966855,0.100771554,0.0504413,0.064183295
Atp5a1,0.0,0.15123908,0.14803153,-0.11293012,0.12266819
Pstpip2,0.0,0.13145317,-0.0023930073,0.1803008,0.08394253
Epg5,0.0,-0.009029843,0.12630083,0.026525922,-0.1450104
Slc14a1,0.0,0.024317829,-0.021956533,0.18120912,-0.21287295
Slc14a2,0.0,0.4742312,0.59067225,0.7117446,0.45465368
Setbp1,0.0,-0.15095645,-0.019950181,0.025340421,-0.13500905
Pard6g,0.0,0.10845421,0.43309072,0.36466926,0.10202274
Adnp2,0.0,0.16913904,-0.05351688,0.18649429,0.03648033
Rbfa,0.0,0.17123008,0.110042036,0.11879401,0.021305226
Gm16286,0.0,0.1313687,-0.025164306,-0.09298414,0.04115207
Txnl4a,0.0,-0.1817649,-0.05953989,-0.27408716,-0.25609124
Hsbp1l1,0.0,-0.027658958,-0.16301733,-0.04553724,-0.14928238
Pqlc1,0.0,-0.092665456,0.057656765,-0.20170596,-0.029264309
Kcng2,0.0,0.2568614,0.17593431,-0.03494376,0.08369829
Ctdp1,0.0,0.012511725,0.11485192,-0.12630583,-0.1715616
Gm50209,0.0,0.3630852,-0.16386548,0.050969277,0.049887937
Nfatc1,0.0,-0.098231025,0.027191306,0.071754,-0.021657288
Atp9b,0.0,0.10527919,0.016866967,0.07426032,0.02766078
Gm47272,0.0,0.038197882,0.43677,-0.13810176,-0.273676
Sall3,0.0,0.13295881,0.13597631,0.08180176,0.15050973
Gm27239,0.0,-0.051719695,0.5069943,0.6042105,0.20212933
Mbp,0.0,0.2725236,0.21861969,-0.266752,0.06943634
Zfp236,0.0,-0.01029405,0.20958751,0.121074244,0.0178044
Gm46620,0.0,0.104148515,0.13362993,0.15077926,0.037200093
Zfp516,0.0,-0.077967346,0.118576586,-0.0050267875,-0.20058694
AC142100.1,0.0,-0.030226005,-0.0061672684,-0.08238187,-0.09466583
Tshz1,0.0,-0.1532843,-0.07448861,0.183559,-0.0017024986
Zadh2,0.0,0.08553702,0.042839997,0.19582945,0.026163377
Zfp407,0.0,-0.006112516,0.02050519,-0.010220051,0.09385736
Cndp2,0.0,-0.09078359,0.13938296,0.066746056,0.13169603
Dipk1c,0.0,-0.39852768,-0.124623075,-0.0053568184,0.042056106
Cyb5a,0.0,-0.06717972,0.069543354,0.0017708912,0.04011392
Timm21,0.0,0.362113,0.076216884,0.114663355,-0.02628167
Neto1,0.0,0.0042936895,-0.03677661,0.0018019378,-0.004036622
Cbln2,0.0,0.04680501,-0.0033552498,0.22443396,0.20113063
Gm50401,0.0,-0.11637097,0.0799434,0.014587907,-0.08586212
Socs6,0.0,0.41321313,0.23845263,0.16732664,0.050610602
Rttn,0.0,0.18344495,0.036600057,0.027877364,-0.16117656
Dok6,0.0,0.25234273,0.21541986,0.2245355,0.1687077
Gm18280,0.0,-0.08985001,-0.020342164,0.028770428,0.043263167
Tmx3,0.0,0.03468101,-0.061656855,-0.0884156,0.10972923
Gm45871,0.0,-0.06686121,0.06197255,0.1690336,0.023307689
Ighmbp2,0.0,0.113994114,0.110525884,0.34867322,0.21673112
Mrpl21,0.0,-0.15611163,-0.094895214,-0.18418041,-0.18207231
Cpt1a,0.0,-0.038285702,0.22562559,0.3320673,0.08845493
Ppp6r3,0.0,-0.038343385,0.03145849,-0.018377446,-0.09545957
Gm48696,0.0,-0.13985932,-0.25199765,-0.20778853,-0.18541758
Lrp5,0.0,-0.053620644,0.15345009,0.26713702,-0.11340318
Gm36608,0.0,-0.19516154,-0.08775032,0.10420634,0.05941379
1810055G02Rik,0.0,0.073868215,0.12046469,0.116357066,-0.054459818
Kmt5b,0.0,0.030288741,0.26184702,0.14614242,0.08035815
Gm16066,0.0,-0.15706736,0.30154157,0.07974886,-0.18276626
Chka,0.0,-0.09048089,-0.09626758,0.018830737,-0.0959513
Tcirg1,0.0,0.124354675,0.20371464,0.2184731,0.36808023
Ndufs8,0.0,-0.13273609,-0.119855195,-0.33670434,-0.0023775473
Aldh3b1,0.0,0.01092486,-0.053392623,-0.10068411,-0.051369127
Unc93b1,0.0,-0.050235786,0.033007078,0.30180627,0.15406862
Nudt8,0.0,-0.00766502,0.013387923,-0.116785675,-0.010850387
Doc2g,0.0,-0.12389752,-0.042838015,0.1230343,-0.3500398
Ndufv1,0.0,-0.07098459,-0.006451484,-0.2860571,-0.0022655595
Gstp1,0.0,0.5900721,-0.008229181,-0.2496026,-0.025049701
Cdk2ap2,0.0,0.32088432,0.29006594,0.16049348,0.030696526
Pitpnm1,0.0,0.2572152,0.3606198,0.48964614,0.10261832
Aip,0.0,-0.16652545,-0.25931668,-0.055851463,-0.13581507
Tmem134,0.0,0.20229678,0.23919654,0.2340329,0.4007309
Coro1b,0.0,0.15253365,-0.0927167,-0.08820957,-0.045845166
Rps6kb2,0.0,0.58894795,0.6093811,0.35296023,-0.029217392
Carns1,0.0,0.014765382,-0.047619954,0.14234278,0.16290441
Tbc1d10c,0.0,-0.063542664,-0.067656785,-0.016179642,0.061563957
Ppp1ca,0.0,-0.032088578,0.15947449,0.20865875,0.1246589
Rad9a,0.0,0.12813687,0.14328009,0.13479488,0.09500192
Gm30082,0.0,0.1435863,0.017574377,0.011671893,0.09633404
Pold4,0.0,0.20311981,0.116983324,0.058748923,0.23197722
1500032F14Rik,0.0,0.029203607,-0.08454093,-0.080923915,-0.018051555
Ssh3,0.0,-0.07728921,0.08763196,-0.11639076,-0.26260775
Ankrd13d,0.0,0.10795136,0.16024671,0.15927519,-0.15445432
Gm50152,0.0,0.019700274,-0.29383123,-0.2637527,-0.3111388
Grk2,0.0,0.23814948,0.13099079,0.17988083,0.13745646
Kdm2a,0.0,-0.12360838,0.08578405,0.02385085,-0.048340604
Rhod,0.0,-0.050536435,0.02091188,0.08823059,0.013260687
Syt12,0.0,0.024119511,-0.019015208,0.16617617,0.09956758
Pcx,0.0,0.068093464,0.11534399,0.13398647,0.15852511
Lrfn4,0.0,0.055495545,0.16725244,0.30015796,0.023839176
Rce1,0.0,0.20155473,0.23711574,0.16349159,0.20694856
Gm960,0.0,0.14225076,0.056190252,0.27888903,-0.06478692
Sptbn2,0.0,0.14262056,0.017804494,0.053724416,-0.25493982
Rbm4b,0.0,-0.38552254,-0.03998244,-0.14756906,-0.01167522
Rbm4,0.0,-0.10587496,-0.006203898,-0.111181915,-0.088843346
Rbm14,0.0,-0.18918332,-0.1739029,-0.26861256,-0.2639454
Ccs,0.0,0.058118008,-0.040876217,0.059174925,-0.14205113
Ctsf,0.0,-0.001991406,0.23975371,0.2711652,0.24983329
Zdhhc24,0.0,0.08367222,0.10743989,-0.049492013,-0.20601507
Bbs1,0.0,0.15300402,-0.04681751,-0.011839896,-0.001550883
Dpp3,0.0,0.010678686,0.2201457,0.02911231,-0.13957866
Peli3,0.0,0.1794833,0.11367908,-0.04274623,-0.080614425
Mrpl11,0.0,0.000137856,0.004222438,-0.14043917,-0.053552307
Npas4,0.0,-0.07161938,0.119913,0.05305288,0.07958041
Slc29a2,0.0,0.29589757,0.23992643,0.13673258,0.17112406
B4gat1,0.0,-0.093927056,-0.1726172,-0.061764684,0.13805448
Brms1,0.0,-0.18448007,0.022531047,0.1750728,-0.13372569
Tmem151a,0.0,-0.08350735,0.04877479,-0.16163823,0.030350098
Yif1a,0.0,0.121440314,0.17111982,0.10595586,-0.12823236
Cnih2,0.0,-0.034869395,0.013206825,-0.16449195,0.1669695
Rab1b,0.0,0.08221838,0.33731368,0.18122111,0.21965273
Klc2,0.0,0.05024986,0.1338282,0.023780465,0.14726093
Pacs1,0.0,0.15620923,0.14451209,0.40832263,0.08167149
Sf3b2,0.0,0.05277941,-0.026586527,-0.31009212,0.02447997
Gal3st3,0.0,0.15778272,0.1034762,0.21858677,-0.13433021
Cst6,0.0,0.045573257,0.042427585,0.20615277,0.25269914
Banf1,0.0,0.33640224,0.037901543,-0.00025328994,0.08517584
Eif1ad,0.0,0.28806475,0.1107062,-0.021856122,-0.04177942
Sart1,0.0,0.040597305,0.13062334,-0.13541487,-0.2467044
D330050I16Rik,0.0,0.34074432,0.32173768,0.60845256,0.26064268
4930481A15Rik,0.0,-0.2770788,-0.47706872,-0.26548758,-0.26686347
Drap1,0.0,0.18297908,-0.102653965,-0.07150811,0.059740447
AI837181,0.0,-7.973611e-05,0.15784548,0.11447081,0.014766835
Ccdc85b,0.0,0.12648481,0.062072974,-0.18503845,0.16233787
Fibp,0.0,0.06948453,0.2215789,0.09407841,0.1273318
Efemp2,0.0,0.036354095,0.12219587,0.19926345,0.0101551935
Mus81,0.0,-0.12109081,0.2086062,0.05336945,0.07001337
Cfl1,0.0,0.24414761,-0.005726993,-0.1392916,0.2487958
Snx32,0.0,0.25350693,0.156527,0.35427478,-0.2887548
Rnaseh2c,0.0,0.123842284,0.21486312,0.19261536,0.16866556
Kat5,0.0,-0.06926866,-0.10367919,-0.0570426,0.06668323
Rela,0.0,0.23360853,-0.076615304,0.1791364,-0.11846259
Sipa1,0.0,0.010466717,-0.16007748,0.22583252,0.26317516
Pcnx3,0.0,0.06217222,0.15153803,0.20561726,0.05345957
Map3k11,0.0,0.08533514,-0.10561783,0.13163432,0.017175928
Ehbp1l1,0.0,-0.019548953,-0.111789696,0.01840386,0.099516496
Fam89b,0.0,0.2122433,0.36048728,0.22786734,0.17286456
Znrd2,0.0,0.0942403,0.2304641,-0.060546324,-0.015647657
Ltbp3,0.0,0.14784308,0.25059363,0.22632281,0.23115978
Scyl1,0.0,-0.12534349,0.37415928,0.058656365,0.014784247
Malat1,0.0,-0.16755502,-0.38117352,-0.17295974,-0.09631951
Neat1,0.0,0.7736651,0.54187393,0.7801593,0.41565526
Frmd8os,0.0,0.07372045,-0.19827636,0.11102602,-0.0068978947
Frmd8,0.0,0.18073963,0.27871943,0.18495971,0.32820088
Slc25a45,0.0,-0.026275635,-0.007643902,-0.043934952,0.020074058
Dpf2,0.0,0.19784477,0.20284837,0.09195693,0.009913012
Gm42067,0.0,0.22068878,0.30732223,0.43125814,0.09058954
Cdc42ep2,0.0,-0.3317789,0.028231703,-0.25185356,-0.11071277
Pola2,0.0,-0.060287528,0.055612177,0.19464701,-0.20482317
Capn1,0.0,0.04122173,0.014972184,-0.08485805,0.24455258
Gm10814,0.0,-0.09956296,0.040758245,-0.0331639,0.0600729
Syvn1,0.0,0.03767627,-0.05899813,0.20829102,-0.113226436
Mrpl49,0.0,0.1883817,-0.02215936,-0.07730475,0.14776269
Fau,0.0,0.09318816,0.092178956,-0.37448508,0.13418028
Znhit2,0.0,-0.02855052,-0.060483105,-0.052660223,-0.108861
Tm7sf2,0.0,0.013274613,-0.16244188,-0.059297178,-0.051337365
Vps51,0.0,0.14414504,-0.17504,0.22121441,-0.16320018
Zfpl1,0.0,-0.11678006,0.17270996,-0.05067284,-0.14398673
Sac3d1,0.0,-0.004855007,0.2561344,-0.11094823,0.04800181
Snx15,0.0,-0.24900842,-0.30748537,-0.11190863,-0.04067008
Arl2,0.0,0.12659752,0.14700443,0.2085333,0.17822035
Batf2,0.0,0.11263348,-0.08740984,0.024369074,-0.0021746978
Ppp2r5b,0.0,0.15549438,0.2060839,0.11273973,0.2275406
Atg2a,0.0,-0.020786256,0.35261303,0.31923097,0.22152221
Gm14963,0.0,-0.030334989,0.047745623,-0.050547875,-0.079480335
Ehd1,0.0,0.021607887,-0.024651077,-0.27940503,-0.19111781
Cdc42bpg,0.0,0.14501591,0.34585324,0.2340008,0.10673638
Men1,0.0,-0.10407545,0.062085487,0.009648869,0.026128143
Map4k2,0.0,0.34893733,0.6036218,0.54282826,0.19881457
Gm14966,0.0,-0.34759307,-0.21859945,-0.07448656,-0.071385965
Sf1,0.0,0.3307857,0.111716025,0.20107602,0.05069782
Pygm,0.0,-0.08432313,-0.007561274,0.14758977,0.008596584
Rasgrp2,0.0,-0.09703976,-0.17099155,-0.11078325,-0.024618197
Nrxn2,0.0,-0.031995155,0.08119721,0.12797584,0.028641962
Gm14964,0.0,0.4489513,0.45710325,0.89945877,0.16937488
Rps6ka4,0.0,0.048941895,0.03323559,0.086376354,0.077167675
Ccdc88b,0.0,-0.054974418,-0.061245922,-0.02786322,-0.076754525
Prdx5,0.0,0.10643751,0.24596147,-0.05367121,0.19577917
Trmt112,0.0,0.23995806,0.17610916,-0.065538004,0.1280427
Esrra,0.0,0.059281334,0.18212287,0.39859608,0.16124552
Kcnk4,0.0,-0.1623507,-0.026927786,-0.13694327,-0.10103418
Gpr137,0.0,-0.012943402,0.008350208,0.11339004,-0.02026181
Bad,0.0,0.08257547,-0.028929241,0.11151528,0.0003395304
Plcb3,0.0,-0.018928196,0.079305485,0.028118141,-0.06300238
Ppp1r14b,0.0,0.39391804,0.5733875,0.7442509,0.38885793
Fkbp2,0.0,-0.123248085,-0.10202471,-0.24011892,-0.06320239
Vegfb,0.0,0.21311653,0.22190557,0.396083,0.09449886
Dnajc4,0.0,-0.27282813,0.0032797828,0.14598499,0.4128932
Nudt22,0.0,0.16536781,0.20595747,0.04155881,0.0676959
Trpt1,0.0,0.07123208,-0.08195926,0.03169377,0.062084116
Fermt3,0.0,-0.06118329,-0.16337115,0.29572615,-0.047102638
Stip1,0.0,-0.08979194,0.17166187,0.05384741,0.17871726
Macrod1,0.0,-0.01780586,0.25883642,0.17310144,0.24453339
AC109619.1,0.0,-0.16360134,0.15671374,0.11011274,-0.09752624
Flrt1,0.0,-0.56050634,-0.006336078,-0.18379718,-0.025096659
Otub1,0.0,0.2304422,0.15794645,-0.020771906,0.0934774
Cox8a,0.0,-0.052321635,-0.00015297532,-0.16514492,0.14764121
Naa40,0.0,-0.15690295,-0.030049942,0.18638684,-0.23640332
Rcor2,0.0,0.07605824,0.13168031,0.27111706,0.30236423
Mark2,0.0,-0.073380455,0.093940265,0.0382577,-0.04846616
Gm17227,0.0,-0.24927838,-0.24826562,-0.387765,-0.2750762
Spindoc,0.0,-0.10259193,0.06398358,0.13928461,0.0062238425
Gm50232,0.0,0.06555457,-0.16407073,-0.12679029,-0.21099088
1700105P06Rik,0.0,0.24064903,0.099600144,0.11546712,0.07378176
2700081O15Rik,0.0,0.13414918,0.25396797,0.5288985,0.16653207
Rtn3,0.0,0.025345147,0.06410158,0.05950454,0.009224549
Atl3,0.0,0.059175193,0.020781472,0.19545978,0.11356288
Plaat3,0.0,-0.0012801737,0.046317227,0.15437855,0.15330505
Gm41804,0.0,0.09919992,-0.029618058,-0.0014599301,-0.045086324
Slc22a8,0.0,0.10042242,0.09787831,0.02584076,0.07209679
Chrm1,0.0,0.06633419,0.06962282,0.18564174,0.0706439
Slc3a2,0.0,0.0034608394,0.15850505,0.30238062,0.23421988
Snhg1,0.0,0.19928955,0.03651818,0.019011542,-0.05530674
Wdr74,0.0,0.035699688,0.16158472,0.0015000403,0.107168175
Stx5a,0.0,-0.17586452,0.23228192,0.26108298,-0.002666846
Nxf1,0.0,0.17904924,0.12944318,-0.014796726,-0.052925475
Tmem223,0.0,-0.1054609,0.024909178,-0.21982099,-0.05013535
Tmem179b,0.0,0.008402836,-0.066895105,-0.07151285,0.03835179
Taf6l,0.0,0.31336614,0.22319558,0.30585468,0.34990495
Polr2g,0.0,0.15594466,0.056059197,-0.12842044,-0.06481998
Zbtb3,0.0,0.09079737,0.07514902,0.0046416186,0.011838868
Ttc9c,0.0,-0.30732352,-0.13765007,0.018174894,-0.23146385
Hnrnpul2,0.0,0.45134178,0.18468778,0.015465602,0.05816397
Gng3,0.0,-0.0563927,0.06440173,-0.38021737,0.099132575
Bscl2,0.0,-0.0151851475,0.22849323,0.19689724,0.091214426
Ubxn1,0.0,0.20499575,0.032516114,0.069159135,0.06868835
Uqcc3,0.0,-0.14141649,0.065567784,0.020070631,-0.13454
Lbhd1,0.0,0.090354145,-0.05994562,-0.058296543,-0.03648986
1810009A15Rik,0.0,0.12980452,-0.21252339,-0.028029647,-0.15228347
Ints5,0.0,0.023116194,0.106976196,0.035777047,0.21248648
Ganab,0.0,0.21004872,0.30083418,0.27561748,0.061059773
B3gat3,0.0,-0.22943732,-0.10017438,-0.18305042,-0.058576703
Rom1,0.0,-0.12884738,0.299401,0.0703586,0.013299942
Eml3,0.0,-0.18028502,0.015277075,0.15831897,0.043471374
Gm10353,0.0,-0.18304357,-0.48905528,-0.18789342,-0.3837691
Mta2,0.0,0.39166972,0.3484282,0.36345744,0.09498222
Tut1,0.0,-0.24753836,-0.036485784,-0.1536953,-0.023945145
Eef1g,0.0,0.095051676,0.1901811,0.050816588,0.05214808
Ahnak,0.0,-0.108532645,-0.17035465,0.07294568,-0.0873691
Asrgl1,0.0,0.033332586,0.13860084,0.15948191,-0.011867583
Gm9750,0.0,-0.21377674,-0.21778437,0.03872466,-0.20397606
Incenp,0.0,0.0009451732,0.111228175,0.0083545,0.11094299
Fth1,0.0,0.19028498,-0.054340206,-0.42381766,0.022503052
Best1,0.0,0.017544948,-0.060515847,-0.053619217,-0.07555827
Rab3il1,0.0,0.015423875,0.0279137,-0.02167818,-0.01289247
Fads3,0.0,0.08399425,0.035743505,-0.27243704,-0.27569
Fads2,0.0,0.03305076,0.13680626,0.22710823,0.09638824
Fads1,0.0,0.23668656,0.2699933,0.41840464,0.1754342
Fen1,0.0,0.049884435,-0.09928319,-0.046232592,-0.042286184
Tmem258,0.0,0.017822597,-0.055417083,-0.20531651,-0.27097714
Myrf,0.0,0.13706331,-0.006956637,0.09577138,-0.052004993
Dagla,0.0,0.045587614,0.018611096,0.059605807,-0.0050064623
Syt7,0.0,0.15915312,0.060825102,0.118781164,-0.052685454
Lrrc10b,0.0,-0.036780722,-0.020341966,-0.07481172,-0.06781882
Sdhaf2,0.0,0.09480669,0.20630345,0.11975621,0.12447649
Cpsf7,0.0,0.20058613,0.42846683,0.48518604,0.13930091
Tmem216,0.0,-0.08224275,0.12268191,0.07266313,0.14792031
Tmem138,0.0,-0.06497235,-0.07122673,-0.04750981,0.0017207246
Cyb561a3,0.0,0.10009427,0.0055667087,0.08938926,-0.016301759
Tkfc,0.0,-0.16069812,-0.008798538,0.14297278,-0.15501477
Ddb1,0.0,0.0520266,0.19261718,0.07527987,0.042454846
Vwce,0.0,-0.016038172,0.011296745,0.05372659,0.035304543
Vps37c,0.0,0.031986125,0.10077298,-0.083255365,-0.04737178
Slc15a3,0.0,-0.13720688,-0.12394804,-0.05797157,-0.04435974
Tmem132a,0.0,-0.030596271,0.24562772,0.39040154,0.061517254
Tmem109,0.0,-0.0057700574,0.1280294,-0.020919241,-0.031384096
Prpf19,0.0,0.40992203,0.48163724,0.2029453,0.15753734
Ccdc86,0.0,0.09771702,0.019016914,-0.21327859,0.0041170483
Ms4a6b,0.0,-0.046897735,0.06268308,-0.019416798,-0.014209694
Ms4a6d,0.0,-0.027889011,0.008244431,-0.037213616,-0.0767331
Mrpl16,0.0,0.17325675,0.17006212,0.14791444,-0.11570167
Stx3,0.0,0.055483878,0.032021694,0.2799808,-0.08501881
Patl1,0.0,0.053806156,-0.026356429,0.32343554,-0.1148866
Osbp,0.0,0.2038039,-0.121738605,0.09544612,-0.045826383
Mpeg1,0.0,-0.053807978,0.18585114,-0.014447078,-0.054357994
Dtx4,0.0,-0.007975504,0.25879472,0.289244,-0.08095141
A330040F15Rik,0.0,0.23465864,0.20863818,0.22871475,0.15496325
Fam111a,0.0,0.016409239,-0.08988406,-0.046508603,-0.08675513
Zfp91,0.0,0.3316598,0.3447634,0.09470591,0.005748108
Lpxn,0.0,0.10367365,-0.0021093208,-0.11548564,-0.06515665
Tle4,0.0,-0.2014781,-0.046356626,-0.1634852,0.016950835
Psat1,0.0,0.57837546,0.298017,0.25012007,0.15075931
Cep78,0.0,-0.17593351,-0.16765997,-0.23624854,-0.17849611
C130060C02Rik,0.0,-0.0809702,0.06813098,0.116661,0.023941047
Gnaq,0.0,0.0034085512,0.111873806,0.19464767,0.023321107
Gna14,0.0,0.030366732,-0.037788566,0.122129455,0.04945204
Vps13a,0.0,0.051080376,0.09877617,0.033471443,0.09487298
Prune2,0.0,0.1288737,0.067050025,0.06719034,0.05149544
Gcnt1,0.0,0.0264204,-0.016399674,0.06045682,0.08535056
Rfk,0.0,0.048282698,-0.29738927,-0.102816716,0.040146284
Pcsk5,0.0,0.32523307,0.24106804,0.483393,0.20359954
Ostf1,0.0,-0.1498484,0.01474401,-0.1673607,-0.05305827
Nmrk1,0.0,0.17248264,0.1684587,0.21746874,0.061518393
Carnmt1,0.0,-0.012330562,0.20163466,0.08594675,0.0055576414
D030056L22Rik,0.0,0.03406719,0.0017436873,-0.09923197,-0.06591577
Trpm6,0.0,-0.08014918,-0.015623845,0.15352942,-0.13185096
Rorb,0.0,-0.036142558,0.10859472,0.07467754,0.09684216
1500015L24Rik,0.0,0.011699934,-0.03540236,-0.0005839877,0.15731306
C730002L08Rik,0.0,0.37433118,0.024845842,-0.40221846,-0.2365604
Aldh1a1,0.0,0.023744278,-0.07304884,-0.07583585,0.1445565
Zfand5,0.0,0.16974914,0.11059456,0.075410835,0.110557534
Gda,0.0,0.26340732,-0.14930116,-0.20105425,0.017592695
1110059E24Rik,0.0,-0.06859968,-0.061015166,0.071723685,0.0007444918
Abhd17b,0.0,0.10561764,0.078639634,0.03340532,0.16312566
Cemip2,0.0,0.45264304,0.58730006,0.23095784,0.23833913
Trpm3,0.0,-0.23009647,-0.09115499,-0.14669147,-0.07488545
Gm27151,0.0,-0.22205186,0.117670864,-0.019446015,-0.373123
C330002G04Rik,0.0,-0.16253427,-0.004343247,0.12335106,-0.40470093
2410080I02Rik,0.0,-0.16997087,-0.20249172,-0.20697117,-0.0715946
Klf9,0.0,-0.100916535,-0.14420778,-0.18106331,0.031477664
Smc5,0.0,-0.026769146,0.056407128,0.082696095,0.02835533
Mamdc2,0.0,0.10360414,0.18399145,-0.2044121,0.058922365
1700028P14Rik,0.0,-0.04380142,-0.078879625,-0.029475346,-0.07350823
Ptar1,0.0,0.14387462,0.2025659,0.12493147,0.025933832
Apba1,0.0,0.26334682,0.20354633,0.18674792,-0.060059994
Fam189a2,0.0,0.030993477,0.081620246,0.3692621,0.15189876
Tjp2,0.0,-0.024771646,0.08210344,0.16762482,0.042222343
Fxn,0.0,0.2615561,0.26435953,0.1446791,0.1300667
Pip5k1b,0.0,0.3943547,0.18801326,0.2566481,0.104299545
Fam122a,0.0,0.12748288,-0.15412113,-0.18343432,0.04773699
Pgm5,0.0,-0.0003510816,-0.017307822,-0.012974633,0.020109659
Cbwd1,0.0,-0.3997406,-0.010268439,-0.08031825,-0.17121908
Dock8,0.0,-0.16107832,-0.22931302,-0.21492447,-0.17437528
Kank1,0.0,-0.3026754,-0.13149424,-0.1935452,-0.13933249
Smarca2,0.0,-0.11261462,0.035212092,-0.11754492,0.04845888
Gm20616,0.0,-0.21719457,-0.11017144,-0.49574196,-0.20455606
4931403E22Rik,0.0,0.09590336,-0.16549312,-0.14843774,-0.017752968
Gm35438-1,0.0,-0.17717974,-0.2024636,-0.16102678,-0.08672588
Vldlr,0.0,0.21741427,0.1382108,0.25676107,0.022435486
Kcnv2,0.0,0.031055879,-0.0062004915,-0.013312229,-0.02232157
Gm35554,0.0,0.06663306,-0.1672491,-0.11319914,-0.14934798
Pum3,0.0,-0.22604832,-0.19625984,-0.29065794,-0.32356662
Rfx3,0.0,0.018527552,0.041903928,-0.071208104,0.08417257
Glis3,0.0,-0.07581471,0.051705167,0.010213774,-0.23539816
Slc1a1,0.0,0.13388337,-0.081416585,0.29276112,-0.1455642
4430402I18Rik,0.0,0.0067662075,0.075403355,0.21470419,0.072282314
Plpp6,0.0,0.19244835,-0.19534701,0.0655989,0.041824445
Cdc37l1,0.0,0.19801214,0.12367812,-0.08484998,-0.05782938
Ak3,0.0,0.36868465,0.30357206,0.09874357,0.074240506
1700018L02Rik,0.0,-0.11262647,0.14283875,0.16240174,-0.057307936
Gm9895,0.0,-0.04496379,-0.011113698,-0.028634045,0.08417366
Rcl1,0.0,-0.13284525,-0.09390677,-0.052019693,-0.12381614
Jak2,0.0,0.08999546,0.1577748,0.05802255,0.114254914
Plgrkt,0.0,0.15147513,0.06990706,0.2387253,-0.044515207
Cd274,0.0,-0.22736327,-0.20311223,-0.31184375,-0.2640828
A930007I19Rik,0.0,0.02244668,-0.07690857,0.044076387,-0.021266412
Ric1,0.0,0.27491057,0.18939787,0.06548369,0.01501976
Ermp1,0.0,0.6475831,0.3135992,0.26655245,0.21129487
9930021J03Rik,0.0,0.10187797,0.157823,0.23554082,0.15384248
Ranbp6,0.0,0.37292916,0.20870309,0.10756172,0.025736317
Il33,0.0,0.22601509,0.2297629,0.119061485,0.23454744
Uhrf2,0.0,0.011655889,0.06561267,0.020357668,-0.0011124164
Gldc,0.0,-0.30622715,0.02760055,0.09393505,-0.34214652
Prkg1,0.0,-0.14449464,0.014923977,0.20275187,-0.3298007
Cstf2t,0.0,0.42262596,0.12541547,-0.07737756,0.2676498
Asah2,0.0,-0.0747228,-0.024302669,0.11010617,-0.1266387
Sgms1,0.0,-0.17814392,-0.02748781,-0.02740451,-0.12930425
2700046G09Rik,0.0,0.37020373,0.26467818,0.41063815,0.104345724
Rpl9-ps6,0.0,0.04038928,-0.079658225,-0.15798756,-0.17589195
Minpp1,0.0,-0.11392573,0.13521129,0.039203435,0.16302723
Papss2,0.0,0.064069316,0.40744776,0.4339459,0.16027102
Atad1,0.0,0.04088384,0.017737567,0.15753298,0.15830128
Pten,0.0,-0.098809086,0.02005548,-0.11456787,-0.020918777
Lipo3,0.0,-0.0024314076,-0.17960882,-0.24075522,-0.25470686
Stambpl1,0.0,-0.14933811,0.08348396,-0.022304818,-0.0071686804
Acta2,0.0,0.44352245,0.3300013,0.5749343,0.10611582
Lipa,0.0,0.0801958,0.10314626,0.17399225,0.056157626
Ifit2,0.0,-0.07365397,-0.07615837,0.14435567,-0.029686665
Ifit3,0.0,0.16251095,-0.12411136,0.023365505,-0.08131516
Ifit1bl1,0.0,0.04289216,0.038839817,-0.038668036,-0.015743589
Ifit1bl2,0.0,-0.049963478,0.03936086,0.011190856,0.024685191
Slc16a12,0.0,-0.04409934,-0.17314693,0.015555089,-0.059244454
Pank1,0.0,-0.10173267,0.019765615,-0.026847564,-0.15780346
Kif20b,0.0,-0.098817006,0.031542715,0.024509953,0.053084046
Gm41836,0.0,0.1111549,0.13560246,0.3179027,0.07957161
A830019P07Rik,0.0,0.012665153,0.21521328,0.22422916,0.0995178
Htr7,0.0,0.14373022,-0.07976573,0.028074536,-0.097122826
Rpp30,0.0,-0.32408682,-0.25799817,-0.2960565,-0.27884293
Pcgf5,0.0,-0.2577329,0.059620783,0.14947546,0.04383208
Hectd2,0.0,0.16534737,0.1449683,0.10978746,-0.06016495
Hectd2os,0.0,0.089389786,-0.0092712045,0.35597876,-0.15341982
Ppp1r3c,0.0,0.18239453,-0.027979113,-0.016829588,0.045007914
Tnks2,0.0,0.10062279,0.11675201,0.10347195,0.05995652
Fgfbp3,0.0,0.21614969,-0.0047296286,0.3455915,-0.08349751
Btaf1,0.0,-0.24358985,0.038455278,0.022968158,-0.021020696
Cpeb3,0.0,-0.17022198,-0.08626247,-0.023148693,0.041709784
A330032B11Rik,0.0,-0.19831955,-0.17649952,-0.244958,-0.13676555
March5,0.0,0.038144454,0.1374312,-0.036646634,0.13598196
Ide,0.0,0.021714233,0.106497094,0.0049054846,-0.13552357
Kif11,0.0,-0.033961095,-0.1661112,-0.054451935,-0.05337748
Exoc6,0.0,0.360481,0.22461788,0.3109914,0.097056225
Myof,0.0,0.037960988,-0.027746618,-0.040323276,-0.021488473
Cep55,0.0,0.009832503,0.056138933,0.032323793,-0.0031520687
Rbp4,0.0,-0.109304704,0.022120927,-0.036070075,-0.17568752
Fra10ac1,0.0,-0.27721456,-0.12334262,-0.26488292,-0.17162883
Lgi1,0.0,-0.054524764,-0.059001446,0.020897496,0.019920949
Slc35g1,0.0,-0.066869184,0.001797583,0.12876558,0.022262229
Plce1,0.0,-0.30251753,-0.1865882,-0.33135208,-0.059344396
Noc3l,0.0,0.24232568,-0.12433393,0.1798781,-0.16959785
Tbc1d12,0.0,0.037171684,0.08564086,0.1263523,0.073848896
Hells,0.0,0.05363629,-0.31401443,-0.12997532,-0.21087039
Cyp2c38,0.0,-0.051515296,-0.03682374,-0.033339076,0.066496246
Pdlim1,0.0,-0.53744423,-0.34087464,-0.24608317,-0.3921685
Sorbs1,0.0,-0.34183636,-0.10346851,-0.18119083,-0.17450699
A930028N01Rik,0.0,-0.511846,-0.32250485,-0.32986838,-0.123080455
Aldh18a1,0.0,0.07699028,0.10524798,-0.16824216,-0.17370011
Gm27042,0.0,-0.01341492,0.08421171,-0.0563404,-0.07882638
Tctn3,0.0,-0.15686253,0.24572004,0.18857832,-0.16719525
Entpd1,0.0,-0.11438398,0.028887242,-0.004272096,-0.13659701
Cc2d2b,0.0,-0.0020342171,-0.0149051305,-0.004804628,-0.01643388
Ccnj,0.0,0.04013607,0.13721511,0.058099773,-0.0835852
E030044B06Rik,0.0,0.041036956,0.028734762,0.028896924,0.049603216
Zfp518a,0.0,0.026873192,-0.12609239,-0.01939159,-0.02431844
Blnk,0.0,0.07700716,-0.021934211,0.008059902,0.037251804
Opalin,0.0,0.11521132,0.15806895,-0.12933663,-0.10009388
Tll2,0.0,0.036714625,-0.035283413,-0.004781056,0.02614623
Tm9sf3,0.0,0.33359942,0.099862665,0.118697375,0.07878116
Pik3ap1,0.0,-0.027860558,-0.01669808,-0.033549704,0.016610786
Lcor,0.0,-0.034166284,0.08511504,-0.020058267,0.08986616
Slit1,0.0,0.11186412,-0.23522677,0.22410043,-0.2088364
Arhgap19,0.0,-0.07436296,-0.10294819,-0.05709881,-0.15474246
Frat1,0.0,-0.010687336,0.2039584,0.06404245,0.082762346
Frat2,0.0,-0.09835468,0.20826927,0.09294614,0.07473208
Rrp12,0.0,0.050836228,-0.033181503,-0.04153403,-0.03726557
Pgam1,0.0,-0.005313389,0.16151288,-0.1779299,0.06265159
Exosc1,0.0,-0.17835754,-0.046640188,-0.1315909,-0.22901651
Zdhhc16,0.0,-0.1342879,-0.045546684,0.13750109,-0.10469707
Mms19,0.0,-0.2675563,-0.0048169866,-0.053336676,-0.22658281
Ubtd1,0.0,-0.08319521,0.21191533,-0.11438286,-0.107947305
Hoga1,0.0,0.14810374,-0.068349175,0.28255135,0.017584816
Morn4,0.0,0.017771088,0.14009623,-0.0036846772,0.061194185
Pi4k2a,0.0,0.11361802,0.20558357,0.21220493,0.03890474
Avpi1,0.0,0.0008989135,0.13128729,-0.31523794,-0.042327072
Marveld1,0.0,-0.10557069,0.23210704,0.24253216,0.15563448
Zfyve27,0.0,0.09120573,0.13969387,0.15307964,0.046670154
Golga7b,0.0,0.15034445,0.12341126,-0.066317484,0.18741384
Crtac1,0.0,0.11764486,-0.1722005,-0.18360254,-0.16047129
Gm34299,0.0,-0.008461745,-0.040242307,-0.0044804197,0.017171413
R3hcc1l,0.0,-0.38353342,-0.22450335,-0.24649104,-0.15740338
Gm16541,0.0,-0.47153175,-0.381346,-0.6501228,-0.3816414
Pyroxd2,0.0,0.14759178,0.12820224,0.08962086,0.00079036504
Hps1,0.0,0.1993036,0.32976058,0.23956375,0.17107609
Hpse2,0.0,-0.15221022,-0.091738984,-0.11805687,0.2197912
Gm47936,0.0,0.07241948,0.018991547,-0.00091313943,0.024662536
Cnnm1,0.0,0.21512873,0.13164216,0.21447372,-0.1258135
Got1,0.0,0.048777454,0.13902694,-0.23558806,0.23577133
Slc25a28,0.0,0.3781858,0.50487864,0.38337955,0.042312056
Entpd7,0.0,-0.029150877,-0.16611983,-0.18682325,-0.010470932
Cox15,0.0,-0.021534555,-0.27238703,-0.0865675,-0.36726096
Cutc,0.0,-0.12201548,-0.038804032,0.16859806,-0.0947672
Dnmbp,0.0,-0.0031482577,0.15738855,0.24611528,-0.14074907
Erlin1,0.0,-0.16413091,-0.23544763,-0.16597995,-0.13704208
Chuk,0.0,0.16826768,0.18081647,0.1379315,0.049872637
Cwf19l1,0.0,0.21330318,-0.12542844,0.10443425,-0.017550603
Bloc1s2,0.0,-0.23267734,-0.17779155,-0.14678453,-0.10078127
Pkd2l1,0.0,-0.09361387,-0.03931475,-0.042230867,-0.07500267
Scd3,0.0,-0.06509102,-0.08103101,0.104503065,0.006028465
Gm50323,0.0,-0.14947164,-0.036014438,-0.07266638,-0.09608295
Scd2,0.0,0.67873126,0.48731753,0.1646603,0.10332042
Scd1,0.0,0.28066012,0.32655823,0.114770874,0.30064297
Sec31b,0.0,0.05458249,-0.009654868,-0.048325956,0.07096991
Ndufb8,0.0,0.04184999,0.053107396,-0.2149344,0.16785818
Hif1an,0.0,0.18621077,-0.023259282,0.17526111,0.0933608
Slf2,0.0,0.002938006,0.11814961,0.034516416,-0.22644852
4930414N06Rik,0.0,0.12152634,0.059493825,0.17571437,-0.055494554
Sema4g,0.0,0.216461,0.25701958,0.40695703,0.17161855
Mrpl43,0.0,-0.0035512205,-0.1196144,0.0069984663,-0.06343142
Twnk,0.0,0.38337177,0.24620137,0.26074505,0.016135156
Lzts2,0.0,0.2547744,0.32087868,0.2853952,0.34018475
Pdzd7,0.0,0.055491365,-0.15183079,0.041916408,0.016326195
Sfxn3,0.0,0.11043076,0.038039383,0.08176751,-0.23744425
Gm35867,0.0,-0.016794227,-0.17323239,-0.05051191,-0.18438725
Kazald1,0.0,0.012687702,0.16318682,-0.025483161,0.031959493
Gm28578,0.0,0.07930468,0.022277983,0.06741823,-0.07376365
Btrc,0.0,0.018175006,0.1358988,0.18102129,0.035636097
Poll,0.0,0.0662356,-0.15947153,-0.09232149,-0.10691039
Gm17018,0.0,0.0042241663,0.1703981,-0.13684,-0.14248948
Fbxw4,0.0,-0.2100189,0.0004763538,-0.10800757,-0.018312134
Npm3,0.0,0.00011562556,0.05349835,0.16116801,-0.17844404
Oga,0.0,0.26343438,0.32112002,0.37758958,-0.004132539
Kcnip2,0.0,-0.052484848,0.016947083,0.3279483,-0.07398681
Armh3,0.0,-0.20549656,-0.1043817,0.024896728,-0.057815712
Gm50196,0.0,0.00037305057,0.07378219,0.17145914,0.0013639331
4930505N22Rik,0.0,-0.03131154,-0.003035456,0.28977272,0.16785759
Hps6,0.0,0.147631,-0.062293023,-0.0098723695,0.09743692
Ldb1,0.0,0.17322123,0.30587807,0.40489987,-0.1128308
Pprc1,0.0,-0.31825596,-0.10796253,-0.057290107,-0.14063933
Nolc1,0.0,0.13663773,-0.14477926,0.013303693,0.06846851
Gbf1,0.0,-0.22802003,-0.04822672,-0.24767956,-0.10790163
Nfkb2,0.0,-0.034976676,-0.11987555,-0.15748127,-0.049758166
Psd,0.0,0.085718095,0.081673115,0.036546163,0.10882189
Fbxl15,0.0,-0.06464726,0.2211338,-0.14203113,-0.049028028
Cuedc2,0.0,-0.008725703,0.312361,0.13577957,0.13771243
Mfsd13a,0.0,-0.028734505,0.028126623,-0.041574616,-0.23313752
2310034G01Rik,0.0,0.00034594536,0.030790616,-0.037974633,-0.068046935
Actr1a,0.0,0.020945229,0.109590076,0.0842057,0.027756736
Sufu,0.0,-0.24197033,-0.030014532,-0.09105232,-0.16024026
Trim8,0.0,-0.26511344,-0.020102741,0.16530092,-0.1850324
Arl3,0.0,-0.12058356,-0.00493221,0.013645306,0.043832466
Sfxn2,0.0,-0.14765178,0.32816607,0.08697224,-0.03551078
Wbp1l,0.0,-0.30710876,-0.07287851,-0.20755878,-0.19235225
Borcs7,0.0,0.08488233,0.13319516,-0.18543993,0.054181956
As3mt,0.0,0.2618319,0.49173057,0.5321672,0.31611165
Cnnm2,0.0,-0.21003602,-0.03355568,-0.20649149,-0.2079827
Gm50431,0.0,0.208619,0.02104932,0.14189903,-0.07244352
Nt5c2,0.0,-0.10160283,0.022024512,-0.1637609,0.03922735
Ina,0.0,0.41976804,0.010766357,-0.109032005,0.04870008
Pcgf6,0.0,0.22832048,0.15489104,0.22155155,0.05577144
Taf5,0.0,-0.017249972,0.10159484,-0.061747327,0.038663324
Atp5md,0.0,0.23908816,0.11446726,-0.23086467,0.14137588
Pdcd11,0.0,-0.14703712,-0.099395126,-0.18676141,-0.28690988
Calhm2,0.0,-0.030283317,-0.22414243,-0.38982028,-0.40504438
Neurl1a,0.0,-0.045651782,0.18298084,-0.06790693,-0.023369025
Sh3pxd2a,0.0,0.17817783,0.05955586,-0.07858462,0.043565594
Stn1,0.0,0.056365762,0.08463636,0.16142952,0.035377145
Slk,0.0,0.05303903,0.026153535,0.041782618,0.02108287
Gm16068,0.0,0.3650986,0.031116128,0.14069153,-0.14291951
Sfr1,0.0,0.3113591,0.1402095,-0.3271869,0.11279752
Cfap43,0.0,0.00369291,-0.1086203,0.14389151,-0.07724914
Gsto1,0.0,0.2569579,0.12961538,0.18943886,0.2367941
Gsto2,0.0,-0.28500354,-0.11169145,0.13352138,-0.03421002
Sorcs3,0.0,0.26431453,0.009912834,0.2864116,-0.27436528
Sorcs1,0.0,0.22001097,0.25314385,0.33884817,-0.2644716
Gm45352,0.0,0.0021267924,-0.024734057,-0.028998625,0.057566702
AA387883,0.0,-0.31866837,-0.14309277,-0.10951163,-0.20173126
Xpnpep1,0.0,-0.23004435,-0.094793916,-0.0909081,-0.11470179
1700054A03Rik,0.0,-0.058283173,-0.04573392,-0.04141982,0.09399791
Add3,0.0,-0.06819466,0.13062742,0.06484192,-0.06566745
Mxi1,0.0,-0.39203796,0.008416582,-0.176669,-0.10690361
Gm30541,0.0,-0.28743085,0.009368449,-0.122086026,-0.12471987
Smndc1,0.0,-0.024417244,0.023110682,-0.29860336,0.039358314
8030456M14Rik,0.0,0.23650405,-0.013877027,-0.020347312,-0.03751295
Dusp5,0.0,-0.005444728,-0.06325612,-0.09059916,-0.18281619
Nutf2-ps1,0.0,-0.14292288,-0.16932204,-0.17660752,0.035876416
Smc3,0.0,0.14075552,0.24352083,0.21786492,0.18210106
Rbm20,0.0,0.26603204,0.13457412,-0.11743423,-0.0077486485
Gm16299,0.0,-0.12943853,0.058929503,0.11899124,-0.13922688
Pdcd4,0.0,0.0831085,-0.18063131,-0.22208396,-0.34274673
Bbip1,0.0,-0.17694212,-0.119546615,-0.08025502,-0.037244387
Shoc2,0.0,0.2733704,0.14049032,0.18292321,0.110161014
4930484I04Rik,0.0,-0.068971865,0.028524317,-0.02362141,-0.122109294
Adra2a,0.0,-0.07423303,-0.01175374,-0.09072884,-0.19465888
Gpam,0.0,0.29686058,0.27032015,0.28741187,0.23772845
Gm31356,0.0,0.6694701,0.34738022,0.5152061,0.120343715
Acsl5,0.0,0.043795243,0.043316867,-0.006676428,0.11051217
Zdhhc6,0.0,-0.21404885,0.3008341,0.33374548,0.0012656003
Vti1a,0.0,-0.04533208,0.047504686,0.14196089,-0.06630503
Tcf7l2,0.0,-0.1516035,-0.16328327,-0.11716033,-0.040366713
Nrap,0.0,-0.12112483,-0.06346065,-0.12924263,-0.01865116
Casp7,0.0,-0.2704123,0.048820842,0.17737645,0.12977755
Dclre1a,0.0,0.31796452,0.058051586,0.13908663,0.14577776
Nhlrc2,0.0,0.07010036,0.054227687,0.14564322,0.042362757
Adrb1,0.0,-0.051374458,-0.13031855,0.04693933,0.028344793
Gm50100,0.0,-0.06935338,-0.1837434,0.12255087,0.085482135
Ccdc186,0.0,-0.004227698,-0.008834135,0.040764175,-0.03476757
Afap1l2,0.0,-0.3871781,0.09674969,-0.14143968,-0.13939506
Ablim1,0.0,-0.34034553,-0.14848045,-0.17967638,-0.15620486
B230217O12Rik,0.0,0.083942324,0.17450178,0.43520314,0.077126205
Gm50270,0.0,0.06618342,-0.09344585,-0.12396626,0.019229358
Fam160b1,0.0,-0.03725432,-0.0999349,-0.072230995,-0.1425567
Trub1,0.0,0.2132893,0.15916947,0.13548835,0.09860143
Atrnl1,0.0,0.15896782,0.06590376,0.112351604,-0.031686127
Gfra1,0.0,0.28038317,-0.13295263,0.085197866,-0.08311651
Hspa12a,0.0,0.2540924,0.27301311,-0.03299299,0.028493255
Eno4,0.0,0.10355988,-0.041664902,-0.01959595,-0.017641824
Shtn1,0.0,0.41035318,0.41665637,0.23654856,0.046619877
Slc18a2,0.0,-0.1416588,0.22106364,0.017655322,-0.28249967
Pdzd8,0.0,0.16136405,0.31322306,0.06124696,-0.037651166
Emx2os,0.0,0.100977615,0.061445333,0.008286171,0.13775791
Emx2,0.0,-0.06992342,-0.120331235,-0.04997655,-0.002085261
Gm17203,0.0,0.055390712,-0.07545815,0.10915011,0.15994203
Rab11fip2,0.0,-0.026186109,0.008126445,0.030383259,0.099227734
Gm4219,0.0,-0.04800761,0.014452204,-0.056611538,-0.084356114
E330013P04Rik,0.0,-0.043631814,0.052547786,-0.008480512,0.038230117
Fam204a,0.0,-0.019464586,0.011658305,-0.10994161,-0.011813581
Cacul1,0.0,-0.13136816,0.0012852736,-0.12164349,-0.195328
Gm46652,0.0,0.013401004,-0.06455704,-0.020308612,0.034109347
Nanos1,0.0,0.046511658,0.20772056,-0.23263429,-0.021989666
Eif3a,0.0,0.06227481,0.06287722,0.0153642,-0.027405486
Fam45a,0.0,-0.107900366,-0.0298785,-0.03335279,0.07487884
Sfxn4,0.0,-0.2994302,-0.07459125,-0.13856086,-0.29838437
Prdx3,0.0,-0.16270176,-0.043856908,-0.2543584,-0.111033484
Grk5,0.0,0.29431033,0.26033688,0.37343872,0.0665779
Zfp950,0.0,-0.002503112,0.08099453,0.1657094,0.031855054
Csf2ra,0.0,-0.05940099,0.14968377,0.32610798,-0.18177627
Gm26618,0.0,-0.13449362,0.0099927485,0.04961703,0.026374113
Nudt11,0.0,0.13008815,-0.07537573,-0.059143387,0.072021455
Nudt10,0.0,0.18351577,0.0065594427,0.11606446,-0.11968472
Shroom4,0.0,-0.099879615,0.083640516,0.01715571,-0.07793715
Clcn5,0.0,0.13001098,0.19701159,0.100988746,0.02229485
Usp27x,0.0,0.047740623,-0.269817,-0.00050725415,-0.1340822
2010204K13Rik,0.0,0.15125287,0.050041594,-0.003563799,0.21243005
Ppp1r3f,0.0,-0.041691124,-0.020673804,0.130458,-0.0687829
Ccdc22,0.0,0.09405429,0.11828432,-0.24398045,-0.14785507
Syp,0.0,-0.09793568,-0.06373714,-0.012315214,0.03860876
Gm14703,0.0,-0.035711728,0.12600027,0.23887947,-0.039273575
Prickle3,0.0,-0.035266068,-0.1336004,-0.10555227,-0.013451645
Plp2,0.0,-0.17094196,-0.1508964,-0.16686645,-0.14600198
Gpkow,0.0,-0.12433393,0.118166685,0.08273926,-0.07325919
Wdr45,0.0,-0.061378688,0.0025320314,-0.008734319,-0.08409266
Praf2,0.0,0.056704197,-0.22326638,-0.056093752,-0.068550296
Ccdc120,0.0,0.15134813,0.17475855,0.37708572,0.30632818
Tfe3,0.0,0.13662447,0.39552557,0.25615907,0.23205312
Gripap1,0.0,-0.018414132,0.056407914,0.045213185,0.012410805
Kcnd1,0.0,0.0042754393,-0.14970045,-0.07619042,0.005529413
Otud5,0.0,-0.01976385,0.18997918,0.11105943,-0.03942775
Pim2,0.0,0.14940672,0.1834498,0.39237195,0.015594363
Slc35a2,0.0,-0.075068064,-0.0032816455,-0.048226394,0.057819318
Pqbp1,0.0,0.07190561,0.13494292,-0.059289575,0.001931861
Timm17b,0.0,-0.038684055,0.013771981,0.16210735,0.08338345
Pcsk1n,0.0,-0.3820968,-0.32789627,-0.19457501,0.09315187
Hdac6,0.0,0.3304791,-0.0448718,0.14890523,-0.1144113
Glod5,0.0,-0.034687128,-0.054536313,0.035785075,-0.07344758
Gm14820,0.0,0.12269238,0.14648762,0.103306495,-0.07731011
Suv39h1,0.0,0.10072661,0.13979156,0.01997799,-0.099467754
Gm6787,0.0,0.037740957,-0.07380872,0.18012056,0.1014795
Wdr13,0.0,0.27576256,0.41279322,0.33944067,0.084273204
Rbm3,0.0,0.38002864,0.33935744,0.21274596,0.13638385
Tbc1d25,0.0,0.0415687,-0.13732207,0.12402258,0.20332737
Ebp,0.0,-0.06897978,0.07627937,-0.17379391,-0.1410569
Porcn,0.0,0.16340682,0.21136044,0.43718052,0.05545035
Ftsj1,0.0,-0.2725548,-0.20754111,-0.1784754,-0.31971955
B630019K06Rik,0.0,0.055647306,0.03263186,-0.26961043,-0.17395592
Lancl3,0.0,0.107116766,0.19771542,-0.074047856,0.11735843
Xk,0.0,0.20166779,-0.21361858,0.019048143,-0.016800214
Dynlt3,0.0,0.46349788,0.25548905,0.0507555,0.21709678
Sytl5,0.0,0.046600208,-0.03529588,0.044687375,0.15613917
Rpgr,0.0,0.059343453,-0.034447502,-0.1780513,-0.15822278
Tspan7,0.0,-0.033782452,0.22419205,-0.03363982,0.10862307
Mid1ip1,0.0,0.6310899,0.4028678,0.58500546,0.4059467
Gm14493,0.0,-0.07317935,0.083179325,-0.024517808,0.07084745
Bcor,0.0,-0.062147774,0.11141684,0.06218506,-0.029803872
Atp6ap2,0.0,0.06024223,0.008419409,0.15830643,0.1656966
1810030O07Rik,0.0,0.18520479,-0.011895999,0.41730353,0.012335449
Med14,0.0,-0.040811904,0.085260734,0.05431585,0.009323187
Gm14634,0.0,0.15204902,0.04470758,0.20219532,0.066020064
5730405O15Rik,0.0,0.11017954,-0.02250968,0.051387083,0.06409903
Usp9x,0.0,0.095153764,0.18782565,0.07208711,-0.0059987605
2010308F09Rik,0.0,0.04806009,-0.08439888,0.2566939,-0.07694106
Ddx3x,0.0,0.24873415,0.28734207,0.2777359,0.2736302
Cask,0.0,0.07258584,0.17036732,0.022304818,0.060982853
Gpr34,0.0,0.22075655,-0.10348886,-0.21119584,0.035393648
Maoa,0.0,-0.16168158,0.20581964,0.1356218,0.13261674
Maob,0.0,-0.07971298,0.05304026,-0.20228551,-0.060393736
Ndp,0.0,0.35743847,0.37044275,0.35896805,0.51613766
Efhc2,0.0,0.14849639,-0.028249256,0.0059967935,0.10671275
Fundc1,0.0,0.13522495,-0.051883657,-0.07936099,-0.033932295
Kdm6a,0.0,-0.08012587,0.14012906,0.03633245,0.022028193
Gm14636,0.0,-0.21826804,-0.042341657,-0.26270023,-0.22773507
Gm26652,0.0,0.24239603,-0.030813888,0.069705985,-0.022608876
Chst7,0.0,0.003701244,-0.076141186,0.03471437,-0.03241363
Slc9a7,0.0,0.21133275,0.2478282,0.1366716,0.13796149
Rp2,0.0,-0.23574317,0.08247139,0.067115545,-0.010959225
Jade3,0.0,0.09830176,-0.051806968,0.057879426,-0.10353853
Ndufb11,0.0,-0.11036254,0.019488703,-0.06103304,-0.12368029
Rbm10,0.0,-0.2637854,-0.052084643,-0.07546925,-0.19569828
Uba1,0.0,0.35625377,0.27836466,0.11551987,0.08315301
Cdk16,0.0,0.103984594,0.18994865,0.069341175,-0.09480812
Usp11,0.0,0.26103202,0.22116017,0.33595908,-0.05467713
Araf,0.0,0.008779496,-0.0896923,0.25273147,-0.012228511
Syn1,0.0,0.11529828,-0.16299069,-0.42898384,-0.18044649
Cfp,0.0,0.04625959,0.3044625,0.22436112,-0.09144443
Elk1,0.0,-0.058055904,0.1076316,-0.1242252,-0.13660747
Uxt,0.0,-0.3179894,-0.17103559,0.15093404,-0.08364527
A230072C01Rik,0.0,-0.29460657,-0.1885508,-0.17863812,-0.4676953
Zfp182,0.0,-0.10408597,-0.036329336,-0.045820035,0.12970465
Zfp300,0.0,0.03877594,-0.10956518,-0.2599791,-0.018134538
Klhl13,0.0,-0.113558285,0.10988862,-0.054458372,0.084533095
Wdr44,0.0,-0.060103055,-0.061175767,-0.038604107,0.114817575
Dock11,0.0,0.17118058,0.15898101,0.28742933,0.026689768
Il13ra1,0.0,-0.06769309,0.024203448,-0.09909093,-0.0076312497
Zcchc12,0.0,0.14935367,0.22450612,-0.016571343,0.311755
Lonrf3,0.0,0.08342899,0.0035317093,-0.010088995,0.0915995
Pgrmc1,0.0,-0.10651043,-0.138751,-0.17721787,0.075146966
Akap17b,0.0,-0.115744196,-0.073108256,0.066567324,-0.21643427
Slc25a43,0.0,0.192637,-0.013568312,0.26825482,0.001118131
Slc25a5,0.0,0.07527207,0.008528303,-0.13250065,-0.09780063
C330007P06Rik,0.0,0.104966685,-0.05866071,0.25968584,-0.080836795
Ube2a,0.0,-0.025504045,-0.0117679015,-0.11182987,-0.19293657
Nkrf,0.0,0.17170933,-0.040370625,-0.17323998,-0.17816271
Sept6,0.0,0.33511406,0.124586605,0.18849039,0.19989474
Rpl39,0.0,0.14779487,-0.097375244,-0.44868934,0.08022216
Upf3b,0.0,0.009582691,-0.025465935,0.18054414,-0.07013734
Nkap,0.0,0.0068793707,-0.1312817,-0.044825085,0.15848166
Akap14,0.0,-0.14837967,-0.071007036,-0.084822364,-0.10810141
Ndufa1,0.0,0.39192516,0.0128767565,-0.09587161,-0.036457866
Rnf113a1,0.0,-0.17933232,-0.20694056,-0.06319502,-0.2330986
Zbtb33,0.0,0.29813555,-0.18204957,0.05044364,0.09696281
Tmem255a,0.0,0.16019887,-0.11637917,-0.08063701,0.059255756
Lamp2,0.0,-0.1019845,-0.117277205,-0.16651437,0.062907964
Cul4b,0.0,0.19929448,0.24229263,0.34246698,0.22776097
Mcts1,0.0,-0.10746583,-0.05280099,-0.13212888,0.061941355
C1galt1c1,0.0,-0.22013949,-0.08556718,0.14310676,-0.008095402
Gm14643,0.0,-0.09709005,-0.039420184,-0.061497565,-0.07324278
Gria3,0.0,0.52946895,0.25785524,0.36483836,-0.11314273
Thoc2,0.0,0.020000406,0.10199444,0.07222997,-0.035070732
Xiap,0.0,-0.026840042,-0.013388436,-0.112305745,0.0010651797
Stag2,0.0,0.08714483,0.13779339,0.044882454,0.049494535
Sh2d1a,0.0,0.14963408,0.032006644,-0.029008042,0.056648165
Tenm1,0.0,0.39255267,0.23610687,0.39661744,-0.09504235
Dcaf12l1,0.0,0.2372753,0.049206827,-0.09185214,0.045822155
Smarca1,0.0,0.45540857,0.08863887,0.3670434,0.16887307
Ocrl,0.0,0.037329506,0.034281123,-0.13246177,-0.04260318
Apln,0.0,-0.03067336,-0.041701667,-0.22765714,0.06345263
Zdhhc9,0.0,0.42141926,0.26781705,0.16397819,0.23771226
Utp14a,0.0,-0.20518462,0.02517055,0.12496325,0.05234685
Bcorl1,0.0,-0.06220392,0.1018012,0.18802395,-0.09708261
Elf4,0.0,-0.1624863,-0.19413862,-0.1546093,-0.0072512254
Aifm1,0.0,-0.038943175,-0.09588929,-0.07624164,-0.106658086
Rab33a,0.0,0.15921888,0.008911505,-0.03369149,0.06954646
Zfp280c,0.0,0.0803633,-0.047368772,0.04115675,-0.047833808
Slc25a14,0.0,0.12678896,0.18487713,0.111306466,0.20950863
Rbmx2,0.0,0.0151310675,0.017379213,0.028455213,0.063056625
Enox2,0.0,-0.07511633,0.02396065,0.048770025,-0.030540735
Firre,0.0,0.33308583,0.302208,0.37552512,0.064297065
Stk26,0.0,-0.18622415,-0.107897945,-0.073948555,-0.0011311583
Frmd7,0.0,-0.010838308,-0.0011652717,0.0014431402,0.02637963
Rap2c,0.0,0.046312913,-0.004325088,-0.04491457,-0.11916754
Hs6st2,0.0,0.16537184,-0.0028196946,0.059748217,-0.20319405
Usp26,0.0,-0.014763975,-0.03243557,-0.0161592,-0.022317214
Gpc4,0.0,0.21688145,0.4184574,0.13281772,0.01413022
Gpc3,0.0,-0.015385859,-0.12469369,0.13741983,-0.06627059
Gm14582,0.0,-0.016383816,-0.028339475,0.012372762,0.02011555
A630012P03Rik,0.0,-0.0069133323,-0.024740905,-0.05076972,-0.028532345
Ccdc160,0.0,0.04630407,-0.030976437,-0.09589308,0.07937649
Phf6,0.0,0.027809605,0.22468027,0.049986012,0.075018264
Hprt,0.0,-0.025060298,-0.17351091,-0.16720448,-0.14457911
C430049B03Rik,0.0,0.06058764,-0.03256447,-0.018761689,0.015265101
Fam122b,0.0,0.12845245,-0.0061951242,-0.09776502,0.059045136
Mospd1,0.0,0.12972534,0.26439312,0.18377298,0.33151644
Rtl8a,0.0,-0.19850884,-0.14679633,-0.14915149,0.12776339
Rtl8b,0.0,0.0147572495,-0.21211044,-0.17555685,-0.14559865
Zfp449,0.0,0.31191897,-0.035537735,0.042406343,0.12067916
Smim10l2a,0.0,0.10116877,-0.01822951,0.025189875,0.0019518435
Ints6l,0.0,0.071327396,0.2801013,0.22277896,-0.012401074
Mmgt1,0.0,-0.008674294,-0.27403268,-0.33083758,-0.188987
Slc9a6,0.0,0.17377962,0.11214443,0.1981626,0.2895264
Fhl1,0.0,-0.057401314,0.22458868,-0.04392472,0.007606812
Htatsf1,0.0,0.25701958,0.19469218,0.055129185,0.13548401
Arhgef6,0.0,0.2467328,0.2538746,0.3637797,0.2522176
Rbmx,0.0,0.23514105,0.2558029,0.14633076,0.012146249
Fgf13,0.0,0.23399912,0.17133267,0.2598551,-0.05363469
Mcf2,0.0,-0.06286607,-0.17292422,-0.15387425,-0.18390194
Atp11c,0.0,0.008491859,0.12946786,0.100004666,0.050450288
Cdr1os,0.0,0.4773022,-0.023362964,0.19701155,-0.12961356
Cdr1,0.0,-0.10680495,-0.13182507,-0.16396451,-0.05029627
Slitrk4,0.0,0.099437825,-0.03463941,-0.034361526,0.040772934
Slitrk2,0.0,0.12568474,0.08474858,0.053037204,0.1424406
Fmr1,0.0,0.090878025,0.12852614,0.07167649,-0.05597344
Aff2,0.0,0.1885812,0.10012446,0.18192731,-0.07575232
1700111N16Rik,0.0,0.028069787,0.06734158,0.090886995,0.052365582
Ids,0.0,0.47490627,0.03552459,0.17986962,0.24699493
1110012L19Rik,0.0,0.07726802,-0.09950009,-0.16707213,0.0060986304
Tmem185a,0.0,-0.10256151,0.035762396,-0.21543235,-0.104950696
Mamld1,0.0,0.23241171,0.25730807,0.13635404,0.13153128
Mtm1,0.0,0.08749689,0.14741191,0.19507158,-0.10818192
Mtmr1,0.0,0.2287305,0.26445243,0.432108,0.14690667
Cd99l2,0.0,-0.050702132,-0.001808025,0.037363786,0.014546461
Gm16189,0.0,0.10749202,0.04625594,0.062710255,0.14486033
Hmgb3,0.0,0.2865132,0.15156665,0.06478893,0.15588266
Vma21,0.0,0.05213407,-0.0016673952,0.087429345,-0.030434392
Prrg3,0.0,0.20515004,-0.05014235,0.032290332,-0.11522882
Fate1,0.0,-0.014107053,-0.024035472,-0.01992745,-0.00607201
Gabra3,0.0,0.7201359,0.49743542,0.5783905,0.47431594
Cetn2,0.0,0.44400436,0.034549385,-0.072146446,0.3068991
Nsdhl,0.0,0.18429387,-0.04171867,-0.051292606,0.14001432
Pnma3,0.0,0.3548156,0.12399177,0.027714089,-0.055109054
Xlr3a,0.0,0.017588768,0.0076886043,0.14888942,-0.05093381
Xlr5a,0.0,-0.13301228,-0.063735865,-0.09596029,-0.0764776
F8a,0.0,-0.059974756,-0.23017271,-0.17619613,-0.13550442
Zfp275,0.0,0.030369055,-0.1239819,-0.04509047,-0.01401923
Zfp92,0.0,-0.06221937,-0.10340664,-0.06583436,-0.016980791
Haus7,0.0,0.102232076,0.014040485,0.28528827,0.07923328
Atp2b3,0.0,0.3925167,0.0074072927,0.0862062,-0.029357791
Pnck,0.0,0.18746713,0.24360064,0.010340422,0.17225088
Slc6a8,0.0,0.4119336,0.47425807,0.34694105,0.282093
Bcap31,0.0,-0.02838049,0.038322344,0.0552262,-0.018276788
Abcd1,0.0,-0.16490267,0.13863389,0.17047586,-0.22706853
Plxnb3,0.0,0.14243938,-0.019700978,-0.09238276,0.0052300207
Srpk3,0.0,-0.02291549,-0.03775946,0.42388242,0.028562956
Idh3g,0.0,0.20593256,0.5394752,0.10947737,0.23017293
Ssr4,0.0,-0.06958194,0.1316259,0.057129808,0.18137382
Pdzd4,0.0,-0.16925742,-0.0333622,0.058863856,-0.22890934
Gm14817,0.0,-0.077868,-0.14837916,0.059013635,-0.03731101
L1cam,0.0,0.18875001,-0.08466022,0.022797124,-0.20720454
Arhgap4,0.0,-0.21666989,-0.08252033,-0.0727337,0.013791546
Naa10,0.0,0.20090368,0.37578157,-0.05945535,0.031666264
Renbp,0.0,0.0024951827,-0.21023549,0.056535773,-0.002156007
Hcfc1,0.0,0.2977274,0.056641676,0.093355104,0.026801586
Irak1,0.0,-0.19783509,-0.1507811,0.1765807,-0.15665525
Mecp2,0.0,-0.08543164,0.04810933,-0.050689705,-0.058731385
Opn1mw,0.0,-0.04888332,-0.04744278,-0.042108633,-0.031633884
Flna,0.0,0.3949607,0.075020954,0.38353577,0.27907288
Emd,0.0,-0.13276453,0.058898423,-0.17727938,-0.10419701
Rpl10,0.0,-0.025118815,0.05973147,-0.36686558,0.11177259
Dnase1l1,0.0,-0.19583556,-0.3114713,0.09075656,-0.13795385
Taz,0.0,-0.04676891,0.09903204,0.11581972,-0.009657726
Atp6ap1,0.0,0.09654969,0.17439988,0.26030973,0.14891176
Gdi1,0.0,0.6483686,0.45419025,0.28925163,0.22097036
Fam50a,0.0,-0.051707245,0.04791522,0.12931754,-0.119723134
Plxna3,0.0,0.008722216,0.2972137,0.60445,0.16962406
Lage3,0.0,0.07653654,0.12779818,0.25293785,0.068906516
Ubl4a,0.0,0.22358966,0.2131992,-0.087495625,-0.090785876
Slc10a3,0.0,0.06527265,-0.042953886,0.11581749,0.25792518
Fam3a,0.0,0.09335812,0.34301785,0.1670562,0.19275601
Ikbkg,0.0,-0.14862968,-0.046624485,-0.13532554,0.038238343
G6pdx,0.0,0.14732257,0.060365885,0.2756999,0.1974819
Gab3,0.0,-0.05976654,0.04069759,-0.29874736,0.08289494
Dkc1,0.0,-0.043153226,-0.017940313,0.1683138,-0.00016304106
Mpp1,0.0,-0.12927926,-0.05811073,-0.07176865,0.015100366
F8,0.0,-0.22929513,-0.29726425,-0.12607384,-0.16898853
Fundc2,0.0,0.17263027,-0.17984551,-0.17622921,-0.10635041
Cmc4,0.0,0.16875723,0.07564101,0.06002392,-0.08261639
Mtcp1,0.0,0.0077634733,-0.033776995,-0.024750464,-0.06237403
Brcc3,0.0,0.01955695,0.016938847,-0.025463693,0.067691736
Vbp1,0.0,0.3018367,-0.028841026,-0.12847474,-0.0012463108
Rab39b,0.0,0.25312644,0.07409584,-0.20507954,-0.06642835
4933407K13Rik,0.0,0.115035534,0.0046602488,0.1083923,0.07055645
Pls3,0.0,6.8463385e-05,0.123597786,-0.1069257,0.046646133
Tbl1x,0.0,-0.013935477,0.18752861,0.047393218,-0.025980964
Prkx,0.0,0.38688534,-0.1173861,0.22912839,0.06936138
Prrg1,0.0,0.13534899,0.34520668,0.1920767,0.20202403
Cfap47,0.0,0.099194095,-0.060284317,0.09125404,-0.11912121
Tmem47,0.0,-0.0039649457,0.14239293,0.02161102,0.16978423
Dmd,0.0,-0.022504255,0.024545945,0.035775095,0.051183745
Tab3,0.0,0.07970374,0.013782263,0.07810248,0.06276358
Gk,0.0,0.16838226,0.14032336,0.06740357,0.0568991
Il1rapl1,0.0,0.12320952,0.056151673,0.09435919,0.10779808
Mageb18,0.0,0.04153288,-0.028803257,0.0028870488,-0.033304818
Pola1,0.0,-0.052751105,0.05830599,-0.028536823,0.011051569
Pcyt1b,0.0,0.107308924,0.27801937,0.2965028,0.2993534
Pdk3,0.0,0.011709403,-0.04495033,0.026514878,0.05010923
Gm14798,0.0,-0.2530551,-0.26917958,-0.36378053,-0.34576678
Zfx,0.0,-0.23088682,-0.07438601,-0.27911532,-0.105645455
Eif2s3x,0.0,0.10215277,0.06375213,0.032680653,-0.0345719
Klhl15,0.0,0.0054164752,-0.036268014,0.0069117136,0.004123185
Apoo,0.0,0.04604806,0.01185495,0.04137707,-0.06365558
Gm14827,0.0,0.11913174,0.07864234,0.4474949,0.28034818
Maged1,0.0,0.12264305,0.39281958,0.26273668,0.26135173
Gspt2,0.0,0.061220765,0.06279043,-0.1672433,-0.12711976
Zxdb,0.0,0.26205915,-0.0060391575,0.06441341,0.18091922
Gm39526,0.0,0.12037497,0.12208435,0.035434954,0.14255443
Arhgef9,0.0,-0.02640339,-0.01689697,0.017242856,-0.11024524
Amer1,0.0,0.11094616,0.07521023,-0.03992007,0.059599638
Asb12,0.0,-0.09988822,-0.15055445,-0.126004,-0.084205985
Zc4h2,0.0,0.022583216,-0.09926413,-0.051956095,-0.07711513
Zc3h12b,0.0,-0.25996402,-0.1936904,-0.030752435,-0.08875513
Las1l,0.0,0.76717156,0.44553497,0.60762954,0.05556467
Msn,0.0,0.07560225,0.23542538,0.45319515,0.4142223
Heph,0.0,-0.36046988,-0.43004692,-0.5096867,-0.2128177
Gpr165,0.0,0.06536801,-0.06911303,-0.15293808,-0.21182574
Ar,0.0,0.10848831,0.24805735,0.17831679,0.37173563
Ophn1,0.0,-0.18709874,0.056801908,-0.0081499815,0.014764179
Yipf6,0.0,-0.07987076,-0.17010802,-0.15461059,-0.1304275
Stard8,0.0,-0.024628311,0.1367845,0.063621685,-0.04434798
Efnb1,0.0,-0.117623,0.088823885,-0.07547807,-0.052785113
Pja1,0.0,0.20405176,0.0946929,-0.12302066,0.10907487
Tmem28,0.0,0.015411617,-0.07160287,-0.23176946,0.003920488
Eda,0.0,0.10533007,-0.004894167,0.13760118,-0.032716833
Awat2,0.0,-0.0053447867,-0.08170619,-0.07450553,-0.03716819
Igbp1,0.0,-0.025399517,0.0033410266,0.03362276,-0.065101
Pdzd11,0.0,0.027611073,0.019106634,-0.02394776,0.11258608
Kif4,0.0,0.026081875,-0.11214959,0.09988177,0.06274422
Gdpd2,0.0,0.7620904,0.67147076,0.53046185,0.045513064
Dlg3,0.0,0.15335676,0.1601811,0.07228245,0.22718349
Tex11,0.0,0.2656891,0.05781605,0.12723365,0.16872622
Slc7a3,0.0,0.18348938,0.06492621,0.21421933,-0.032906443
Snx12,0.0,0.21284613,-0.063199505,0.12333737,0.068634555
Foxo4,0.0,0.01872792,0.06523733,0.08594627,-0.122309625
Med12,0.0,0.66458046,0.43962538,0.39396372,0.37715152
Nlgn3,0.0,0.13082656,0.14160867,0.34584707,-0.03526993
Gjb1,0.0,0.50347495,0.23607236,0.0045906603,0.28035122
Zmym3,0.0,0.3492004,0.16588783,0.3540029,-0.07892229
Nono,0.0,-0.050761666,0.03010221,-0.051635694,-0.033084493
Itgb1bp2,0.0,0.02909058,0.075743385,0.07805113,0.0979164
Taf1,0.0,0.2594216,0.063449524,0.2576721,-0.021433443
Ogt,0.0,0.030308023,0.12032324,0.13011794,0.06623028
Gm4779,0.0,-0.13141055,-0.1697065,-0.12039045,-0.15538251
Nhsl2,0.0,0.4624468,0.16086625,0.43409163,0.16199021
Rtl5,0.0,-0.10207848,-0.17508656,-0.1434049,-0.038570046
Pin4,0.0,0.0012583509,0.09605881,-0.37574762,0.05828827
Rps4x,0.0,0.09649938,-0.09520908,-0.29511946,0.11230884
Gm14858,0.0,-0.10660934,0.018357642,-0.00383858,-0.03931564
Hdac8,0.0,0.007659033,0.1073369,0.2075575,0.097587176
Phka1,0.0,-0.00514476,0.041511238,-0.045248494,0.03941772
Dmrtc1a,0.0,-0.03952206,-0.030451648,0.030194283,0.11463546
Nap1l2,0.0,0.25010154,0.06773609,-0.20479953,0.14832434
Chic1,0.0,0.1424739,0.02771227,-0.10304191,0.041981608
Gm26952,0.0,0.155022,-0.26198632,-0.050965447,-0.14021057
Tsx,0.0,0.026568647,-0.042151418,-0.04477128,0.120983124
Tsix,0.0,-0.04552017,0.02506448,0.018395714,0.036300376
Jpx,0.0,-0.13055837,-0.15626484,0.18393101,-0.003581304
Ftx,0.0,-0.100355536,0.06465612,0.018561453,-0.20183323
Slc16a2,0.0,0.34075555,0.13225871,0.27182755,0.34760058
Rlim,0.0,0.02124016,0.04941108,0.20344564,-0.02836939
Nexmif,0.0,0.25474173,0.19304849,0.09608771,0.08437291
Abcb7,0.0,-0.16688095,0.0059842244,0.027564814,-0.09713031
Uprt,0.0,0.18188465,0.07664635,0.15156108,0.36802596
Zdhhc15,0.0,-0.20851699,-0.1358916,-0.14534496,-0.36568427
Magee2,0.0,0.22557059,0.067890495,-0.15738422,0.08206226
5530601H04Rik,0.0,-0.2940986,-0.08707024,-0.20976143,-0.2278361
Pbdc1,0.0,-0.0043186247,0.13627797,-0.13001464,0.028697375
Magee1,0.0,0.11629209,0.12827197,0.13454998,0.0649596
5330434G04Rik,0.0,0.2713882,0.24253935,0.485299,-0.008030385
Atrx,0.0,0.11738996,0.22003852,0.19344977,0.12485982
Magt1,0.0,-0.29674292,-0.21418624,-0.23224491,-0.15434432
Cox7b,0.0,-0.027123176,-0.013937503,-0.24789993,0.24082564
Atp7a,0.0,-0.29867297,-0.06496328,-0.22518647,-0.0036950596
Pgk1,0.0,-0.13872024,0.07394981,-0.23338926,0.12081355
Taf9b,0.0,-0.036647297,-0.041269705,0.12219788,-0.0353337
Cysltr1,0.0,-0.08948964,0.012997098,-0.12966646,-0.0815205
Itm2a,0.0,0.15813187,-0.028138235,0.43879688,0.23723772
2610002M06Rik,0.0,0.5575682,0.18451378,-0.0052197278,0.27605286
Tent5d,0.0,0.26876307,-0.11481772,0.042312175,-0.16036041
Brwd3,0.0,-0.128514,-0.075739816,-0.081041954,-0.10732565
2810403D21Rik,0.0,-0.05197059,-0.09549477,0.12925375,-0.30112177
Hmgn5,0.0,0.054812443,0.10085435,0.017851233,0.10980789
Sh3bgrl,0.0,-0.05913174,0.19016111,0.18896745,0.20474198
Gm44593,0.0,0.15778795,0.017187,0.22658096,0.21524893
Pou3f4,0.0,-0.17511505,-0.13224405,-0.03006126,-0.096000105
Rps6ka6,0.0,-0.13899405,-0.013929123,0.07776183,-0.071994156
Hdx,0.0,0.104920104,-0.09780778,0.03037306,0.054018814
Apool,0.0,0.28015453,0.2748933,0.26276425,0.12864122
Zfp711,0.0,0.111449,0.112949565,0.14088614,0.38166523
Chm,0.0,0.09029061,0.11214561,0.008709237,-0.0931225
Dach2,0.0,0.08687826,0.013657123,0.011045836,0.16079944
Klhl4,0.0,0.16505957,-0.26106235,-0.043861274,0.12371959
Pabpc5,0.0,0.10742824,0.042574253,-1.8723309e-05,0.022870008
Pcdh11x,0.0,0.052874796,-0.0032344311,-0.02937068,0.14812
Nap1l3,0.0,0.05645757,-0.09866222,-0.39563578,-0.11871749
Cldn34c1,0.0,0.014032915,0.17217372,0.17115873,0.1744414
Diaph2,0.0,-0.027868167,-0.030973323,-0.060904726,-0.006963372
Pcdh19,0.0,0.098619595,0.40133458,0.2549721,0.2017633
Tspan6,0.0,0.030224988,-0.06931286,-0.028796652,-0.19481136
Cstf2,0.0,0.3848793,0.032576963,0.12519784,-0.065252215
Nox1,0.0,0.07095539,-0.016746104,0.37174317,0.051644847
Arl13a,0.0,0.003370745,-0.10065727,0.033799313,0.024701156
Trmt2b,0.0,0.09127437,0.11267653,0.044319116,-0.096410625
Tmem35a,0.0,0.20679235,0.18232949,0.2970381,0.033426538
Cenpi,0.0,-0.046524882,-0.06458428,-0.09197862,-0.014063258
Drp2,0.0,-0.08112423,0.06001434,0.05695304,-0.18019924
Taf7l,0.0,-0.05258617,-0.16631736,-0.12974626,-0.24794783
Timm8a1,0.0,0.14768547,0.086471744,0.015924446,-0.052820057
Btk,0.0,-0.01026104,-0.019114312,-0.03471821,-0.024952376
Rpl36a,0.0,0.5045397,0.44208455,0.17154694,0.24897152
Gla,0.0,0.2617931,0.26017365,0.34188014,0.09726709
Hnrnph2,0.0,0.07585844,-0.097117335,-0.07731247,0.09916291
Armcx4,0.0,0.4465878,0.20563637,0.2863593,0.15336546
Armcx1,0.0,0.40045878,0.11477874,0.14442372,0.3207969
Armcx6,0.0,0.033292744,-0.13569845,-0.06392692,-0.021945557
Armcx3,0.0,0.22141062,0.27313834,0.30057803,0.15747845
Armcx2,0.0,0.13134155,0.07961892,-0.051551066,0.09685472
Zmat1,0.0,0.29002246,0.016433164,0.08356112,0.034756124
3632454L22Rik,0.0,0.14353955,0.093359835,0.03004098,0.12765853
Tceal6,0.0,0.33042356,0.028983973,-0.21001416,0.18027394
Armcx5,0.0,0.17838842,0.02676507,0.18313166,0.040092595
Gprasp1,0.0,0.096966274,0.03907168,-0.06372082,-0.047213927
Bhlhb9,0.0,-0.02112339,-0.08633359,0.06884808,-0.08242741
Gprasp2,0.0,0.09117133,0.08981623,-0.014724813,0.03387074
Arxes2,0.0,-0.18286322,-0.022488633,-0.07589273,0.015267553
Arxes1,0.0,-0.27595463,-0.15094857,-0.12866348,-0.013395365
Bex2,0.0,0.24612315,0.09246121,-0.32650673,0.1782572
Bex4,0.0,0.14433248,0.3366577,-0.043209493,0.18712056
Tceal8,0.0,-0.07793681,-0.06493287,-0.08146377,-0.020447616
Tceal5,0.0,0.35084695,0.13722472,0.011573404,0.15208057
Bex1,0.0,0.18972756,0.12225372,-0.19499514,0.24853224
Tceal7,0.0,9.8138116e-05,0.071160026,0.003032499,-0.055860016
Tceal9,0.0,0.50877637,0.21333197,-0.18599845,0.23755477
Bex3,0.0,0.243219,0.24268858,-0.12823609,-0.02859646
Tceal3,0.0,0.4649906,0.18625183,-0.20439082,0.06501351
Tceal1,0.0,0.03828613,-0.20557766,-0.20234509,-0.15273765
Morf4l2,0.0,0.14173986,0.16222596,0.03289646,0.04009737
BC065397,0.0,0.13852349,0.07542131,0.09371087,0.051558763
Plp1,0.0,0.52693754,0.13173254,0.10251704,0.22014757
Rab9b,0.0,0.11105619,0.094622314,-0.054712903,-0.078138605
Tmsb15b2,0.0,0.08810842,0.03836606,-0.13564423,0.11192295
Tmsb15b1,0.0,0.032323793,-0.17374319,-0.18448481,-0.17398381
Slc25a53,0.0,0.039744087,0.011110466,0.18204743,-0.1771839
Zcchc18,0.0,0.113801315,0.11479577,-0.120573066,-0.0195897
Fam199x,0.0,0.028513456,0.033279117,-0.08508709,-0.01976156
Il1rapl2,0.0,0.14250618,-0.041357808,-0.02030678,-0.29680055
Pwwp3b,0.0,0.33267546,-0.083204076,-0.11764759,-0.03943777
Rnf128,0.0,0.15402493,0.10404939,0.18464455,-0.1303246
Tbc1d8b,0.0,0.031905986,-0.02773909,-0.1100723,-0.016373953
Morc4,0.0,0.058416158,0.20143257,-0.0007635802,0.05116694
Rbm41,0.0,-0.10885705,0.042651694,-0.12377027,-0.17426711
Gm15046,0.0,-0.019082673,-0.04693106,-0.030453801,-0.012581071
Frmpd3,0.0,-0.04212141,-0.048856813,-0.111745745,-0.034186333
Prps1,0.0,0.060816802,0.021758836,0.040615827,-0.013844438
Tsc22d3,0.0,-0.44115514,-0.2439889,-0.53857434,-0.18263249
Mid2,0.0,-0.053684853,0.10919093,0.09312482,-0.056849144
Psmd10,0.0,0.11133456,-0.07491494,-0.13036624,-0.0054823174
Atg4a,0.0,0.29843685,0.11960991,0.4495175,0.15100065
Col4a6,0.0,-0.014768947,0.06525617,0.025197942,0.029203288
Col4a5,0.0,-0.18696477,0.07372486,-0.03851552,0.07881955
Gucy2f,0.0,0.11868104,-0.17282027,0.14655344,0.14865214
Nxt2,0.0,0.17126527,-0.20131749,0.039403323,0.050087243
Acsl4,0.0,0.14842895,0.14028989,0.07341909,0.047422282
Tmem164,0.0,-0.22076271,0.084186316,0.01434239,0.056428075
Ammecr1,0.0,0.2663223,0.20693915,0.34370428,-0.013779312
Chrdl1,0.0,0.016238827,-0.03808121,-0.011358764,0.15361299
Pak3,0.0,0.44671333,0.22288439,0.08033556,0.10752693
Capn6,0.0,0.029748574,-0.10431641,0.027415382,0.09281173
Dcx,0.0,-0.07315162,0.086232185,0.25770545,-0.17970702
Alg13,0.0,-0.14447257,-0.2880382,0.064161375,-0.0852988
Trpc5,0.0,0.33689058,0.06432664,0.09407096,0.16606377
Trpc5os,0.0,-0.0026725377,0.006086667,-0.002352646,-0.033028875
Rtl4,0.0,-0.1550462,-0.1576018,-0.17511961,-0.086260006
Amot,0.0,-0.00526312,0.10504997,0.005649343,-0.071832165
Htr2c,0.0,0.37483478,-0.07538262,0.25444597,0.06608571
Lrch2,0.0,0.14001481,0.13079457,-0.09963942,0.0866211
Tmem29,0.0,-0.012809824,-0.06471075,-0.050476354,0.04184715
Apex2,0.0,-0.2948334,-0.180201,-0.0758752,-0.24852005
Alas2,0.0,-0.12350495,0.048558116,0.029756865,-0.007070968
Pfkfb1,0.0,0.080127515,-0.1678495,-0.1010034,-0.009188282
Tro,0.0,0.29197362,0.030337349,0.157751,-0.07224797
Maged2,0.0,0.07409668,0.1351245,0.05199039,0.20069163
Gnl3l,0.0,0.35665527,0.21015081,-0.10991517,0.023108795
Fgd1,0.0,-0.2119677,-0.15994522,0.17863826,-0.26095006
Tsr2,0.0,0.25744036,-0.06791322,-0.13081527,0.065814644
Gm15138,0.0,-0.12016923,-0.24097395,-0.19200343,-0.14090294
Wnk3,0.0,0.05519645,0.11010058,-0.029046148,0.057108406
A230072E10Rik,0.0,0.17527089,-0.06000653,0.24520266,-0.06288068
Fam120c,0.0,0.085276745,0.034358002,0.09251693,0.0013812482
Phf8,0.0,-0.19496322,-0.036182307,-0.1371349,-0.23709795
Huwe1,0.0,0.07970436,0.114610285,0.04300823,-0.036899343
Hsd17b10,0.0,-0.1304693,-0.12017994,-0.17510375,-0.104901254
Ribc1,0.0,-0.12539582,0.052059386,0.17429903,0.057689153
Smc1a,0.0,-0.011405032,0.07447116,-0.06628807,-0.05542088
Iqsec2,0.0,-0.12170863,0.09340891,0.18922171,0.0106873065
Kdm5c,0.0,-0.20935696,-0.038088612,0.007861476,0.042657264
Kantr,0.0,-0.10861175,-0.18610656,-0.23390043,-0.08048576
Tspyl2,0.0,0.03951238,0.014301931,-0.027448658,-0.171961
Gpr173,0.0,0.15346795,0.19187142,0.26812422,0.3111472
3010001F23Rik,0.0,0.06456163,0.15514992,0.121123016,0.03180729
Shroom2,0.0,0.08965373,0.25454247,0.075362526,0.14174014
Usp51,0.0,0.33783108,0.19710472,0.3483333,0.2559874
Mageh1,0.0,-0.0236734,0.009467185,0.2875087,0.101128
9530051G07Rik,0.0,-0.03135284,-0.12702484,0.18770304,-0.08187181
Foxr2,0.0,0.004360188,-0.03148207,0.040090494,-0.007014513
Rragb,0.0,0.15147647,-0.027767815,0.06662026,-0.058889143
Klf8,0.0,-0.20298296,-0.06706807,0.036098644,-0.15483586
Ubqln2,0.0,0.2177559,-0.17368805,-0.09933694,0.12981334
Gm45022,0.0,-0.105995364,0.11603886,0.009126514,0.08184755
Nbdy,0.0,-0.18452415,0.050064337,-0.34389427,-0.10562409
Spin2c,0.0,-0.08250414,0.019741464,-0.0690015,-0.08185831
Sat1,0.0,0.036056906,-0.14419551,-0.254748,-0.059310194
Acot9,0.0,-0.09894326,-0.07421802,-0.20623729,0.14112183
Prdx4,0.0,-0.3208568,-0.09011714,-0.0018544979,-0.071020976
Ptchd1,0.0,0.14401206,0.16389015,0.24641149,0.11624226
Gm15155,0.0,0.12096199,-0.3163207,0.08045377,0.0027166223
Phex,0.0,-0.15952095,-0.1291399,-0.053222243,-0.07318766
Sms,0.0,0.3821357,0.31416753,0.25313076,0.21292666
Mbtps2,0.0,0.0092677325,-0.03921771,0.3366733,0.14047535
Gm15169,0.0,0.02639926,-0.11304436,0.104837395,0.05561702
Cnksr2,0.0,0.52219063,0.30234653,0.4120656,0.15342689
Rps6ka3,0.0,0.23077013,0.39900374,0.28780907,0.13731068
Eif1ax,0.0,0.2643345,0.10612055,-0.11257969,-0.15206945
Map7d2,0.0,0.17242959,-0.046818983,-0.30427417,-0.039879438
Bclaf3,0.0,0.08844264,0.22444513,-0.0020463914,0.15205121
Sh3kbp1,0.0,0.28465942,0.37634808,0.28535125,0.21271673
Map3k15,0.0,0.01999177,0.21664314,0.3869769,0.06234529
Pdha1,0.0,0.27722925,0.14105847,-0.014026418,0.02844362
Adgrg2,0.0,0.16809204,0.14573614,0.077145144,0.07181449
Phka2,0.0,-0.010961771,0.26391935,0.16722344,-0.0090919435
Gm15243,0.0,0.12243632,-0.016912334,0.048357487,0.10186422
Ppef1,0.0,-0.00011097081,-0.024313705,0.012528865,0.06277353
Rs1,0.0,0.068853565,-0.092403896,-0.028400632,-0.10887737
Cdkl5,0.0,0.27993536,0.23180522,0.20909537,0.0500492
Scml2,0.0,-0.19084373,-0.04523338,-0.14208789,-0.044444643
Rai2,0.0,-0.12491866,-0.13503997,-0.20242989,-0.35989633
Nhs,0.0,0.21563911,0.20716278,0.29190812,0.16734841
Reps2,0.0,0.30889922,0.15037362,0.10992676,0.04350066
Gm15201,0.0,-0.022482712,0.04879813,0.054157242,-0.0015417337
Rbbp7,0.0,0.09679715,0.14749259,-0.100253984,-0.22064105
Txlng,0.0,-0.06279457,0.24019434,0.07944849,0.023864135
Syap1,0.0,-0.04500318,0.021420449,-0.14479397,-0.05872953
Ctps2,0.0,0.04903923,0.17028385,0.26116937,0.07735354
Grpr,0.0,0.0015619583,0.032579813,0.00753987,0.011613635
Ap1s2,0.0,0.33569974,-0.03790161,0.010544568,0.3158713
Zrsr2,0.0,-0.0007725358,-0.045055836,0.038278356,0.05239417
Car5b,0.0,0.19544533,0.25636548,0.3921122,0.21459746
Siah1b,0.0,-0.039722793,0.13247213,-0.008154677,-0.04751341
Pir,0.0,0.27939034,0.4517297,0.51753414,0.46325043
Vegfd,0.0,0.21104084,0.1444098,0.048579723,0.12209658
Piga,0.0,0.0688729,0.18880443,0.01368849,-0.03954979
Asb11,0.0,-0.05658949,-0.05552291,-0.046623066,-0.007595934
Mospd2,0.0,-0.13113256,-0.1511865,-0.24052581,-0.16828729
Fancb,0.0,-0.08636376,-0.07006685,-0.18014948,-0.09878364
Glra2,0.0,0.1394106,0.29752672,0.11311362,0.17486183
Gemin8,0.0,-0.007936053,-0.03219644,-0.07091339,-0.34255368
Gpm6b,0.0,0.08924516,0.18613201,0.123827435,0.074217156
Ofd1,0.0,0.3846905,0.20732473,0.35128978,0.09895992
Trappc2,0.0,0.26836774,0.042453,-0.020179152,-0.04301825
Rab9,0.0,0.057264645,0.042764783,0.12796956,-0.047455512
Tceanc,0.0,0.08563506,0.03857918,0.07604823,-0.04618893
Egfl6,0.0,0.1755729,0.12971888,0.36952773,0.36880922
Tmsb4x,0.0,0.39797294,0.1728104,-0.18951288,0.26666296
Tlr7,0.0,0.10263744,-0.09494631,-0.0124753555,-0.02849375
Prps2,0.0,-0.010324425,-0.21092182,-0.13145098,-0.020407237
Frmpd4,0.0,0.23976852,-0.029390499,0.22629052,-0.450885
Msl3,0.0,0.24566242,-0.20607156,-0.022160456,-0.027272709
Arhgap6,0.0,0.14141986,0.11559102,-0.07938134,0.08483137
Gm15261,0.0,0.024813842,-0.0645257,-0.043678783,-0.0028036563
Hccs,0.0,0.13027547,-0.19572482,0.0808711,0.111515395
Gm15246,0.0,0.05250001,-0.17795715,-0.04247839,-0.117006764
Mid1,0.0,-0.08032947,0.16052175,-0.15804487,0.08834433
Gm21887,0.0,0.022913076,0.27937678,0.0065977797,0.010548137
Asmt,0.0,-0.1300023,-0.25767016,-0.1559889,-0.055580102
Gm47283,0.0,0.39901894,0.67239946,0.04728934,-0.27341244
mt-Nd1,0.0,0.5576056,-0.15734833,0.042427525,0.3874425
mt-Nd2,0.0,0.40106007,-0.26243654,-0.50069034,0.10332409
mt-Co1,0.0,0.41663387,0.041913882,0.060835212,0.116074406
mt-Co2,0.0,0.40074223,-0.101114884,-0.1313429,0.2316734
mt-Atp6,0.0,0.4202826,-0.1370857,-0.20557782,0.34421223
mt-Co3,0.0,0.24275394,0.009957656,-0.01756841,0.26599312
mt-Nd3,0.0,0.41361296,-0.47641703,-0.34133452,-0.1862193
mt-Nd4l,0.0,0.8713503,-0.012002811,-0.12760878,-0.09513226
mt-Nd4,0.0,0.46381336,0.14854947,-0.10917467,0.4197673
mt-Nd5,0.0,0.44154093,-0.14108646,-0.32809696,-0.03576859
mt-Cytb,0.0,0.30174905,-0.105374575,-0.3347532,0.1878579
CAAA01118383.1,0.0,-0.1574955,-0.3804408,0.04067044,-0.14726831
Vamp7,0.0,-0.01874771,0.16262847,-0.007089421,0.20255679
Spry3,0.0,0.024497397,0.0069494536,-0.09619507,-0.09130805
Tmlhe,0.0,-0.11990965,-0.07597647,-0.13106626,-0.073388435
4933409K07Rik,0.0,0.06582231,-0.0041745827,0.008559618,0.043780208
AC149090.1,0.0,0.009657852,-0.018911138,0.30901805,-0.13586687
